{
    "objects": [
        {
            "data": [
                [
                    405.0,
                    512.0
                ],
                [
                    423.91095675493307,
                    507.20645725411623
                ],
                [
                    439.5479932498383,
                    495.5408913826909
                ],
                [
                    449.5305124284555,
                    478.7792790410299
                ],
                [
                    452.3387662376008,
                    459.47342376375764
                ],
                [
                    447.545223491717,
                    440.56246700882457
                ],
                [
                    435.87965762029125,
                    424.9254305139193
                ],
                [
                    419.11804527863114,
                    414.9429113353026
                ],
                [
                    399.81219000135843,
                    412.13465752615684
                ],
                [
                    380.90123324642536,
                    416.9282002720406
                ],
                [
                    365.2641967515201,
                    428.5937661434659
                ],
                [
                    355.28167757290294,
                    445.35537848512695
                ],
                [
                    352.47342376375764,
                    464.6612337623992
                ],
                [
                    357.2669665096414,
                    483.5721905173323
                ],
                [
                    368.9325323810672,
                    499.20922701223753
                ],
                [
                    385.6941447227273,
                    509.19174619085425
                ]
            ],
            "tags": [
                "mirror ball"
            ],
            "type": "region"
        }
    ],
    "size": [
        2592,
        1728
    ]
}