{
    "objects": [
        {
            "data": [
                [
                    433.0,
                    483.0
                ],
                [
                    451.54362935377276,
                    479.22606972897734
                ],
                [
                    467.23148838257794,
                    468.64307306484693
                ],
                [
                    477.67524276007543,
                    452.86217531461875
                ],
                [
                    481.2849255551605,
                    434.285875106571
                ],
                [
                    477.51099528413806,
                    415.742245752798
                ],
                [
                    466.92799862000766,
                    400.0543867239933
                ],
                [
                    451.1471008697795,
                    389.6106323464958
                ],
                [
                    432.5708006617315,
                    386.0009495514105
                ],
                [
                    414.0271713079587,
                    389.77487982243315
                ],
                [
                    398.33931227915355,
                    400.35787648656355
                ],
                [
                    387.89555790165605,
                    416.13877423679173
                ],
                [
                    384.285875106571,
                    434.7150744448395
                ],
                [
                    388.0598053775934,
                    453.2587037986125
                ],
                [
                    398.6428020417243,
                    468.9465628274172
                ],
                [
                    414.423699791952,
                    479.3903172049147
                ]
            ],
            "tags": [
                "mirror ball"
            ],
            "type": "region"
        }
    ],
    "size": [
        2592,
        1728
    ]
}