{
    "objects": [
        {
            "data": [
                [
                    367.0,
                    518.0
                ],
                [
                    385.43396560621113,
                    513.7224245968466
                ],
                [
                    400.8277718953277,
                    502.71608700281445
                ],
                [
                    410.83785140503323,
                    486.6566023438961
                ],
                [
                    413.9402602715709,
                    467.98888157982105
                ],
                [
                    409.6626848684177,
                    449.55491597360947
                ],
                [
                    398.65634727438555,
                    434.1611096844929
                ],
                [
                    382.5968626154672,
                    424.1510301747878
                ],
                [
                    363.92914185139216,
                    421.04862130824995
                ],
                [
                    345.495176245181,
                    425.3261967114033
                ],
                [
                    330.10136995606445,
                    436.3325343054355
                ],
                [
                    320.0912904463589,
                    452.39201896435384
                ],
                [
                    316.9888815798213,
                    471.0597397284289
                ],
                [
                    321.26645698297443,
                    489.4937053346405
                ],
                [
                    332.2727945770066,
                    504.88751162375706
                ],
                [
                    348.33227923592494,
                    514.8975911334621
                ]
            ],
            "tags": [
                "mirror ball"
            ],
            "type": "region"
        }
    ],
    "size": [
        2592,
        1728
    ]
}