{
    "objects": [
        {
            "data": [
                [
                    392.0,
                    458.0
                ],
                [
                    411.2915081823535,
                    453.98874627125633
                ],
                [
                    427.57949739830156,
                    442.90029048483825
                ],
                [
                    438.38426894070517,
                    426.4227495171258
                ],
                [
                    442.06089428773157,
                    407.0646796111721
                ],
                [
                    438.0496405589879,
                    387.7731714288184
                ],
                [
                    426.9611847725696,
                    371.48518221287054
                ],
                [
                    410.48364380485737,
                    360.6804106704667
                ],
                [
                    391.1255738989039,
                    357.0037853234403
                ],
                [
                    371.8340657165504,
                    361.01503905218397
                ],
                [
                    355.54607650060234,
                    372.10349483860205
                ],
                [
                    344.7413049581987,
                    388.5810358063145
                ],
                [
                    341.0646796111723,
                    407.9391057122682
                ],
                [
                    345.075933339916,
                    427.2306138946219
                ],
                [
                    356.1643891263343,
                    443.51860311056976
                ],
                [
                    372.64193009404653,
                    454.3233746529736
                ]
            ],
            "tags": [
                "mirror ball"
            ],
            "type": "region"
        }
    ],
    "size": [
        2592,
        1728
    ]
}