{
    "objects": [
        {
            "data": [
                [
                    463.0,
                    547.0
                ],
                [
                    481.4644039642485,
                    543.8648922772836
                ],
                [
                    497.3235350826744,
                    533.9024089344337
                ],
                [
                    508.16298440587934,
                    518.6292477502627
                ],
                [
                    512.3325440342578,
                    500.37060906350985
                ],
                [
                    509.19743631154097,
                    481.90620509926134
                ],
                [
                    499.2349529686908,
                    466.0470739808354
                ],
                [
                    483.9617917845203,
                    455.20762465763073
                ],
                [
                    465.7031530977674,
                    451.03806502925227
                ],
                [
                    447.2387491335189,
                    454.17317275196865
                ],
                [
                    431.379618015093,
                    464.1356560948186
                ],
                [
                    420.5401686918881,
                    479.40881727898955
                ],
                [
                    416.3706090635096,
                    497.6674559657424
                ],
                [
                    419.50571678622646,
                    516.1318599299909
                ],
                [
                    429.46820012907665,
                    531.9909910484168
                ],
                [
                    444.7413613132471,
                    542.8304403716215
                ]
            ],
            "tags": [
                "mirror ball"
            ],
            "type": "region"
        }
    ],
    "size": [
        2592,
        1728
    ]
}