{
    "objects": [
        {
            "data": [
                [
                    299.0,
                    389.0
                ],
                [
                    318.45031648422446,
                    384.79716041945403
                ],
                [
                    334.8117087085029,
                    373.47092907978936
                ],
                [
                    345.593303023079,
                    356.7456220299266
                ],
                [
                    349.1536994289545,
                    337.1675156529218
                ],
                [
                    344.950859848409,
                    317.71719916869756
                ],
                [
                    333.6246285087436,
                    301.3558069444191
                ],
                [
                    316.8993214588809,
                    290.5742126298428
                ],
                [
                    297.3212150818763,
                    287.0138162239673
                ],
                [
                    277.87089859765183,
                    291.21665580451327
                ],
                [
                    261.50950637337337,
                    302.54288714417794
                ],
                [
                    250.7279120587973,
                    319.2681941940407
                ],
                [
                    247.1675156529218,
                    338.8463005710455
                ],
                [
                    251.3703552334673,
                    358.29661705526973
                ],
                [
                    262.69658657313266,
                    374.6580092795482
                ],
                [
                    279.4218936229954,
                    385.4396035941245
                ]
            ],
            "tags": [
                "mirror ball"
            ],
            "type": "region"
        }
    ],
    "size": [
        2592,
        1728
    ]
}