{
    "objects": [
        {
            "data": [
                [
                    353.0,
                    453.0
                ],
                [
                    371.9996382654349,
                    450.8682798815464
                ],
                [
                    388.7372412122172,
                    441.6279805099525
                ],
                [
                    400.6646605184469,
                    426.68585370102187
                ],
                [
                    405.966054717077,
                    408.3167028106966
                ],
                [
                    403.8343345986232,
                    389.3170645452617
                ],
                [
                    394.5940352270295,
                    372.5794615984796
                ],
                [
                    379.6519084180986,
                    360.6520422922497
                ],
                [
                    361.28275752777336,
                    355.35064809361984
                ],
                [
                    342.28311926233846,
                    357.4823682120734
                ],
                [
                    325.54551631555614,
                    366.7226675836673
                ],
                [
                    313.61809700932645,
                    381.66479439259797
                ],
                [
                    308.31670281069637,
                    400.03394528292324
                ],
                [
                    310.4484229291502,
                    419.03358354835814
                ],
                [
                    319.6887223007443,
                    435.7711864951402
                ],
                [
                    334.6308491096747,
                    447.69860580137015
                ]
            ],
            "tags": [
                "mirror ball"
            ],
            "type": "region"
        }
    ],
    "size": [
        2592,
        1728
    ]
}