{
    "objects": [
        {
            "data": [
                [
                    392.0,
                    461.0
                ],
                [
                    410.97501421994593,
                    457.39761380731034
                ],
                [
                    427.12706797394185,
                    446.8080193648177
                ],
                [
                    437.9971574966735,
                    430.84338643147885
                ],
                [
                    441.93041019591146,
                    411.9341856516369
                ],
                [
                    438.32802400322134,
                    392.9591714316907
                ],
                [
                    427.73842956072895,
                    376.80711767769503
                ],
                [
                    411.7737966273903,
                    365.9370281549636
                ],
                [
                    392.8645958475481,
                    362.00377545572564
                ],
                [
                    373.8895816276022,
                    365.6061616484153
                ],
                [
                    357.73752787360627,
                    376.19575609090793
                ],
                [
                    346.86743835087464,
                    392.1603890242468
                ],
                [
                    342.93418565163665,
                    411.06958980408876
                ],
                [
                    346.5365718443268,
                    430.0446040240349
                ],
                [
                    357.12616628681917,
                    446.1966577780306
                ],
                [
                    373.0907992201578,
                    457.066747300762
                ]
            ],
            "tags": [
                "mirror ball"
            ],
            "type": "region"
        }
    ],
    "size": [
        2592,
        1728
    ]
}