{
    "objects": [
        {
            "data": [
                [
                    441.0,
                    550.0
                ],
                [
                    460.2607355084151,
                    545.8434976120468
                ],
                [
                    476.4647102252975,
                    534.6326257547462
                ],
                [
                    487.14501588939856,
                    518.0741380415657
                ],
                [
                    490.67567278057095,
                    498.68891412377207
                ],
                [
                    486.5191703926175,
                    479.42817861535696
                ],
                [
                    475.3082985353176,
                    463.22420389847457
                ],
                [
                    458.7498108221366,
                    452.5438982343733
                ],
                [
                    439.364586904343,
                    449.0132413432011
                ],
                [
                    420.1038513959279,
                    453.1697437311543
                ],
                [
                    403.8998766790455,
                    464.38061558845493
                ],
                [
                    393.21957101494445,
                    480.93910330163544
                ],
                [
                    389.68891412377207,
                    500.32432721942905
                ],
                [
                    393.8454165117255,
                    519.5850627278442
                ],
                [
                    405.0562883690254,
                    535.7890374447265
                ],
                [
                    421.6147760822064,
                    546.4693431088278
                ]
            ],
            "tags": [
                "mirror ball"
            ],
            "type": "region"
        }
    ],
    "size": [
        2592,
        1728
    ]
}