{
    "objects": [
        {
            "data": [
                [
                    360.0,
                    468.0
                ],
                [
                    379.29557268779854,
                    463.1358920112539
                ],
                [
                    395.2609438216109,
                    451.2579462109102
                ],
                [
                    405.465530372765,
                    434.1744721732241
                ],
                [
                    408.35577654365443,
                    414.4862739583557
                ],
                [
                    403.49166855490876,
                    395.1907012705576
                ],
                [
                    391.6137227545646,
                    379.22533013674456
                ],
                [
                    374.53024871687876,
                    369.0207435855905
                ],
                [
                    354.84205050201035,
                    366.13049741470104
                ],
                [
                    335.5464778142118,
                    370.99460540344717
                ],
                [
                    319.58110668039944,
                    382.87255120379086
                ],
                [
                    309.37652012924536,
                    399.95602524147694
                ],
                [
                    306.4862739583559,
                    419.64422345634534
                ],
                [
                    311.3503819471016,
                    438.93979614414343
                ],
                [
                    323.22832774744575,
                    454.9051672779565
                ],
                [
                    340.31180178513205,
                    465.10975382911056
                ]
            ],
            "tags": [
                "mirror ball"
            ],
            "type": "region"
        }
    ],
    "size": [
        2592,
        1728
    ]
}