{
    "objects": [
        {
            "data": [
                [
                    350.0,
                    371.0
                ],
                [
                    368.8043014746695,
                    366.5924386586016
                ],
                [
                    384.490510027802,
                    355.3242883154412
                ],
                [
                    394.6705426030185,
                    338.9110227142278
                ],
                [
                    397.79458152296684,
                    319.8514127561232
                ],
                [
                    393.387020181568,
                    301.0471112814539
                ],
                [
                    382.1188698384076,
                    285.3609027283213
                ],
                [
                    365.7056042371946,
                    275.18087015310493
                ],
                [
                    346.6459942790898,
                    272.0568312331566
                ],
                [
                    327.8416928044203,
                    276.46439257455495
                ],
                [
                    312.1554842512878,
                    287.73254291771525
                ],
                [
                    301.9754516760713,
                    304.1458085189288
                ],
                [
                    298.85141275612295,
                    323.2054184770334
                ],
                [
                    303.2589740975218,
                    342.00971995170266
                ],
                [
                    314.5271244406822,
                    357.69592850483536
                ],
                [
                    330.94039004189517,
                    367.87596108005164
                ]
            ],
            "tags": [
                "mirror ball"
            ],
            "type": "region"
        }
    ],
    "size": [
        2592,
        1728
    ]
}