{
    "objects": [
        {
            "data": [
                [
                    427.0,
                    487.0
                ],
                [
                    445.4882616023151,
                    482.96355078998636
                ],
                [
                    461.02450585015276,
                    472.1592065723962
                ],
                [
                    471.24348039318465,
                    456.2318308127328
                ],
                [
                    474.5894389924697,
                    437.60622208838436
                ],
                [
                    470.5529897824563,
                    419.1179604860695
                ],
                [
                    459.74864556486546,
                    403.5817162382318
                ],
                [
                    443.82126980520206,
                    393.3627416951997
                ],
                [
                    425.1956610808538,
                    390.0167830959149
                ],
                [
                    406.7073994785387,
                    394.0532323059283
                ],
                [
                    391.17115523070106,
                    404.8575765235187
                ],
                [
                    380.95218068766917,
                    420.78495228318207
                ],
                [
                    377.60622208838413,
                    439.41056100753053
                ],
                [
                    381.64267129839754,
                    457.8988226098454
                ],
                [
                    392.44701551598837,
                    473.43506685768307
                ],
                [
                    408.37439127565176,
                    483.6540414007154
                ]
            ],
            "tags": [
                "mirror ball"
            ],
            "type": "region"
        }
    ],
    "size": [
        2592,
        1728
    ]
}