{
    "objects": [
        {
            "data": [
                [
                    458.0,
                    538.0
                ],
                [
                    476.5429364784327,
                    534.2226668061376
                ],
                [
                    492.2288531316999,
                    523.636791403158
                ],
                [
                    502.6697113425298,
                    507.8539773599655
                ],
                [
                    506.27598509493964,
                    489.2770150430706
                ],
                [
                    502.4986519010772,
                    470.7340785646379
                ],
                [
                    491.9127764980976,
                    455.0481619113707
                ],
                [
                    476.1299624549051,
                    444.60730370054034
                ],
                [
                    457.55300013801025,
                    441.00102994813096
                ],
                [
                    439.01006365957755,
                    444.7783631419934
                ],
                [
                    423.32414700631034,
                    455.364238544973
                ],
                [
                    412.88328879548044,
                    471.14705258816525
                ],
                [
                    409.2770150430706,
                    489.72401490506036
                ],
                [
                    413.05434823693304,
                    508.2669513834933
                ],
                [
                    423.6402236399126,
                    523.9528680367603
                ],
                [
                    439.4230376831051,
                    534.3937262475906
                ]
            ],
            "tags": [
                "mirror ball"
            ],
            "type": "region"
        }
    ],
    "size": [
        2592,
        1728
    ]
}