{
    "objects": [
        {
            "data": [
                [
                    438.0,
                    539.0
                ],
                [
                    456.2672740394064,
                    534.8684369353466
                ],
                [
                    471.56295390457535,
                    524.0607872532801
                ],
                [
                    481.5584109917163,
                    508.2224176463062
                ],
                [
                    484.7319275683576,
                    489.7645763119092
                ],
                [
                    480.60036450370444,
                    471.49730227250234
                ],
                [
                    469.7927148216372,
                    456.20162240733407
                ],
                [
                    453.9543452146636,
                    446.2061653201929
                ],
                [
                    435.4965038802666,
                    443.0326487435518
                ],
                [
                    417.22922984086017,
                    447.1642118082052
                ],
                [
                    401.9335499756912,
                    457.97186149027175
                ],
                [
                    391.9380928885503,
                    473.8102310972456
                ],
                [
                    388.76457631190897,
                    492.2680724316426
                ],
                [
                    392.89613937656213,
                    510.5353464710495
                ],
                [
                    403.70378905862935,
                    525.8310263362177
                ],
                [
                    419.542158665603,
                    535.8264834233589
                ]
            ],
            "tags": [
                "mirror ball"
            ],
            "type": "region"
        }
    ],
    "size": [
        2592,
        1728
    ]
}