{
    "objects": [
        {
            "data": [
                [
                    451.0,
                    487.0
                ],
                [
                    470.37605710810203,
                    482.46711098527044
                ],
                [
                    486.54253816436085,
                    470.86437156158627
                ],
                [
                    497.03824297747633,
                    453.95819362710813
                ],
                [
                    500.2652956334532,
                    434.32238951747627
                ],
                [
                    495.73240661872387,
                    414.94633240937424
                ],
                [
                    484.1296671950395,
                    398.77985135311565
                ],
                [
                    467.2234892605611,
                    388.28414653999994
                ],
                [
                    447.58768515092925,
                    385.0570938840233
                ],
                [
                    428.2116280428272,
                    389.58998289875285
                ],
                [
                    412.0451469865684,
                    401.192722322437
                ],
                [
                    401.5494421734529,
                    418.09890025691493
                ],
                [
                    398.32238951747604,
                    437.734704366547
                ],
                [
                    402.8552785322054,
                    457.11076147464905
                ],
                [
                    414.4580179558898,
                    473.27724253090764
                ],
                [
                    431.36419589036814,
                    483.77294734402335
                ]
            ],
            "tags": [
                "mirror ball"
            ],
            "type": "region"
        }
    ],
    "size": [
        2592,
        1728
    ]
}