{
    "objects": [
        {
            "data": [
                [
                    372.0,
                    453.0
                ],
                [
                    391.3255133344369,
                    449.15591639182
                ],
                [
                    407.70889244992077,
                    438.20889244992077
                ],
                [
                    418.65591639182,
                    421.8255133344371
                ],
                [
                    422.5,
                    402.5
                ],
                [
                    418.65591639182,
                    383.1744866655629
                ],
                [
                    407.70889244992077,
                    366.79110755007946
                ],
                [
                    391.3255133344369,
                    355.84408360818
                ],
                [
                    372.0,
                    352.0
                ],
                [
                    352.6744866655631,
                    355.84408360818
                ],
                [
                    336.29110755007923,
                    366.79110755007923
                ],
                [
                    325.34408360818,
                    383.1744866655629
                ],
                [
                    321.5,
                    402.5
                ],
                [
                    325.34408360818,
                    421.8255133344371
                ],
                [
                    336.29110755007923,
                    438.20889244992077
                ],
                [
                    352.6744866655631,
                    449.15591639182
                ]
            ],
            "tags": [
                "mirror ball"
            ],
            "type": "region"
        }
    ],
    "size": [
        2592,
        1728
    ]
}