{
    "objects": [
        {
            "data": [
                [
                    410.0,
                    495.0
                ],
                [
                    428.43980799717565,
                    490.7476805943156
                ],
                [
                    443.8486770035238,
                    479.7624407131914
                ],
                [
                    453.88074639457363,
                    463.71668354708004
                ],
                [
                    457.0087245464738,
                    445.053230169372
                ],
                [
                    452.7564051407894,
                    426.6134221721966
                ],
                [
                    441.77116525966494,
                    411.20455316584844
                ],
                [
                    425.72540809355405,
                    401.17248377479837
                ],
                [
                    407.0619547158458,
                    398.0445056228982
                ],
                [
                    388.62214671867014,
                    402.29682502858236
                ],
                [
                    373.213277712322,
                    413.28206490970683
                ],
                [
                    363.18120832127215,
                    429.3278220758182
                ],
                [
                    360.053230169372,
                    447.9912754535262
                ],
                [
                    364.3055495750564,
                    466.43108345070164
                ],
                [
                    375.29078945618085,
                    481.8399524570498
                ],
                [
                    391.3365466222922,
                    491.8720218481001
                ]
            ],
            "tags": [
                "mirror ball"
            ],
            "type": "region"
        }
    ],
    "size": [
        2592,
        1728
    ]
}