{
    "objects": [
        {
            "data": [
                [
                    447.0,
                    468.0
                ],
                [
                    465.7577522590491,
                    463.3983610401758
                ],
                [
                    481.326684655452,
                    451.9687199712407
                ],
                [
                    491.33656836457885,
                    435.45113603598566
                ],
                [
                    494.26348933153804,
                    416.3602616562823
                ],
                [
                    489.6618503717136,
                    397.602509397233
                ],
                [
                    478.2322093027783,
                    382.0335770008305
                ],
                [
                    461.7146253675237,
                    372.02369329170347
                ],
                [
                    442.62375098782013,
                    369.0967723247445
                ],
                [
                    423.86599872877105,
                    373.6984112845687
                ],
                [
                    408.2970663323681,
                    385.1280523535038
                ],
                [
                    398.2871826232413,
                    401.64563628875885
                ],
                [
                    395.3602616562821,
                    420.7365106684622
                ],
                [
                    399.9619006161065,
                    439.4942629275115
                ],
                [
                    411.39154168504183,
                    455.063195323914
                ],
                [
                    427.90912562029644,
                    465.07307903304104
                ]
            ],
            "tags": [
                "mirror ball"
            ],
            "type": "region"
        }
    ],
    "size": [
        2592,
        1728
    ]
}