{
    "objects": [
        {
            "data": [
                [
                    366.0,
                    484.0
                ],
                [
                    385.3177293261042,
                    479.2246460278152
                ],
                [
                    401.33753521625067,
                    467.420219268404
                ],
                [
                    411.62054744356783,
                    450.38383668849156
                ],
                [
                    414.6012706121828,
                    430.7091331006768
                ],
                [
                    409.825916639998,
                    411.3914037745726
                ],
                [
                    398.0214898805866,
                    395.3715978844259
                ],
                [
                    380.9851073006739,
                    385.08858565710943
                ],
                [
                    361.3104037128596,
                    382.107862488494
                ],
                [
                    341.9926743867554,
                    386.8832164606788
                ],
                [
                    325.97286849660895,
                    398.68764322008997
                ],
                [
                    315.6898562692918,
                    415.72402580000244
                ],
                [
                    312.7091331006768,
                    435.3987293878172
                ],
                [
                    317.4844870728616,
                    454.7164587139214
                ],
                [
                    329.288913832273,
                    470.7362646040681
                ],
                [
                    346.3252964121857,
                    481.01927683138456
                ]
            ],
            "tags": [
                "mirror ball"
            ],
            "type": "region"
        }
    ],
    "size": [
        2592,
        1728
    ]
}