{
    "objects": [
        {
            "data": [
                [
                    435.0,
                    450.0
                ],
                [
                    453.89067198906787,
                    445.9786988759995
                ],
                [
                    469.8044918784458,
                    435.0343538770114
                ],
                [
                    480.31872484911264,
                    418.83314231839677
                ],
                [
                    483.8326742430436,
                    399.8415517956066
                ],
                [
                    479.81137311904286,
                    380.950879806539
                ],
                [
                    468.86702812005433,
                    365.03705991716083
                ],
                [
                    452.66581656144035,
                    354.522826946494
                ],
                [
                    433.67422603865,
                    351.00887755256326
                ],
                [
                    414.7835540495821,
                    355.03017867656376
                ],
                [
                    398.8697341602042,
                    365.97452367555184
                ],
                [
                    388.35550118953734,
                    382.17573523416627
                ],
                [
                    384.8415517956064,
                    401.16732575695664
                ],
                [
                    388.8628529196071,
                    420.0579977460243
                ],
                [
                    399.80719791859565,
                    435.97181763540243
                ],
                [
                    416.0084094772096,
                    446.4860506060693
                ]
            ],
            "tags": [
                "mirror ball"
            ],
            "type": "region"
        }
    ],
    "size": [
        2592,
        1728
    ]
}