{
    "objects": [
        {
            "data": [
                [
                    475.0,
                    517.0
                ],
                [
                    493.7299596125981,
                    512.2865125608657
                ],
                [
                    509.2304123918234,
                    500.7641727564919
                ],
                [
                    519.1415549139924,
                    484.18715237182414
                ],
                [
                    521.9545055748358,
                    465.0791524893639
                ],
                [
                    517.2410181357013,
                    446.34919287676576
                ],
                [
                    505.71867833132774,
                    430.8487400975405
                ],
                [
                    489.14165794665996,
                    420.9375975753717
                ],
                [
                    470.0336580641997,
                    418.12464691452806
                ],
                [
                    451.3036984516016,
                    422.8381343536623
                ],
                [
                    435.8032456723763,
                    434.36047415803614
                ],
                [
                    425.8921031502073,
                    450.9374945427037
                ],
                [
                    423.0791524893639,
                    470.0454944251642
                ],
                [
                    427.7926399284984,
                    488.7754540377623
                ],
                [
                    439.31497973287196,
                    504.2759068169876
                ],
                [
                    455.89200011753974,
                    514.1870493391566
                ]
            ],
            "tags": [
                "mirror ball"
            ],
            "type": "region"
        }
    ],
    "size": [
        2592,
        1728
    ]
}