{
    "objects": [
        {
            "data": [
                [
                    324.0,
                    406.0
                ],
                [
                    343.65677554440936,
                    401.8296049359087
                ],
                [
                    360.22132704761225,
                    390.4543399591439
                ],
                [
                    371.17185170128005,
                    373.6059860453845
                ],
                [
                    374.84123139364465,
                    353.8495523472916
                ],
                [
                    370.67083632955337,
                    334.19277680288246
                ],
                [
                    359.295571352789,
                    317.62822529967934
                ],
                [
                    342.4472174390294,
                    306.67770064601154
                ],
                [
                    322.69078374093624,
                    303.00832095364694
                ],
                [
                    303.0340081965269,
                    307.1787160177382
                ],
                [
                    286.469456693324,
                    318.55398099450304
                ],
                [
                    275.5189320396562,
                    335.40233490826245
                ],
                [
                    271.8495523472916,
                    355.15876860635535
                ],
                [
                    276.0199474113829,
                    374.8155441507645
                ],
                [
                    287.39521238814723,
                    391.3800956539676
                ],
                [
                    304.2435663019073,
                    402.3306203076354
                ]
            ],
            "tags": [
                "mirror ball"
            ],
            "type": "region"
        }
    ],
    "size": [
        2592,
        1728
    ]
}