{
    "objects": [
        {
            "data": [
                [
                    425.0,
                    508.0
                ],
                [
                    443.3517721848407,
                    504.2616083854557
                ],
                [
                    458.8759783571463,
                    493.78486571858934
                ],
                [
                    469.20919885446256,
                    478.1647610985224
                ],
                [
                    472.77829452695005,
                    459.7793138570594
                ],
                [
                    469.0399029124055,
                    441.42754167221847
                ],
                [
                    458.56316024553917,
                    425.90333549991306
                ],
                [
                    442.9430556254724,
                    415.5701150025968
                ],
                [
                    424.55760838400965,
                    412.0010193301091
                ],
                [
                    406.20583619916897,
                    415.7394109446534
                ],
                [
                    390.68163002686333,
                    426.21615361151976
                ],
                [
                    380.3484095295471,
                    441.8362582315867
                ],
                [
                    376.7793138570596,
                    460.2217054730497
                ],
                [
                    380.51770547160413,
                    478.57347765789063
                ],
                [
                    390.9944481384705,
                    494.09768383019605
                ],
                [
                    406.61455275853723,
                    504.4309043275123
                ]
            ],
            "tags": [
                "mirror ball"
            ],
            "type": "region"
        }
    ],
    "size": [
        2592,
        1728
    ]
}