{
    "objects": [
        {
            "data": [
                [
                    440.0,
                    502.0
                ],
                [
                    458.7976772919119,
                    497.56427239817594
                ],
                [
                    474.4669871369588,
                    486.2726347884952
                ],
                [
                    484.62241915387995,
                    469.84413663808186
                ],
                [
                    487.71790087731915,
                    450.77986786562997
                ],
                [
                    483.2821732754951,
                    431.9821905737183
                ],
                [
                    471.9905356658146,
                    416.3128807286714
                ],
                [
                    455.56203751540124,
                    406.1574487117505
                ],
                [
                    436.4977687429491,
                    403.0619669883108
                ],
                [
                    417.7000914510372,
                    407.49769459013487
                ],
                [
                    402.03078160599034,
                    418.7893321998156
                ],
                [
                    391.8753495890692,
                    435.2178303502287
                ],
                [
                    388.77986786562997,
                    454.28209912268085
                ],
                [
                    393.215595467454,
                    473.07977641459274
                ],
                [
                    404.5072330771345,
                    488.7490862596394
                ],
                [
                    420.9357312275479,
                    498.90451827656057
                ]
            ],
            "tags": [
                "mirror ball"
            ],
            "type": "region"
        }
    ],
    "size": [
        2592,
        1728
    ]
}