{
    "objects": [
        {
            "data": [
                [
                    478.0,
                    461.0
                ],
                [
                    496.8431828668663,
                    456.76174441848207
                ],
                [
                    512.6301036517561,
                    445.63513293699066
                ],
                [
                    522.9573467739629,
                    429.3140912905983
                ],
                [
                    526.2526830848219,
                    410.283350119357
                ],
                [
                    522.0144275033044,
                    391.4401672524905
                ],
                [
                    510.8878160218128,
                    375.65324646760087
                ],
                [
                    494.5667743754202,
                    365.3260033453944
                ],
                [
                    475.53603320417915,
                    362.0306670345349
                ],
                [
                    456.69285033731285,
                    366.2689226160528
                ],
                [
                    440.905929552423,
                    377.3955340975442
                ],
                [
                    430.5786864302163,
                    393.7165757439366
                ],
                [
                    427.28335011935724,
                    412.74731691517786
                ],
                [
                    431.5216057008747,
                    431.5904997820444
                ],
                [
                    442.64821718236635,
                    447.377420566934
                ],
                [
                    458.96925882875894,
                    457.7046636891405
                ]
            ],
            "tags": [
                "mirror ball"
            ],
            "type": "region"
        }
    ],
    "size": [
        2592,
        1728
    ]
}