{
    "objects": [
        {
            "data": [
                [
                    444.0,
                    507.0
                ],
                [
                    463.1619763460817,
                    502.40967245848424
                ],
                [
                    479.1086917954244,
                    490.83579191633817
                ],
                [
                    489.41240347820167,
                    474.0403767686146
                ],
                [
                    492.5044646940896,
                    454.58037672073715
                ],
                [
                    487.91413715257386,
                    435.4184003746557
                ],
                [
                    476.3402566104278,
                    419.47168492531273
                ],
                [
                    459.54484146270397,
                    409.1679732425355
                ],
                [
                    440.08484141482677,
                    406.07591202664753
                ],
                [
                    420.92286506874507,
                    410.6662395681633
                ],
                [
                    404.97614961940235,
                    422.24012011030936
                ],
                [
                    394.6724379366251,
                    439.03553525803295
                ],
                [
                    391.58037672073715,
                    458.4955353059104
                ],
                [
                    396.1707042622529,
                    477.65751165199185
                ],
                [
                    407.744584804399,
                    493.6042271013348
                ],
                [
                    424.5399999521228,
                    503.90793878411205
                ]
            ],
            "tags": [
                "mirror ball"
            ],
            "type": "region"
        }
    ],
    "size": [
        2592,
        1728
    ]
}