{
    "objects": [
        {
            "data": [
                [
                    427.0,
                    525.0
                ],
                [
                    445.99201428825836,
                    521.4883416733635
                ],
                [
                    462.1944941086108,
                    510.97606320485374
                ],
                [
                    473.14075878425547,
                    495.0635636972595
                ],
                [
                    477.16433874646054,
                    476.1733769534453
                ],
                [
                    473.65268041982426,
                    457.1813626651872
                ],
                [
                    463.1404019513143,
                    440.97888284483406
                ],
                [
                    447.22790244372027,
                    430.0326181691901
                ],
                [
                    428.33771569990586,
                    426.00903820698477
                ],
                [
                    409.3457014116475,
                    429.5206965336213
                ],
                [
                    393.14322159129506,
                    440.032975002131
                ],
                [
                    382.1969569156504,
                    455.94547450972505
                ],
                [
                    378.1733769534453,
                    474.83566125353946
                ],
                [
                    381.6850352800816,
                    493.8276755417978
                ],
                [
                    392.19731374859157,
                    510.0301553621507
                ],
                [
                    408.1098132561856,
                    520.9764200377947
                ]
            ],
            "tags": [
                "mirror ball"
            ],
            "type": "region"
        }
    ],
    "size": [
        2592,
        1728
    ]
}