{
    "objects": [
        {
            "data": [
                [
                    470.0,
                    530.0
                ],
                [
                    488.2368832165271,
                    525.7362921377335
                ],
                [
                    503.4539159977403,
                    514.8181866462362
                ],
                [
                    513.3344430454463,
                    498.90786611371595
                ],
                [
                    516.3742436838329,
                    480.42753261383405
                ],
                [
                    512.1105358215664,
                    462.1906493973074
                ],
                [
                    501.1924303300693,
                    446.9736166160935
                ],
                [
                    485.28210979754886,
                    437.0930895683873
                ],
                [
                    466.80177629766695,
                    434.05328893000114
                ],
                [
                    448.56489308113987,
                    438.3169967922677
                ],
                [
                    433.34786029992665,
                    449.23510228376495
                ],
                [
                    423.46733325222067,
                    465.14542281628496
                ],
                [
                    420.42753261383405,
                    483.6257563161671
                ],
                [
                    424.6912404761006,
                    501.8626395326937
                ],
                [
                    435.6093459675976,
                    517.0796723139076
                ],
                [
                    451.5196665001181,
                    526.9601993616138
                ]
            ],
            "tags": [
                "mirror ball"
            ],
            "type": "region"
        }
    ],
    "size": [
        2592,
        1728
    ]
}