{
    "objects": [
        {
            "data": [
                [
                    383.0,
                    483.0
                ],
                [
                    402.08572924752434,
                    478.95806030057884
                ],
                [
                    418.1718605047772,
                    467.92000256300526
                ],
                [
                    428.80942610898455,
                    451.5662710175825
                ],
                [
                    432.3789531266775,
                    432.3865730451553
                ],
                [
                    428.33701342725635,
                    413.30084379763093
                ],
                [
                    417.29895568968277,
                    397.21471254037806
                ],
                [
                    400.94522414426,
                    386.5771469361712
                ],
                [
                    381.7655261718328,
                    383.00761991847776
                ],
                [
                    362.67979692430845,
                    387.0495596178989
                ],
                [
                    346.5936656670556,
                    398.0876173554725
                ],
                [
                    335.9561000628487,
                    414.44134890089526
                ],
                [
                    332.3865730451553,
                    433.6210468733225
                ],
                [
                    336.42851274457644,
                    452.7067761208468
                ],
                [
                    347.46657048215,
                    468.7929073780997
                ],
                [
                    363.8203020275728,
                    479.4304729823066
                ]
            ],
            "tags": [
                "mirror ball"
            ],
            "type": "region"
        }
    ],
    "size": [
        2592,
        1728
    ]
}