{
    "objects": [
        {
            "data": [
                [
                    483.0,
                    488.0
                ],
                [
                    501.3688047535243,
                    484.34621756054185
                ],
                [
                    516.9411254969541,
                    473.9411254969543
                ],
                [
                    527.3462175605418,
                    458.3688047535243
                ],
                [
                    531.0,
                    440.0
                ],
                [
                    527.3462175605418,
                    421.6311952464757
                ],
                [
                    516.9411254969541,
                    406.0588745030457
                ],
                [
                    501.3688047535243,
                    395.65378243945815
                ],
                [
                    483.0,
                    392.0
                ],
                [
                    464.6311952464757,
                    395.65378243945815
                ],
                [
                    449.0588745030459,
                    406.0588745030457
                ],
                [
                    438.65378243945815,
                    421.6311952464757
                ],
                [
                    435.0,
                    440.0
                ],
                [
                    438.65378243945815,
                    458.3688047535243
                ],
                [
                    449.0588745030459,
                    473.9411254969543
                ],
                [
                    464.6311952464757,
                    484.34621756054185
                ]
            ],
            "tags": [
                "mirror ball"
            ],
            "type": "region"
        }
    ],
    "size": [
        2592,
        1728
    ]
}