{
    "objects": [
        {
            "data": [
                [
                    447.0,
                    506.0
                ],
                [
                    466.4457549187573,
                    501.776105172248
                ],
                [
                    482.79487531179484,
                    490.4321669561673
                ],
                [
                    493.5583558044177,
                    473.6951971121
                ],
                [
                    497.09755406281784,
                    454.1132475777961
                ],
                [
                    492.8736592350656,
                    434.66749265903877
                ],
                [
                    481.52972101898513,
                    418.31837226600146
                ],
                [
                    464.7927511749176,
                    407.55489177337836
                ],
                [
                    445.2108016406137,
                    404.01569351497847
                ],
                [
                    425.7650467218564,
                    408.2395883427305
                ],
                [
                    409.41592632881884,
                    419.5835265588112
                ],
                [
                    398.65244583619597,
                    436.32049640287846
                ],
                [
                    395.11324757779585,
                    455.9024459371824
                ],
                [
                    399.3371424055481,
                    475.3482008559397
                ],
                [
                    410.68108062162855,
                    491.697321248977
                ],
                [
                    427.41805046569607,
                    502.4608017416001
                ]
            ],
            "tags": [
                "mirror ball"
            ],
            "type": "region"
        }
    ],
    "size": [
        2592,
        1728
    ]
}