{
    "objects": [
        {
            "data": [
                [
                    426.0,
                    505.0
                ],
                [
                    444.9088980903125,
                    501.0652923947732
                ],
                [
                    460.87269460657217,
                    490.19397454844557
                ],
                [
                    471.46104624135523,
                    474.04110605437836
                ],
                [
                    475.0619724419121,
                    455.065814714676
                ],
                [
                    471.1272648366853,
                    436.15691662436393
                ],
                [
                    460.25594699035764,
                    420.1931201081038
                ],
                [
                    444.10307849629044,
                    409.60476847332075
                ],
                [
                    425.12778715658806,
                    406.0038422727639
                ],
                [
                    406.21888906627555,
                    409.9385498779907
                ],
                [
                    390.2550925500159,
                    420.80986772431834
                ],
                [
                    379.6667409152328,
                    436.96273621838554
                ],
                [
                    376.065814714676,
                    455.9380275580879
                ],
                [
                    380.00052231990276,
                    474.8469256484
                ],
                [
                    390.8718401662304,
                    490.8107221646601
                ],
                [
                    407.0247086602981,
                    501.39907379944316
                ]
            ],
            "tags": [
                "mirror ball"
            ],
            "type": "region"
        }
    ],
    "size": [
        2592,
        1728
    ]
}