{
    "objects": [
        {
            "data": [
                [
                    422.0,
                    486.0
                ],
                [
                    440.86023818035665,
                    481.8382976189239
                ],
                [
                    456.69221166180387,
                    470.775885286562
                ],
                [
                    467.0856459989882,
                    454.49691499949904
                ],
                [
                    470.45823503079055,
                    435.4797124147076
                ],
                [
                    466.2965326497142,
                    416.61947423435095
                ],
                [
                    455.23412031735234,
                    400.7875007529035
                ],
                [
                    438.9551500302896,
                    390.3940664157192
                ],
                [
                    419.93794744549814,
                    387.02147738391704
                ],
                [
                    401.0777092651415,
                    391.18317976499316
                ],
                [
                    385.2457357836943,
                    402.24559209735503
                ],
                [
                    374.85230144650995,
                    418.5245623844178
                ],
                [
                    371.4797124147076,
                    437.54176496920945
                ],
                [
                    375.64141479578393,
                    456.4020031495661
                ],
                [
                    386.7038271281458,
                    472.23397663101355
                ],
                [
                    402.98279741520855,
                    482.62741096819786
                ]
            ],
            "tags": [
                "mirror ball"
            ],
            "type": "region"
        }
    ],
    "size": [
        2592,
        1728
    ]
}