{
    "objects": [
        {
            "data": [
                [
                    339.0,
                    403.0
                ],
                [
                    359.24848906448733,
                    397.1747740816754
                ],
                [
                    375.7264362267192,
                    384.0442057880764
                ],
                [
                    385.92522340420874,
                    365.60730511300494
                ],
                [
                    388.2921777014194,
                    344.67092305332017
                ],
                [
                    382.4669517830953,
                    324.42243398883306
                ],
                [
                    369.3363834894958,
                    307.94448682660095
                ],
                [
                    350.8994828144241,
                    297.74569964911143
                ],
                [
                    329.96310075473957,
                    295.37874535190076
                ],
                [
                    309.71461169025224,
                    301.20397127022534
                ],
                [
                    293.23666452802036,
                    314.33453956382436
                ],
                [
                    283.03787735053083,
                    332.7714402388958
                ],
                [
                    280.67092305332017,
                    353.7078222985806
                ],
                [
                    286.4961489716443,
                    373.9563113630677
                ],
                [
                    299.62671726524377,
                    390.4342585252998
                ],
                [
                    318.06361794031545,
                    400.63304570278933
                ]
            ],
            "tags": [
                "mirror ball"
            ],
            "type": "region"
        }
    ],
    "size": [
        2592,
        1728
    ]
}