{
    "objects": [
        {
            "data": [
                [
                    416.0,
                    511.0
                ],
                [
                    434.82001022392114,
                    506.6600039055386
                ],
                [
                    450.5465878695759,
                    495.4482642330506
                ],
                [
                    460.7855040521936,
                    479.0716667129989
                ],
                [
                    463.97797659897833,
                    460.0233998635854
                ],
                [
                    459.63798050451715,
                    441.203389639664
                ],
                [
                    448.4262408320292,
                    425.4768119940097
                ],
                [
                    432.04964331197743,
                    415.2378958113916
                ],
                [
                    413.0013764625637,
                    412.04542326460705
                ],
                [
                    394.18136623864257,
                    416.38541935906846
                ],
                [
                    378.4547885929878,
                    427.59715903155643
                ],
                [
                    368.21587241037014,
                    443.9737565516082
                ],
                [
                    365.0233998635854,
                    463.02202340102167
                ],
                [
                    369.36339595804657,
                    481.84203362494304
                ],
                [
                    380.575135630535,
                    497.56861127059733
                ],
                [
                    396.9517331505863,
                    507.80752745321547
                ]
            ],
            "tags": [
                "mirror ball"
            ],
            "type": "region"
        }
    ],
    "size": [
        2592,
        1728
    ]
}