{
    "objects": [
        {
            "data": [
                [
                    444.0,
                    512.0
                ],
                [
                    462.84502437240417,
                    508.7757882693145
                ],
                [
                    479.0217042679742,
                    498.5853264330158
                ],
                [
                    490.067286814578,
                    482.9800199289141
                ],
                [
                    494.30018219795056,
                    464.33563520980283
                ],
                [
                    491.07597046726505,
                    445.49061083739866
                ],
                [
                    480.8855086309659,
                    429.3139309418284
                ],
                [
                    465.28020212686397,
                    418.2683483952246
                ],
                [
                    446.63581740775317,
                    414.0354530118525
                ],
                [
                    427.790793035349,
                    417.259664742538
                ],
                [
                    411.61411313977896,
                    427.4501265788367
                ],
                [
                    400.5685305931752,
                    443.0554330829384
                ],
                [
                    396.3356352098026,
                    461.69981780204967
                ],
                [
                    399.5598469404881,
                    480.54484217445383
                ],
                [
                    409.7503087767873,
                    496.7215220700241
                ],
                [
                    425.3556152808892,
                    507.7671046166279
                ]
            ],
            "tags": [
                "mirror ball"
            ],
            "type": "region"
        }
    ],
    "size": [
        2592,
        1728
    ]
}