{
    "objects": [
        {
            "data": [
                [
                    382.0,
                    395.0
                ],
                [
                    400.783760668623,
                    391.43617901337666
                ],
                [
                    416.7738774464583,
                    380.9554037409082
                ],
                [
                    427.5360000048504,
                    365.1532772093635
                ],
                [
                    431.4316927431678,
                    346.43552993653657
                ],
                [
                    427.86787175654445,
                    327.6517692679138
                ],
                [
                    417.38709648407576,
                    311.6616524900785
                ],
                [
                    401.5849699525311,
                    300.8995299316862
                ],
                [
                    382.86722267970435,
                    297.0038371933688
                ],
                [
                    364.08346201108134,
                    300.5676581799921
                ],
                [
                    348.09334523324605,
                    311.0484334524606
                ],
                [
                    337.33122267485396,
                    326.85055998400526
                ],
                [
                    333.43552993653657,
                    345.5683072568322
                ],
                [
                    336.9993509231599,
                    364.352067925455
                ],
                [
                    347.4801261956286,
                    380.3421847032903
                ],
                [
                    363.2822527271733,
                    391.1043072616826
                ]
            ],
            "tags": [
                "mirror ball"
            ],
            "type": "region"
        }
    ],
    "size": [
        2592,
        1728
    ]
}