{
    "objects": [
        {
            "data": [
                [
                    435.0,
                    540.0
                ],
                [
                    453.8731844260742,
                    535.897408069545
                ],
                [
                    469.73973926909457,
                    524.8846523589223
                ],
                [
                    480.1841253848902,
                    508.6383250941949
                ],
                [
                    483.6162796659264,
                    489.63178232809446
                ],
                [
                    479.5136877354712,
                    470.7585979020205
                ],
                [
                    468.5009320248482,
                    454.89204305899966
                ],
                [
                    452.2546047601213,
                    444.44765694320427
                ],
                [
                    433.24806199402065,
                    441.0155026621683
                ],
                [
                    414.37487756794644,
                    445.11809459262327
                ],
                [
                    398.5083227249261,
                    456.130850303246
                ],
                [
                    388.06393660913045,
                    472.3771775679734
                ],
                [
                    384.63178232809423,
                    491.3837203340738
                ],
                [
                    388.73437425854945,
                    510.2569047601478
                ],
                [
                    399.7471299691724,
                    526.1234596031686
                ],
                [
                    415.99345723389933,
                    536.567845718964
                ]
            ],
            "tags": [
                "mirror ball"
            ],
            "type": "region"
        }
    ],
    "size": [
        2592,
        1728
    ]
}