{
    "objects": [
        {
            "data": [
                [
                    468.0,
                    490.0
                ],
                [
                    487.16424390361453,
                    485.41914854759875
                ],
                [
                    503.1166806452584,
                    473.853155013534
                ],
                [
                    513.428696340216,
                    457.0628370673742
                ],
                [
                    516.5303800775846,
                    437.60436841181127
                ],
                [
                    511.9495286251836,
                    418.44012450819696
                ],
                [
                    500.3835350911186,
                    402.4876877665529
                ],
                [
                    483.593217144959,
                    392.1756720715955
                ],
                [
                    464.13474848939586,
                    389.07398833422667
                ],
                [
                    444.9705045857818,
                    393.6548397866279
                ],
                [
                    429.0180678441375,
                    405.2208333206927
                ],
                [
                    418.70605214917987,
                    422.0111512668525
                ],
                [
                    415.60436841181127,
                    441.4696199224154
                ],
                [
                    420.1852198642123,
                    460.6338638260297
                ],
                [
                    431.7512133982773,
                    476.5863005676738
                ],
                [
                    448.5415313444373,
                    486.89831626263117
                ]
            ],
            "tags": [
                "mirror ball"
            ],
            "type": "region"
        }
    ],
    "size": [
        2592,
        1728
    ]
}