{
    "objects": [
        {
            "data": [
                [
                    326.0,
                    445.0
                ],
                [
                    346.18848522770895,
                    439.69182890726756
                ],
                [
                    362.8088643886472,
                    427.0619194584324
                ],
                [
                    373.3308354196756,
                    409.03306087666556
                ],
                [
                    376.15252361322337,
                    388.3499834490308
                ],
                [
                    370.8443525204907,
                    368.16149822132206
                ],
                [
                    358.21444307165575,
                    351.54111906038315
                ],
                [
                    340.18558448988915,
                    341.0191480293554
                ],
                [
                    319.50250706225415,
                    338.1974598358074
                ],
                [
                    299.3140218345452,
                    343.50563092853986
                ],
                [
                    282.693642673607,
                    356.13554037737504
                ],
                [
                    272.17167164257853,
                    374.16439895914186
                ],
                [
                    269.3499834490308,
                    394.84747638677663
                ],
                [
                    274.65815454176345,
                    415.03596161448536
                ],
                [
                    287.2880639905984,
                    431.65634077542427
                ],
                [
                    305.31692257236546,
                    442.17831180645203
                ]
            ],
            "tags": [
                "mirror ball"
            ],
            "type": "region"
        }
    ],
    "size": [
        2592,
        1728
    ]
}