{
    "objects": [
        {
            "data": [
                [
                    392.0,
                    489.0
                ],
                [
                    410.9463118486501,
                    484.348161140231
                ],
                [
                    426.67023992052873,
                    472.7999827802489
                ],
                [
                    436.7779587044547,
                    456.1135703908633
                ],
                [
                    439.73065964227453,
                    436.82927899565357
                ],
                [
                    435.0788207825058,
                    417.8829671470032
                ],
                [
                    423.53064242252367,
                    402.1590390751246
                ],
                [
                    406.84423003313805,
                    392.05132029119864
                ],
                [
                    387.5599386379281,
                    389.09861935337904
                ],
                [
                    368.613626789278,
                    393.750458213148
                ],
                [
                    352.88969871739937,
                    405.2986365731301
                ],
                [
                    342.7819799334734,
                    421.9850489625155
                ],
                [
                    339.82927899565357,
                    441.26934035772547
                ],
                [
                    344.4811178554223,
                    460.21565220637603
                ],
                [
                    356.02929621540443,
                    475.9395802782544
                ],
                [
                    372.71570860479005,
                    486.0472990621804
                ]
            ],
            "tags": [
                "mirror ball"
            ],
            "type": "region"
        }
    ],
    "size": [
        2592,
        1728
    ]
}