{
    "objects": [
        {
            "data": [
                [
                    434.0,
                    457.0
                ],
                [
                    453.0059554007239,
                    452.59818256293283
                ],
                [
                    468.88066598581327,
                    441.2581692788483
                ],
                [
                    479.2073509732986,
                    424.7063743727722
                ],
                [
                    482.41386618546767,
                    405.46265857675985
                ],
                [
                    478.0120487484005,
                    386.45670317603617
                ],
                [
                    466.6720354643162,
                    370.5819925909466
                ],
                [
                    450.12024055823986,
                    360.255307603461
                ],
                [
                    430.87652476222775,
                    357.04879239129195
                ],
                [
                    411.87056936150384,
                    361.4506098283591
                ],
                [
                    395.9958587764145,
                    372.79062311244365
                ],
                [
                    385.66917378892913,
                    389.34241801851977
                ],
                [
                    382.4626585767601,
                    408.5861338145321
                ],
                [
                    386.86447601382724,
                    427.5920892152558
                ],
                [
                    398.20448929791155,
                    443.4667998003456
                ],
                [
                    414.7562842039879,
                    453.79348478783095
                ]
            ],
            "tags": [
                "mirror ball"
            ],
            "type": "region"
        }
    ],
    "size": [
        2592,
        1728
    ]
}