{
    "objects": [
        {
            "data": [
                [
                    486.0,
                    510.0
                ],
                [
                    504.0492797162942,
                    506.7559705475885
                ],
                [
                    519.4832034972069,
                    496.8517178200925
                ],
                [
                    529.9520963559621,
                    481.79507451299924
                ],
                [
                    533.8621642555645,
                    463.8782780810018
                ],
                [
                    530.6181348031528,
                    445.8289983647078
                ],
                [
                    520.7138820756572,
                    430.3950745837949
                ],
                [
                    505.65723876856373,
                    419.92618172503967
                ],
                [
                    487.74044233656605,
                    416.0161138254375
                ],
                [
                    469.6911626202718,
                    419.260143277849
                ],
                [
                    454.25723883935916,
                    429.164396005345
                ],
                [
                    443.78834598060394,
                    444.2210393124383
                ],
                [
                    439.87827808100155,
                    462.13783574443573
                ],
                [
                    443.1223075334133,
                    480.18711546072973
                ],
                [
                    453.0265602609088,
                    495.6210392416426
                ],
                [
                    468.0832035680028,
                    506.08993210039785
                ]
            ],
            "tags": [
                "mirror ball"
            ],
            "type": "region"
        }
    ],
    "size": [
        2592,
        1728
    ]
}