{
    "objects": [
        {
            "data": [
                [
                    388.0,
                    454.0
                ],
                [
                    407.02591409434535,
                    449.6852659041192
                ],
                [
                    422.95238945987467,
                    438.41806927519883
                ],
                [
                    433.3547645960448,
                    421.9137386626003
                ],
                [
                    436.6493721861393,
                    402.68490878996226
                ],
                [
                    432.33463809025807,
                    383.6589946956169
                ],
                [
                    421.06744146133815,
                    367.7325193300876
                ],
                [
                    404.5631108487396,
                    357.3301441939175
                ],
                [
                    385.3342809761016,
                    354.03553660382295
                ],
                [
                    366.3083668817562,
                    358.35027069970374
                ],
                [
                    350.3818915162269,
                    369.6174673286241
                ],
                [
                    339.9795163800568,
                    386.12179794122267
                ],
                [
                    336.68490878996226,
                    405.3506278138607
                ],
                [
                    340.9996428858435,
                    424.37654190820604
                ],
                [
                    352.26683951476343,
                    440.30301727373535
                ],
                [
                    368.771170127362,
                    450.70539240990547
                ]
            ],
            "tags": [
                "mirror ball"
            ],
            "type": "region"
        }
    ],
    "size": [
        2592,
        1728
    ]
}