{
    "objects": [
        {
            "data": [
                [
                    349.0,
                    493.0
                ],
                [
                    368.3095967267004,
                    489.07674641676203
                ],
                [
                    384.6479737762734,
                    478.0626699773975
                ],
                [
                    395.5277613506787,
                    461.6345639769486
                ],
                [
                    399.29261041723294,
                    442.29345863283106
                ],
                [
                    395.36935683399497,
                    422.98386190613087
                ],
                [
                    384.3552803946309,
                    406.6454848565577
                ],
                [
                    367.9271743941813,
                    395.76569728215236
                ],
                [
                    348.586069050064,
                    392.0008482155981
                ],
                [
                    329.2764723233636,
                    395.9241017988361
                ],
                [
                    312.9380952737906,
                    406.93817823820063
                ],
                [
                    302.0583076993853,
                    423.36628423864954
                ],
                [
                    298.29345863283106,
                    442.70738958276706
                ],
                [
                    302.216712216069,
                    462.01698630946726
                ],
                [
                    313.2307886554331,
                    478.35536335904044
                ],
                [
                    329.6588946558827,
                    489.23515093344577
                ]
            ],
            "tags": [
                "mirror ball"
            ],
            "type": "region"
        }
    ],
    "size": [
        2592,
        1728
    ]
}