{
    "objects": [
        {
            "data": [
                [
                    423.0,
                    479.0
                ],
                [
                    441.91308665087763,
                    474.21486773641914
                ],
                [
                    457.5553094652878,
                    462.5562570615609
                ],
                [
                    467.54528181683963,
                    445.7990857651039
                ],
                [
                    470.3621209743337,
                    426.49448127279766
                ],
                [
                    465.57698871075263,
                    407.58139462192
                ],
                [
                    453.9183780358944,
                    391.9391718075101
                ],
                [
                    437.16120673943806,
                    381.94919945595825
                ],
                [
                    417.8566022471314,
                    379.13236029846394
                ],
                [
                    398.94351559625375,
                    383.9174925620448
                ],
                [
                    383.3012927818436,
                    395.576103236903
                ],
                [
                    373.31132043029174,
                    412.33327453336005
                ],
                [
                    370.49448127279766,
                    431.6378790256663
                ],
                [
                    375.27961353637875,
                    450.5509656765439
                ],
                [
                    386.93822421123696,
                    466.19318849095407
                ],
                [
                    403.6953955076938,
                    476.1831608425057
                ]
            ],
            "tags": [
                "mirror ball"
            ],
            "type": "region"
        }
    ],
    "size": [
        2592,
        1728
    ]
}