{
    "objects": [
        {
            "data": [
                [
                    364.0,
                    494.0
                ],
                [
                    382.97201665324656,
                    488.67881323996926
                ],
                [
                    398.46354451605976,
                    476.502401251955
                ],
                [
                    408.1161389023764,
                    459.3245123816823
                ],
                [
                    410.46027981786574,
                    439.76032449170066
                ],
                [
                    405.13909305783545,
                    420.78830783845433
                ],
                [
                    392.9626810698205,
                    405.29677997564113
                ],
                [
                    375.7847921995485,
                    395.644185589324
                ],
                [
                    356.2206043095666,
                    393.3000446738347
                ],
                [
                    337.24858765632007,
                    398.62123143386543
                ],
                [
                    321.75705979350687,
                    410.7976434218797
                ],
                [
                    312.1044654071902,
                    427.97553229215237
                ],
                [
                    309.7603244917009,
                    447.53972018213403
                ],
                [
                    315.0815112517312,
                    466.51173683538036
                ],
                [
                    327.2579232397461,
                    482.0032646981938
                ],
                [
                    344.4358121100181,
                    491.65585908451067
                ]
            ],
            "tags": [
                "mirror ball"
            ],
            "type": "region"
        }
    ],
    "size": [
        2592,
        1728
    ]
}