{
    "objects": [
        {
            "data": [
                [
                    383.0,
                    474.0
                ],
                [
                    402.18916659298566,
                    469.5246977875431
                ],
                [
                    418.20502084266036,
                    458.0466815356224
                ],
                [
                    428.609294123592,
                    441.3133751701164
                ],
                [
                    431.81803014372963,
                    421.8722728973735
                ],
                [
                    427.34272793127275,
                    402.6831063043876
                ],
                [
                    415.86471167935224,
                    386.6672520547129
                ],
                [
                    399.13140531384624,
                    376.2629787737819
                ],
                [
                    379.6903030411031,
                    373.05424275364385
                ],
                [
                    360.50113644811745,
                    377.52954496610073
                ],
                [
                    344.48528219844275,
                    389.00756121802146
                ],
                [
                    334.0810089175111,
                    405.74086758352746
                ],
                [
                    330.8722728973735,
                    425.18196985627037
                ],
                [
                    335.34757510983036,
                    444.37113644925626
                ],
                [
                    346.82559136175087,
                    460.38699069893096
                ],
                [
                    363.55889772725686,
                    470.7912639798619
                ]
            ],
            "tags": [
                "mirror ball"
            ],
            "type": "region"
        }
    ],
    "size": [
        2592,
        1728
    ]
}