{
    "objects": [
        {
            "data": [
                [
                    315.0,
                    330.0
                ],
                [
                    334.73868785555305,
                    326.23632871588006
                ],
                [
                    351.5345629186272,
                    315.20548103043484
                ],
                [
                    362.83060546585557,
                    298.58680350889017
                ],
                [
                    366.90709541830256,
                    278.9103391552143
                ],
                [
                    363.1434241341826,
                    259.1716512996609
                ],
                [
                    352.1125764487374,
                    242.37577623658694
                ],
                [
                    335.49389892719273,
                    231.07973368935893
                ],
                [
                    315.81743457351695,
                    227.0032437369116
                ],
                [
                    296.0787467179639,
                    230.76691502103165
                ],
                [
                    279.28287165488973,
                    241.79776270647676
                ],
                [
                    267.9868291076614,
                    258.41644022802143
                ],
                [
                    263.9103391552144,
                    278.0929045816973
                ],
                [
                    267.6740104393343,
                    297.8315924372507
                ],
                [
                    278.70485812477955,
                    314.62746750032466
                ],
                [
                    295.3235356463242,
                    325.9235100475528
                ]
            ],
            "tags": [
                "mirror ball"
            ],
            "type": "region"
        }
    ],
    "size": [
        2592,
        1728
    ]
}