{
    "objects": [
        {
            "data": [
                [
                    313.0,
                    582.0
                ],
                [
                    331.6084854024102,
                    577.6119758536363
                ],
                [
                    347.12126005510163,
                    566.4368110917353
                ],
                [
                    357.1766446408528,
                    550.1758232461757
                ],
                [
                    360.24379800877205,
                    531.3046003102222
                ],
                [
                    355.85577386240857,
                    512.6961149078115
                ],
                [
                    344.68060910050735,
                    497.18334025512104
                ],
                [
                    328.41962125494774,
                    487.1279556693696
                ],
                [
                    309.54839831899426,
                    484.06080230145017
                ],
                [
                    290.93991291658403,
                    488.4488264478139
                ],
                [
                    275.42713826389263,
                    499.62399120971463
                ],
                [
                    265.37175367814143,
                    515.8849790552745
                ],
                [
                    262.3046003102222,
                    534.756201991228
                ],
                [
                    266.6926244565857,
                    553.3646873936386
                ],
                [
                    277.8677892184869,
                    568.8774620463294
                ],
                [
                    294.1287770640465,
                    578.9328466320806
                ]
            ],
            "tags": [
                "mirror ball"
            ],
            "type": "region"
        }
    ],
    "size": [
        2592,
        1728
    ]
}