{
    "objects": [
        {
            "data": [
                [
                    410.0,
                    532.0
                ],
                [
                    429.2019295988812,
                    527.5797800840026
                ],
                [
                    445.2506544107482,
                    516.1477690474808
                ],
                [
                    455.70290156504643,
                    499.4443869393074
                ],
                [
                    458.9674111823906,
                    480.0125722689156
                ],
                [
                    454.54719126639293,
                    460.810642670034
                ],
                [
                    443.11518022987093,
                    444.7619178581672
                ],
                [
                    426.41179812169776,
                    434.3096707038692
                ],
                [
                    406.979983451306,
                    431.04516108652524
                ],
                [
                    387.7780538524248,
                    435.4653810025227
                ],
                [
                    371.7293290405578,
                    446.89739203904446
                ],
                [
                    361.27708188625957,
                    463.60077414721786
                ],
                [
                    358.0125722689154,
                    483.0325888176096
                ],
                [
                    362.43279218491307,
                    502.23451841649126
                ],
                [
                    373.86480322143507,
                    518.2832432283581
                ],
                [
                    390.56818532960824,
                    528.735490382656
                ]
            ],
            "tags": [
                "mirror ball"
            ],
            "type": "region"
        }
    ],
    "size": [
        2592,
        1728
    ]
}