{
    "objects": [
        {
            "data": [
                [
                    406.0,
                    505.0
                ],
                [
                    424.95917370121833,
                    501.3151548885364
                ],
                [
                    441.06503706211106,
                    490.65544024279257
                ],
                [
                    451.865618385998,
                    474.64370098702966
                ],
                [
                    455.71662707383075,
                    455.7175792761593
                ],
                [
                    452.0317819623665,
                    436.7584055749412
                ],
                [
                    441.3720673166231,
                    420.65254221404825
                ],
                [
                    425.36032806085996,
                    409.8519608901613
                ],
                [
                    406.43420634998984,
                    406.0009522023288
                ],
                [
                    387.4750326487715,
                    409.68579731379236
                ],
                [
                    371.3691692878788,
                    420.3455119595362
                ],
                [
                    360.56858796399183,
                    436.35725121529913
                ],
                [
                    356.7175792761591,
                    455.2833729261695
                ],
                [
                    360.40242438762334,
                    474.2425466273876
                ],
                [
                    371.06213903336675,
                    490.34840998828054
                ],
                [
                    387.0738782891299,
                    501.1489913121675
                ]
            ],
            "tags": [
                "mirror ball"
            ],
            "type": "region"
        }
    ],
    "size": [
        2592,
        1728
    ]
}