{
    "objects": [
        {
            "data": [
                [
                    437.0,
                    527.0
                ],
                [
                    455.4205950258315,
                    522.6652084023617
                ],
                [
                    470.7801528197051,
                    511.61112663690915
                ],
                [
                    480.74031994224106,
                    495.52063844693157
                ],
                [
                    483.78475123817407,
                    476.8433747987149
                ],
                [
                    479.4499596405353,
                    458.42277977288313
                ],
                [
                    468.395877875083,
                    443.06322197900977
                ],
                [
                    452.30538968510564,
                    433.1030548564736
                ],
                [
                    433.6281260368887,
                    430.05862356054104
                ],
                [
                    415.2075310110572,
                    434.3934151581793
                ],
                [
                    399.8479732171836,
                    445.4474969236319
                ],
                [
                    389.88780609464766,
                    461.53798511360947
                ],
                [
                    386.84337479871465,
                    480.21524876182616
                ],
                [
                    391.1781663963534,
                    498.6358437876579
                ],
                [
                    402.2322481618057,
                    513.9954015815313
                ],
                [
                    418.3227363517831,
                    523.9555687040674
                ]
            ],
            "tags": [
                "mirror ball"
            ],
            "type": "region"
        }
    ],
    "size": [
        2592,
        1728
    ]
}