{
    "objects": [
        {
            "data": [
                [
                    413.0,
                    455.0
                ],
                [
                    432.00654276610067,
                    451.567845718964
                ],
                [
                    448.2528700308276,
                    441.1234596031686
                ],
                [
                    459.26562574145055,
                    425.2569047601478
                ],
                [
                    463.36821767190577,
                    406.3837203340738
                ],
                [
                    459.93606339086955,
                    387.3771775679734
                ],
                [
                    449.4916772750739,
                    371.130850303246
                ],
                [
                    433.62512243205356,
                    360.11809459262327
                ],
                [
                    414.75193800597935,
                    356.0155026621683
                ],
                [
                    395.7453952398787,
                    359.44765694320427
                ],
                [
                    379.4990679751518,
                    369.89204305899966
                ],
                [
                    368.4863122645288,
                    385.7585979020205
                ],
                [
                    364.3837203340736,
                    404.63178232809446
                ],
                [
                    367.8158746151098,
                    423.6383250941949
                ],
                [
                    378.26026073090543,
                    439.88465235892227
                ],
                [
                    394.1268155739258,
                    450.897408069545
                ]
            ],
            "tags": [
                "mirror ball"
            ],
            "type": "region"
        }
    ],
    "size": [
        2592,
        1728
    ]
}