{
    "objects": [
        {
            "data": [
                [
                    446.0,
                    502.0
                ],
                [
                    465.0989458972158,
                    498.02097963579195
                ],
                [
                    481.22136593376854,
                    487.0359939913528
                ],
                [
                    491.9127678091945,
                    470.7174075519058
                ],
                [
                    495.5454825057586,
                    451.5495771745018
                ],
                [
                    491.5664621415508,
                    432.45063127728577
                ],
                [
                    480.5814764971119,
                    416.32821124073325
                ],
                [
                    464.2628900576642,
                    405.6368093653075
                ],
                [
                    445.0950596802604,
                    402.00409466874316
                ],
                [
                    425.9961137830446,
                    405.9831150329512
                ],
                [
                    409.8736937464919,
                    416.96810067739034
                ],
                [
                    399.18229187106635,
                    433.28668711683736
                ],
                [
                    395.5495771745018,
                    452.4545174942414
                ],
                [
                    399.5285975387096,
                    471.5534633914574
                ],
                [
                    410.5135831831485,
                    487.6758834280099
                ],
                [
                    426.8321696225962,
                    498.36728530343566
                ]
            ],
            "tags": [
                "mirror ball"
            ],
            "type": "region"
        }
    ],
    "size": [
        2592,
        1728
    ]
}