{
    "objects": [
        {
            "data": [
                [
                    395.0,
                    468.0
                ],
                [
                    414.6088850596643,
                    463.60993775548127
                ],
                [
                    431.04512853362576,
                    452.0500536618347
                ],
                [
                    441.80646134789185,
                    435.08023528170816
                ],
                [
                    445.2545681332149,
                    415.2839836316889
                ],
                [
                    440.86450588869593,
                    395.6750985720246
                ],
                [
                    429.30462179504957,
                    379.23885509806314
                ],
                [
                    412.33480341492304,
                    368.47752228379727
                ],
                [
                    392.5385517649038,
                    365.029415498474
                ],
                [
                    372.92966670523947,
                    369.41947774299274
                ],
                [
                    356.49342323127803,
                    380.9793618366393
                ],
                [
                    345.73209041701193,
                    397.94918021676585
                ],
                [
                    342.2839836316889,
                    417.7454318667851
                ],
                [
                    346.67404587620786,
                    437.3543169264494
                ],
                [
                    358.2339299698542,
                    453.79056040041087
                ],
                [
                    375.20374834998074,
                    464.55189321467674
                ]
            ],
            "tags": [
                "mirror ball"
            ],
            "type": "region"
        }
    ],
    "size": [
        2592,
        1728
    ]
}