{
    "objects": [
        {
            "data": [
                [
                    451.0,
                    425.0
                ],
                [
                    469.4899661172567,
                    420.9713659531592
                ],
                [
                    485.0307758650288,
                    410.1735897152389
                ],
                [
                    495.25648183701014,
                    394.2505348363775
                ],
                [
                    498.61031299522165,
                    375.6263420790292
                ],
                [
                    494.5816789483806,
                    357.13637596177296
                ],
                [
                    483.783902710461,
                    341.5955662140004
                ],
                [
                    467.86084783159913,
                    331.3698602420193
                ],
                [
                    449.23665507425085,
                    328.01602908380755
                ],
                [
                    430.74668895699415,
                    332.04466313064836
                ],
                [
                    415.2058792092221,
                    342.84243936856865
                ],
                [
                    404.9801732372407,
                    358.76549424743007
                ],
                [
                    401.6263420790292,
                    377.38968700477835
                ],
                [
                    405.65497612587023,
                    395.8796531220346
                ],
                [
                    416.45275236378984,
                    411.4204628698071
                ],
                [
                    432.3758072426522,
                    421.6461688417885
                ]
            ],
            "tags": [
                "mirror ball"
            ],
            "type": "region"
        }
    ],
    "size": [
        2592,
        1728
    ]
}