{
    "objects": [
        {
            "data": [
                [
                    399.0,
                    518.0
                ],
                [
                    418.2211026260811,
                    513.6639121014632
                ],
                [
                    434.3197369345676,
                    502.3022917140447
                ],
                [
                    444.8450317864763,
                    485.6448425483841
                ],
                [
                    448.19460645263825,
                    466.2275102397998
                ],
                [
                    443.85851855410147,
                    447.0064076137187
                ],
                [
                    432.49689816668297,
                    430.90777330523224
                ],
                [
                    415.83944900102233,
                    420.382478453324
                ],
                [
                    396.42211669243807,
                    417.03290378716156
                ],
                [
                    377.20101406635695,
                    421.36899168569835
                ],
                [
                    361.1023797578705,
                    432.73061207311684
                ],
                [
                    350.5770849059618,
                    449.3880612387775
                ],
                [
                    347.2275102397998,
                    468.80539354736175
                ],
                [
                    351.5635981383366,
                    488.02649617344287
                ],
                [
                    362.9252185257551,
                    504.1251304819293
                ],
                [
                    379.58266769141574,
                    514.6504253338376
                ]
            ],
            "tags": [
                "mirror ball"
            ],
            "type": "region"
        }
    ],
    "size": [
        2592,
        1728
    ]
}