{
    "objects": [
        {
            "data": [
                [
                    451.0,
                    514.0
                ],
                [
                    469.4327287472879,
                    509.7170979196858
                ],
                [
                    484.8233538966615,
                    498.70631244306674
                ],
                [
                    494.82879228549245,
                    482.64393584593927
                ],
                [
                    497.9258066186071,
                    463.97531935940924
                ],
                [
                    493.6429045382929,
                    445.54259061212133
                ],
                [
                    482.6321190616736,
                    430.15196546274797
                ],
                [
                    466.5697424645459,
                    420.1465270739168
                ],
                [
                    447.90112597801635,
                    417.04951274080213
                ],
                [
                    429.46839723072844,
                    421.33241482111634
                ],
                [
                    414.07777208135485,
                    432.3432002977354
                ],
                [
                    404.0723336925239,
                    448.40557689486286
                ],
                [
                    400.97531935940924,
                    467.0741933813929
                ],
                [
                    405.25822143972346,
                    485.5069221286808
                ],
                [
                    416.26900691634273,
                    500.89754727805416
                ],
                [
                    432.3313835134704,
                    510.90298566688557
                ]
            ],
            "tags": [
                "mirror ball"
            ],
            "type": "region"
        }
    ],
    "size": [
        2592,
        1728
    ]
}