{
    "objects": [
        {
            "data": [
                [
                    415.0,
                    474.0
                ],
                [
                    433.95938915261786,
                    470.3162635968313
                ],
                [
                    450.0658758489458,
                    459.6574908143075
                ],
                [
                    460.86739349513164,
                    443.64638318655216
                ],
                [
                    464.71950894554675,
                    424.72048670883896
                ],
                [
                    461.0357725423778,
                    405.7610975562211
                ],
                [
                    450.37699975985424,
                    389.65461085989364
                ],
                [
                    434.3658921320989,
                    378.8530932137071
                ],
                [
                    415.4399956543857,
                    375.0009777632922
                ],
                [
                    396.48060650176785,
                    378.68471416646094
                ],
                [
                    380.37411980543993,
                    389.3434869489847
                ],
                [
                    369.5726021592541,
                    405.35459457674006
                ],
                [
                    365.72048670883896,
                    424.28049105445325
                ],
                [
                    369.4042231120079,
                    443.2398802070711
                ],
                [
                    380.0629958945319,
                    459.3463669033986
                ],
                [
                    396.0741035222868,
                    470.1478845495851
                ]
            ],
            "tags": [
                "mirror ball"
            ],
            "type": "region"
        }
    ],
    "size": [
        2592,
        1728
    ]
}