{
    "objects": [
        {
            "data": [
                [
                    418.0,
                    509.0
                ],
                [
                    436.54798697154183,
                    504.362903474768
                ],
                [
                    451.9095524893514,
                    492.9807775870943
                ],
                [
                    461.74603745627974,
                    476.58644782414945
                ],
                [
                    464.5599262040714,
                    457.675802277372
                ],
                [
                    459.92282967883966,
                    439.1278153058304
                ],
                [
                    448.5407037911659,
                    423.7662497880208
                ],
                [
                    432.14637402822063,
                    413.929764821092
                ],
                [
                    413.2357284814434,
                    411.11587607330057
                ],
                [
                    394.68774150990157,
                    415.75297259853255
                ],
                [
                    379.326175992092,
                    427.1350984862063
                ],
                [
                    369.48969102516367,
                    443.5294282491511
                ],
                [
                    366.675802277372,
                    462.4400737959286
                ],
                [
                    371.31289880260374,
                    480.9880607674702
                ],
                [
                    382.6950246902775,
                    496.3496262852798
                ],
                [
                    399.08935445322277,
                    506.18611125220855
                ]
            ],
            "tags": [
                "mirror ball"
            ],
            "type": "region"
        }
    ],
    "size": [
        2592,
        1728
    ]
}