{
    "objects": [
        {
            "data": [
                [
                    451.0,
                    478.0
                ],
                [
                    469.95953597016205,
                    474.31701931520456
                ],
                [
                    486.06644750911437,
                    463.6588885407766
                ],
                [
                    496.8686033445679,
                    447.648211470927
                ],
                [
                    500.72147317236204,
                    428.7224685523911
                ],
                [
                    497.0384924875666,
                    409.76293258222904
                ],
                [
                    486.3803617131389,
                    393.65602104327695
                ],
                [
                    470.369684643289,
                    382.8538652078232
                ],
                [
                    451.44394172475313,
                    379.00099538002905
                ],
                [
                    432.4844057545911,
                    382.6839760648245
                ],
                [
                    416.37749421563876,
                    393.34210683925244
                ],
                [
                    405.57533838018526,
                    409.3527839091021
                ],
                [
                    401.7224685523911,
                    428.27852682763796
                ],
                [
                    405.40544923718653,
                    447.2380627978
                ],
                [
                    416.06358001161425,
                    463.3449743367521
                ],
                [
                    432.0742570814641,
                    474.14713017220583
                ]
            ],
            "tags": [
                "mirror ball"
            ],
            "type": "region"
        }
    ],
    "size": [
        2592,
        1728
    ]
}