{
    "objects": [
        {
            "data": [
                [
                    417.0,
                    460.0
                ],
                [
                    435.59208964139225,
                    456.47254453364826
                ],
                [
                    451.419041962311,
                    446.09871594763354
                ],
                [
                    462.0713469435768,
                    430.45783560518635
                ],
                [
                    465.9272877151766,
                    411.9310857535106
                ],
                [
                    462.3998322488251,
                    393.3389961121186
                ],
                [
                    452.0260036628106,
                    377.51204379119963
                ],
                [
                    436.3851233203627,
                    366.859738809934
                ],
                [
                    417.8583734686872,
                    363.003798038334
                ],
                [
                    399.26628382729496,
                    366.53125350468576
                ],
                [
                    383.4393315063762,
                    376.9050820907005
                ],
                [
                    372.7870265251104,
                    392.5459624331477
                ],
                [
                    368.9310857535106,
                    411.0727122848234
                ],
                [
                    372.4585412198621,
                    429.66480192621543
                ],
                [
                    382.8323698058771,
                    445.4917542471344
                ],
                [
                    398.4732501483245,
                    456.1440592284
                ]
            ],
            "tags": [
                "mirror ball"
            ],
            "type": "region"
        }
    ],
    "size": [
        2592,
        1728
    ]
}