{
    "objects": [
        {
            "data": [
                [
                    449.0,
                    558.0
                ],
                [
                    468.1612063610546,
                    553.4064594031126
                ],
                [
                    484.1059808539335,
                    541.8299050453843
                ],
                [
                    494.40687610183477,
                    525.0327623860528
                ],
                [
                    497.4956741811152,
                    505.57224412852383
                ],
                [
                    492.9021335842276,
                    486.411037767469
                ],
                [
                    481.3255792264995,
                    470.4662632745908
                ],
                [
                    464.5284365671678,
                    460.16536802668884
                ],
                [
                    445.067918309639,
                    457.07656994740864
                ],
                [
                    425.9067119485844,
                    461.670110544296
                ],
                [
                    409.96193745570554,
                    473.24666490202435
                ],
                [
                    399.66104220780426,
                    490.04380756135583
                ],
                [
                    396.57224412852383,
                    509.5043258188848
                ],
                [
                    401.1657847254114,
                    528.6655321799396
                ],
                [
                    412.74233908313954,
                    544.6103066728178
                ],
                [
                    429.53948174247125,
                    554.9112019207198
                ]
            ],
            "tags": [
                "mirror ball"
            ],
            "type": "region"
        }
    ],
    "size": [
        2592,
        1728
    ]
}