{
    "objects": [
        {
            "data": [
                [
                    442.0,
                    515.0
                ],
                [
                    460.6130956195925,
                    510.6315727845474
                ],
                [
                    476.13762897836295,
                    499.4727489722802
                ],
                [
                    486.21013060268433,
                    483.2223583336263
                ],
                [
                    489.2971534277076,
                    464.35437553316297
                ],
                [
                    484.92872621225524,
                    445.74127991357045
                ],
                [
                    473.7699023999876,
                    430.2167465547998
                ],
                [
                    457.51951176133434,
                    420.14424493047886
                ],
                [
                    438.65152896087056,
                    417.05722210545537
                ],
                [
                    420.03843334127805,
                    421.42564932090795
                ],
                [
                    404.5138999825076,
                    432.58447313317515
                ],
                [
                    394.44139835818623,
                    448.8348637718291
                ],
                [
                    391.35437553316297,
                    467.7028465722924
                ],
                [
                    395.7228027486153,
                    486.3159421918849
                ],
                [
                    406.881626560883,
                    501.8404755506556
                ],
                [
                    423.1320171995362,
                    511.9129771749765
                ]
            ],
            "tags": [
                "mirror ball"
            ],
            "type": "region"
        }
    ],
    "size": [
        2592,
        1728
    ]
}