{
    "objects": [
        {
            "data": [
                [
                    484.0,
                    478.0
                ],
                [
                    502.30188698236,
                    474.0245695738804
                ],
                [
                    517.689294411101,
                    463.34792184109847
                ],
                [
                    527.8196289923926,
                    447.5954796349174
                ],
                [
                    531.1506391179455,
                    429.16540948498437
                ],
                [
                    527.1752086918259,
                    410.8635225026246
                ],
                [
                    516.4985609590444,
                    395.47611507388365
                ],
                [
                    500.74611875286337,
                    385.34578049259153
                ],
                [
                    482.3160486029301,
                    382.01477036703864
                ],
                [
                    464.0141616205701,
                    385.99020079315824
                ],
                [
                    448.62675419182915,
                    396.66684852594017
                ],
                [
                    438.4964196105375,
                    412.419290732121
                ],
                [
                    435.1654094849846,
                    430.84936088205427
                ],
                [
                    439.1408399111042,
                    449.151247864414
                ],
                [
                    449.81748764388567,
                    464.538655293155
                ],
                [
                    465.5699298500667,
                    474.6689898744471
                ]
            ],
            "tags": [
                "mirror ball"
            ],
            "type": "region"
        }
    ],
    "size": [
        2592,
        1728
    ]
}