{
    "objects": [
        {
            "data": [
                [
                    357.0,
                    538.0
                ],
                [
                    375.975152186194,
                    534.3983405992208
                ],
                [
                    392.12761153560496,
                    523.8093648275012
                ],
                [
                    402.9983125346944,
                    507.8451482567814
                ],
                [
                    406.9322894994998,
                    488.93609814396996
                ],
                [
                    403.3306300987206,
                    469.9609459577762
                ],
                [
                    392.741654327001,
                    453.808486608365
                ],
                [
                    376.7774377562814,
                    442.93778560927603
                ],
                [
                    357.86838764346976,
                    439.00380864447015
                ],
                [
                    338.89323545727575,
                    442.6054680452494
                ],
                [
                    322.7407761078648,
                    453.19444381696894
                ],
                [
                    311.8700751087754,
                    469.15866038768854
                ],
                [
                    307.93609814396996,
                    488.0677105005002
                ],
                [
                    311.5377575447492,
                    507.042862686694
                ],
                [
                    322.12673331646874,
                    523.1953220361052
                ],
                [
                    338.09094988718834,
                    534.0660230351941
                ]
            ],
            "tags": [
                "mirror ball"
            ],
            "type": "region"
        }
    ],
    "size": [
        2592,
        1728
    ]
}