{
    "objects": [
        {
            "data": [
                [
                    426.0,
                    478.0
                ],
                [
                    444.95953597016205,
                    474.31701931520456
                ],
                [
                    461.06644750911437,
                    463.6588885407766
                ],
                [
                    471.8686033445679,
                    447.648211470927
                ],
                [
                    475.72147317236204,
                    428.7224685523911
                ],
                [
                    472.0384924875666,
                    409.76293258222904
                ],
                [
                    461.3803617131389,
                    393.65602104327695
                ],
                [
                    445.369684643289,
                    382.8538652078232
                ],
                [
                    426.44394172475313,
                    379.00099538002905
                ],
                [
                    407.4844057545911,
                    382.6839760648245
                ],
                [
                    391.37749421563876,
                    393.34210683925244
                ],
                [
                    380.57533838018526,
                    409.3527839091021
                ],
                [
                    376.7224685523911,
                    428.27852682763796
                ],
                [
                    380.40544923718653,
                    447.2380627978
                ],
                [
                    391.06358001161425,
                    463.3449743367521
                ],
                [
                    407.0742570814641,
                    474.14713017220583
                ]
            ],
            "tags": [
                "mirror ball"
            ],
            "type": "region"
        }
    ],
    "size": [
        2592,
        1728
    ]
}