{
    "objects": [
        {
            "data": [
                [
                    316.0,
                    427.0
                ],
                [
                    335.047026261077,
                    423.80013413745496
                ],
                [
                    351.41964832750455,
                    413.554862174331
                ],
                [
                    362.6252829078571,
                    397.823933893392
                ],
                [
                    366.95797371660683,
                    379.0022405241914
                ],
                [
                    363.758107854062,
                    359.9552142631144
                ],
                [
                    353.5128358909378,
                    343.5825921966871
                ],
                [
                    337.7819076099995,
                    332.37695761633427
                ],
                [
                    318.96021424079845,
                    328.04426680758434
                ],
                [
                    299.91318797972144,
                    331.2441326701294
                ],
                [
                    283.5405659132939,
                    341.48940463325334
                ],
                [
                    272.3349313329413,
                    357.22033291419234
                ],
                [
                    268.0022405241916,
                    376.04202628339294
                ],
                [
                    271.20210638673643,
                    395.08905254446995
                ],
                [
                    281.4473783498606,
                    411.46167461089726
                ],
                [
                    297.1783066307994,
                    422.66730919125007
                ]
            ],
            "tags": [
                "mirror ball"
            ],
            "type": "region"
        }
    ],
    "size": [
        2592,
        1728
    ]
}