{
    "objects": [
        {
            "data": [
                [
                    432.0,
                    463.0
                ],
                [
                    450.58900200153676,
                    458.53015778045005
                ],
                [
                    466.05246591786,
                    447.2868589500638
                ],
                [
                    476.036219544359,
                    430.9817938350093
                ],
                [
                    479.02032689435146,
                    412.0972607932706
                ],
                [
                    474.5504846748022,
                    393.5082587917341
                ],
                [
                    463.30718584441547,
                    378.0447948754106
                ],
                [
                    447.0021207293612,
                    368.0610412489116
                ],
                [
                    428.1175876876223,
                    365.0769338989189
                ],
                [
                    409.52858568608553,
                    369.54677611846887
                ],
                [
                    394.0651217697623,
                    380.79007494885514
                ],
                [
                    384.08136814326326,
                    397.09514006390964
                ],
                [
                    381.09726079327083,
                    415.9796731056483
                ],
                [
                    385.5671030128201,
                    434.56867510718484
                ],
                [
                    396.8104018432068,
                    450.0321390235083
                ],
                [
                    413.11546695826155,
                    460.01589265000734
                ]
            ],
            "tags": [
                "mirror ball"
            ],
            "type": "region"
        }
    ],
    "size": [
        2592,
        1728
    ]
}