{
    "objects": [
        {
            "data": [
                [
                    435.0,
                    528.0
                ],
                [
                    453.585823589302,
                    523.516960139799
                ],
                [
                    469.0413005171922,
                    512.2626846050409
                ],
                [
                    479.0134745256464,
                    495.95053482563094
                ],
                [
                    481.98417251986075,
                    477.06388773547815
                ],
                [
                    477.50113265965956,
                    458.4780641461764
                ],
                [
                    466.2468571249019,
                    443.02258721828616
                ],
                [
                    449.9347073454919,
                    433.0504132098315
                ],
                [
                    431.0480602553389,
                    430.0797152156174
                ],
                [
                    412.4622366660369,
                    434.56275507581836
                ],
                [
                    397.0067597381467,
                    445.81703061057647
                ],
                [
                    387.0345857296925,
                    462.12918038998646
                ],
                [
                    384.06388773547815,
                    481.01582748013925
                ],
                [
                    388.54692759567934,
                    499.601651069441
                ],
                [
                    399.801203130437,
                    515.0571279973312
                ],
                [
                    416.11335290984744,
                    525.0293020057859
                ]
            ],
            "tags": [
                "mirror ball"
            ],
            "type": "region"
        }
    ],
    "size": [
        2592,
        1728
    ]
}