{
    "objects": [
        {
            "data": [
                [
                    361.0,
                    480.0
                ],
                [
                    379.7178991197029,
                    476.1050369160382
                ],
                [
                    395.5204451661016,
                    465.3435303610877
                ],
                [
                    406.0018437540689,
                    449.35382215483924
                ],
                [
                    409.5663969627012,
                    430.57020042462887
                ],
                [
                    405.6714338787392,
                    411.85230130492573
                ],
                [
                    394.90992732378845,
                    396.04975525852706
                ],
                [
                    378.92021911754046,
                    385.56835667056
                ],
                [
                    360.13659738732986,
                    382.0038034619279
                ],
                [
                    341.41869826762695,
                    385.89876654588966
                ],
                [
                    325.6161522212283,
                    396.6602731008402
                ],
                [
                    315.13475363326097,
                    412.64998130708864
                ],
                [
                    311.57020042462864,
                    431.433603037299
                ],
                [
                    315.46516350859065,
                    450.15150215700214
                ],
                [
                    326.2266700635414,
                    465.9540482034008
                ],
                [
                    342.2163782697894,
                    476.4354467913679
                ]
            ],
            "tags": [
                "mirror ball"
            ],
            "type": "region"
        }
    ],
    "size": [
        2592,
        1728
    ]
}