{
    "objects": [
        {
            "data": [
                [
                    445.0,
                    517.0
                ],
                [
                    464.308909309766,
                    513.0733645835887
                ],
                [
                    480.64535709737675,
                    502.05642680084475
                ],
                [
                    491.52226727743664,
                    485.6264155604017
                ],
                [
                    495.28372887446767,
                    466.2846511351936
                ],
                [
                    491.35709345805617,
                    446.9757418254276
                ],
                [
                    480.3401556753129,
                    430.63929403781685
                ],
                [
                    463.9101444348689,
                    419.7623838577572
                ],
                [
                    444.56838000966127,
                    416.00092226072593
                ],
                [
                    425.25947069989525,
                    419.9275576771372
                ],
                [
                    408.9230229122845,
                    430.9444954598812
                ],
                [
                    398.0461127322246,
                    447.3745067003242
                ],
                [
                    394.2846511351936,
                    466.71627112553233
                ],
                [
                    398.2112865516051,
                    486.02518043529835
                ],
                [
                    409.2282243343484,
                    502.3616282229091
                ],
                [
                    425.65823557479234,
                    513.2385384029687
                ]
            ],
            "tags": [
                "mirror ball"
            ],
            "type": "region"
        }
    ],
    "size": [
        2592,
        1728
    ]
}