{
    "objects": [
        {
            "data": [
                [
                    371.0,
                    476.0
                ],
                [
                    390.3914749443534,
                    471.5335280859715
                ],
                [
                    406.5976169480241,
                    459.98624991173756
                ],
                [
                    417.1511877999965,
                    443.1161339029875
                ],
                [
                    420.44550200641606,
                    423.4915022940713
                ],
                [
                    415.9790300923878,
                    404.1000273497182
                ],
                [
                    404.4317519181536,
                    387.8938853460472
                ],
                [
                    387.5616359094033,
                    377.3403144940746
                ],
                [
                    367.9370043004874,
                    374.04600028765526
                ],
                [
                    348.545529356134,
                    378.51247220168375
                ],
                [
                    332.3393873524633,
                    390.0597503759177
                ],
                [
                    321.7858165004909,
                    406.9298663846678
                ],
                [
                    318.4915022940713,
                    426.55449799358394
                ],
                [
                    322.9579742080996,
                    445.9459729379371
                ],
                [
                    334.50525238233377,
                    462.15211494160803
                ],
                [
                    351.37536839108407,
                    472.70568579358064
                ]
            ],
            "tags": [
                "mirror ball"
            ],
            "type": "region"
        }
    ],
    "size": [
        2592,
        1728
    ]
}