{
    "objects": [
        {
            "data": [
                [
                    368.0,
                    487.0
                ],
                [
                    386.693948623546,
                    482.14565804782455
                ],
                [
                    402.10722889852605,
                    470.50696645068365
                ],
                [
                    411.8933086248071,
                    453.8558104992394
                ],
                [
                    414.5623458750965,
                    434.72717774399507
                ],
                [
                    409.7080039229213,
                    416.0332291204486
                ],
                [
                    398.0693123257797,
                    400.61994884546925
                ],
                [
                    381.4181563743359,
                    390.8338691191882
                ],
                [
                    362.2895236190916,
                    388.16483186889855
                ],
                [
                    343.5955749955456,
                    393.019173821074
                ],
                [
                    328.18229472056555,
                    404.6578654182149
                ],
                [
                    318.3962149942845,
                    421.30902136965915
                ],
                [
                    315.72717774399507,
                    440.4376541249035
                ],
                [
                    320.5815196961703,
                    459.13160274844995
                ],
                [
                    332.2202112933119,
                    474.5448830234295
                ],
                [
                    348.8713672447557,
                    484.33096274971035
                ]
            ],
            "tags": [
                "mirror ball"
            ],
            "type": "region"
        }
    ],
    "size": [
        2592,
        1728
    ]
}