{
    "objects": [
        {
            "data": [
                [
                    421.0,
                    485.0
                ],
                [
                    439.90431665759434,
                    480.1803372365921
                ],
                [
                    455.5252228045142,
                    468.4931806708282
                ],
                [
                    465.4845770837587,
                    451.71779394550754
                ],
                [
                    468.266158088084,
                    432.4080776203011
                ],
                [
                    463.44649532467565,
                    413.50376096270725
                ],
                [
                    451.7593387589118,
                    397.88285481578714
                ],
                [
                    434.9839520335913,
                    387.92350053654263
                ],
                [
                    415.6742357083849,
                    385.14191953221734
                ],
                [
                    396.7699190507906,
                    389.96158229562525
                ],
                [
                    381.1490129038707,
                    401.6487388613891
                ],
                [
                    371.1896586246262,
                    418.4241255867098
                ],
                [
                    368.4080776203009,
                    437.7338419119162
                ],
                [
                    373.22774038370926,
                    456.6381585695101
                ],
                [
                    384.91489694947313,
                    472.2590647164302
                ],
                [
                    401.69028367479405,
                    482.2184189956747
                ]
            ],
            "tags": [
                "mirror ball"
            ],
            "type": "region"
        }
    ],
    "size": [
        2592,
        1728
    ]
}