{
    "objects": [
        {
            "data": [
                [
                    409.0,
                    482.0
                ],
                [
                    427.79996511140826,
                    478.52267391655255
                ],
                [
                    443.83815300869855,
                    468.11560834300985
                ],
                [
                    454.67289497104366,
                    452.3631846726598
                ],
                [
                    458.65469975185624,
                    433.66356661323675
                ],
                [
                    455.17737366840856,
                    414.86360150182827
                ],
                [
                    444.7703080948663,
                    398.8254136045382
                ],
                [
                    429.01788442451607,
                    387.9906716421931
                ],
                [
                    410.3182663650932,
                    384.0088668613803
                ],
                [
                    391.51830125368497,
                    387.48619294482774
                ],
                [
                    375.48011335639467,
                    397.89325851837043
                ],
                [
                    364.64537139404956,
                    413.64568218872046
                ],
                [
                    360.663566613237,
                    432.34530024814353
                ],
                [
                    364.14089269668466,
                    451.145265359552
                ],
                [
                    374.5479582702269,
                    467.1834532568421
                ],
                [
                    390.30038194057715,
                    478.0181952191872
                ]
            ],
            "tags": [
                "mirror ball"
            ],
            "type": "region"
        }
    ],
    "size": [
        2592,
        1728
    ]
}