{
    "objects": [
        {
            "data": [
                [
                    350.0,
                    475.0
                ],
                [
                    369.86254807749583,
                    471.9569417253292
                ],
                [
                    387.0486217243774,
                    461.54445439530923
                ],
                [
                    398.9417970200534,
                    445.3477448165024
                ],
                [
                    403.7314458376586,
                    425.83261519874463
                ],
                [
                    400.6883875629878,
                    405.9700671212488
                ],
                [
                    390.27590023296807,
                    388.78399347436675
                ],
                [
                    374.07919065416127,
                    376.890818178691
                ],
                [
                    354.5640610364035,
                    372.1011693610858
                ],
                [
                    334.70151295890764,
                    375.1442276357566
                ],
                [
                    317.51543931202605,
                    385.55671496577656
                ],
                [
                    305.6222640163501,
                    401.75342454458337
                ],
                [
                    300.83261519874486,
                    421.26855416234116
                ],
                [
                    303.87567347341565,
                    441.131102239837
                ],
                [
                    314.2881608034354,
                    458.31717588671904
                ],
                [
                    330.4848703822422,
                    470.2103511823948
                ]
            ],
            "tags": [
                "mirror ball"
            ],
            "type": "region"
        }
    ],
    "size": [
        2592,
        1728
    ]
}