{
    "objects": [
        {
            "data": [
                [
                    455.0,
                    506.0
                ],
                [
                    474.046931818526,
                    501.7790136527117
                ],
                [
                    490.02870073945314,
                    490.590385515105
                ],
                [
                    500.51222731966755,
                    474.13748279596393
                ],
                [
                    503.9014896707349,
                    454.92511078834355
                ],
                [
                    499.6805033234468,
                    435.8781789698178
                ],
                [
                    488.49187518583994,
                    419.8964100488902
                ],
                [
                    472.0389724666993,
                    409.41288346867645
                ],
                [
                    452.8266004590787,
                    406.0236211176084
                ],
                [
                    433.7796686405527,
                    410.2446074648967
                ],
                [
                    417.79789971962555,
                    421.4332356025034
                ],
                [
                    407.3143731394116,
                    437.88613832164447
                ],
                [
                    403.9251107883438,
                    457.09851032926485
                ],
                [
                    408.1460971356323,
                    476.1454421477906
                ],
                [
                    419.33472527323875,
                    492.1272110687182
                ],
                [
                    435.7876279923794,
                    502.61073764893194
                ]
            ],
            "tags": [
                "mirror ball"
            ],
            "type": "region"
        }
    ],
    "size": [
        2592,
        1728
    ]
}