{
    "objects": [
        {
            "data": [
                [
                    464.0,
                    522.0
                ],
                [
                    482.64026447841707,
                    518.7366766210944
                ],
                [
                    498.6128035190668,
                    508.5884385525642
                ],
                [
                    509.48594284443743,
                    493.10026304633607
                ],
                [
                    513.6043455574945,
                    474.6300844225723
                ],
                [
                    510.34102217858936,
                    455.9898199441552
                ],
                [
                    500.1927841100587,
                    440.01728090350525
                ],
                [
                    484.70460860383037,
                    429.1441415781346
                ],
                [
                    466.23442998006703,
                    425.0257388650775
                ],
                [
                    447.59416550164997,
                    428.28906224398315
                ],
                [
                    431.62162646100023,
                    438.43730031251334
                ],
                [
                    420.7484871356296,
                    453.92547581874146
                ],
                [
                    416.6300844225725,
                    472.39565444250525
                ],
                [
                    419.8934078014777,
                    491.0359189209223
                ],
                [
                    430.0416458700083,
                    507.0084579615723
                ],
                [
                    445.52982137623667,
                    517.8815972869429
                ]
            ],
            "tags": [
                "mirror ball"
            ],
            "type": "region"
        }
    ],
    "size": [
        2592,
        1728
    ]
}