{
    "objects": [
        {
            "data": [
                [
                    435.0,
                    514.0
                ],
                [
                    454.53391609663686,
                    510.2046352209775
                ],
                [
                    471.12847814739825,
                    499.2228693238317
                ],
                [
                    482.25731451013553,
                    482.7265766164476
                ],
                [
                    486.22616073177505,
                    463.22716812425824
                ],
                [
                    482.43079595275276,
                    443.6932520276216
                ],
                [
                    471.4490300556067,
                    427.09868997686
                ],
                [
                    454.9527373482224,
                    415.9698536141225
                ],
                [
                    435.4533288560333,
                    412.0010073924832
                ],
                [
                    415.91941275939644,
                    415.7963721715057
                ],
                [
                    399.32485070863504,
                    426.7781380686515
                ],
                [
                    388.19601434589777,
                    443.2744307760356
                ],
                [
                    384.22716812425824,
                    462.77383926822495
                ],
                [
                    388.02253290328053,
                    482.3077553648616
                ],
                [
                    399.00429880042657,
                    498.9023174156232
                ],
                [
                    415.5005915078109,
                    510.0311537783607
                ]
            ],
            "tags": [
                "mirror ball"
            ],
            "type": "region"
        }
    ],
    "size": [
        2592,
        1728
    ]
}