{
    "objects": [
        {
            "data": [
                [
                    392.0,
                    499.0
                ],
                [
                    411.0481119887522,
                    494.7843426245099
                ],
                [
                    427.03301055401516,
                    483.600186183284
                ],
                [
                    437.52113979269416,
                    467.15021710986844
                ],
                [
                    440.91577710332876,
                    447.9387940763497
                ],
                [
                    436.7001197278387,
                    428.8906820875975
                ],
                [
                    425.51596328661253,
                    412.90578352233456
                ],
                [
                    409.0659942131974,
                    402.41765428365534
                ],
                [
                    389.8545711796787,
                    399.02301697302073
                ],
                [
                    370.8064591909265,
                    403.2386743485108
                ],
                [
                    354.82156062566355,
                    414.42283078973674
                ],
                [
                    344.33343138698456,
                    430.8727998631523
                ],
                [
                    340.93879407634995,
                    450.084222896671
                ],
                [
                    345.15445145184003,
                    469.13233488542323
                ],
                [
                    356.3386078930662,
                    485.1172334506862
                ],
                [
                    372.7885769664813,
                    495.6053626893654
                ]
            ],
            "tags": [
                "mirror ball"
            ],
            "type": "region"
        }
    ],
    "size": [
        2592,
        1728
    ]
}