{
    "objects": [
        {
            "data": [
                [
                    315.0,
                    349.0
                ],
                [
                    334.206287644703,
                    344.59875479720813
                ],
                [
                    350.2663000742846,
                    333.182606357919
                ],
                [
                    360.73504598071486,
                    316.48955979437096
                ],
                [
                    364.01875369915797,
                    297.0609801230203
                ],
                [
                    359.6175084963661,
                    277.8546924783169
                ],
                [
                    348.2013600570767,
                    261.7946800487359
                ],
                [
                    331.50831349352893,
                    251.32593414230575
                ],
                [
                    312.07973382217824,
                    248.0422264238623
                ],
                [
                    292.8734461774752,
                    252.44347162665406
                ],
                [
                    276.81343374789367,
                    263.8596200659433
                ],
                [
                    266.3446878414634,
                    280.55266662949145
                ],
                [
                    263.0609801230203,
                    299.98124630084203
                ],
                [
                    267.46222532581214,
                    319.1875339455455
                ],
                [
                    278.8783737651015,
                    335.2475463751264
                ],
                [
                    295.5714203286493,
                    345.71629228155643
                ]
            ],
            "tags": [
                "mirror ball"
            ],
            "type": "region"
        }
    ],
    "size": [
        2592,
        1728
    ]
}