{
    "objects": [
        {
            "data": [
                [
                    378.0,
                    446.0
                ],
                [
                    396.8265869673455,
                    442.66981861728436
                ],
                [
                    412.94568009158365,
                    432.3885092778596
                ],
                [
                    423.90329356449183,
                    416.7213081283521
                ],
                [
                    428.0312300658343,
                    398.0534045202421
                ],
                [
                    424.70104868311864,
                    379.22681755289705
                ],
                [
                    414.4197393436939,
                    363.1077244286589
                ],
                [
                    398.7525381941864,
                    352.1501109557503
                ],
                [
                    380.0846345860764,
                    348.02217445440783
                ],
                [
                    361.25804761873087,
                    351.35235583712347
                ],
                [
                    345.13895449449274,
                    361.6336651765482
                ],
                [
                    334.18134102158456,
                    377.3008663260557
                ],
                [
                    330.0534045202421,
                    395.9687699341657
                ],
                [
                    333.38358590295775,
                    414.7953569015108
                ],
                [
                    343.6648952423825,
                    430.9144500257489
                ],
                [
                    359.33209639189,
                    441.87206349865755
                ]
            ],
            "tags": [
                "mirror ball"
            ],
            "type": "region"
        }
    ],
    "size": [
        2592,
        1728
    ]
}