{
    "objects": [
        {
            "data": [
                [
                    425.0,
                    481.0
                ],
                [
                    444.01291937876067,
                    476.62836024582134
                ],
                [
                    459.90561233989183,
                    465.31356250627846
                ],
                [
                    470.2585604476826,
                    448.7781821683193
                ],
                [
                    473.495621202429,
                    429.53958099480224
                ],
                [
                    469.12398144825056,
                    410.52666161604157
                ],
                [
                    457.8091837087072,
                    394.6339686549102
                ],
                [
                    441.2738033707483,
                    384.28102054711985
                ],
                [
                    422.03520219723123,
                    381.04395979237324
                ],
                [
                    403.02228281847056,
                    385.4155995465519
                ],
                [
                    387.1295898573394,
                    396.7303972860948
                ],
                [
                    376.7766417495486,
                    413.26577762405395
                ],
                [
                    373.53958099480224,
                    432.504378797571
                ],
                [
                    377.91122074898067,
                    451.5172981763317
                ],
                [
                    389.226018488524,
                    467.40999113746307
                ],
                [
                    405.76139882648295,
                    477.7629392452534
                ]
            ],
            "tags": [
                "mirror ball"
            ],
            "type": "region"
        }
    ],
    "size": [
        2592,
        1728
    ]
}