{
    "objects": [
        {
            "data": [
                [
                    376.0,
                    480.0
                ],
                [
                    394.59265181825276,
                    476.4755088784525
                ],
                [
                    410.42125792851175,
                    466.1042038541591
                ],
                [
                    421.0760565371602,
                    450.465022100954
                ],
                [
                    424.93495114202324,
                    431.93888727122726
                ],
                [
                    421.4104600204755,
                    413.3462354529745
                ],
                [
                    411.0391549961819,
                    397.51762934271574
                ],
                [
                    395.399973242977,
                    386.8628307340666
                ],
                [
                    376.87383841325027,
                    383.00393612920425
                ],
                [
                    358.2811865949975,
                    386.52842725075175
                ],
                [
                    342.4525804847385,
                    396.89973227504515
                ],
                [
                    331.7977818760901,
                    412.53891402825025
                ],
                [
                    327.93888727122703,
                    431.065048857977
                ],
                [
                    331.46337839277476,
                    449.65770067622975
                ],
                [
                    341.8346834170684,
                    465.4863067864885
                ],
                [
                    357.47386517027326,
                    476.14110539513763
                ]
            ],
            "tags": [
                "mirror ball"
            ],
            "type": "region"
        }
    ],
    "size": [
        2592,
        1728
    ]
}