{
    "objects": [
        {
            "data": [
                [
                    408.0,
                    531.0
                ],
                [
                    426.5439230030797,
                    526.3466781180923
                ],
                [
                    441.89552472842297,
                    514.9511171688785
                ],
                [
                    451.7176629759615,
                    498.5481880058585
                ],
                [
                    454.51500623541233,
                    479.63508790117976
                ],
                [
                    449.86168435350464,
                    461.0911648980998
                ],
                [
                    438.46612340429056,
                    445.739563172757
                ],
                [
                    422.06319424127105,
                    435.9174249252187
                ],
                [
                    403.1500941365921,
                    433.12008166576743
                ],
                [
                    384.60617113351236,
                    437.7734035476751
                ],
                [
                    369.2545694081691,
                    449.168964496889
                ],
                [
                    359.4324311606306,
                    465.57189365990894
                ],
                [
                    356.63508790117976,
                    484.48499376458767
                ],
                [
                    361.28840978308745,
                    503.0289167676676
                ],
                [
                    372.68397073230153,
                    518.3805184930104
                ],
                [
                    389.08689989532104,
                    528.2026567405487
                ]
            ],
            "tags": [
                "mirror ball"
            ],
            "type": "region"
        }
    ],
    "size": [
        2592,
        1728
    ]
}