{
    "objects": [
        {
            "data": [
                [
                    387.0,
                    494.0
                ],
                [
                    405.9259722270467,
                    490.14825673369864
                ],
                [
                    421.93729226675487,
                    479.34705395278206
                ],
                [
                    432.5963817860561,
                    463.24077686749774
                ],
                [
                    436.2804910305249,
                    444.28146016031496
                ],
                [
                    432.4287477642233,
                    425.3554879332685
                ],
                [
                    421.62754498330696,
                    409.3441678935601
                ],
                [
                    405.52126789802287,
                    398.68507837425864
                ],
                [
                    386.56195119083986,
                    395.00096912979006
                ],
                [
                    367.63597896379315,
                    398.8527123960914
                ],
                [
                    351.624658924085,
                    409.653915177008
                ],
                [
                    340.96556940478376,
                    425.7601922622923
                ],
                [
                    337.28146016031496,
                    444.7195089694751
                ],
                [
                    341.13320342661655,
                    463.6454811965216
                ],
                [
                    351.9344062075329,
                    479.65680123622997
                ],
                [
                    368.040683292817,
                    490.3158907555314
                ]
            ],
            "tags": [
                "mirror ball"
            ],
            "type": "region"
        }
    ],
    "size": [
        2592,
        1728
    ]
}