{
    "objects": [
        {
            "data": [
                [
                    454.0,
                    549.0
                ],
                [
                    472.2586386867529,
                    544.8304403716215
                ],
                [
                    487.53179987092335,
                    533.9909910484168
                ],
                [
                    497.49428321377354,
                    518.1318599299909
                ],
                [
                    500.6293909364904,
                    499.6674559657424
                ],
                [
                    496.4598313081119,
                    481.40881727898955
                ],
                [
                    485.620381984907,
                    466.1356560948186
                ],
                [
                    469.7612508664811,
                    456.17317275196865
                ],
                [
                    451.2968469022326,
                    453.03806502925227
                ],
                [
                    433.0382082154797,
                    457.20762465763073
                ],
                [
                    417.7650470313092,
                    468.0470739808354
                ],
                [
                    407.80256368845903,
                    483.90620509926134
                ],
                [
                    404.6674559657422,
                    502.37060906350985
                ],
                [
                    408.83701559412066,
                    520.6292477502627
                ],
                [
                    419.6764649173256,
                    535.9024089344337
                ],
                [
                    435.5355960357515,
                    545.8648922772836
                ]
            ],
            "tags": [
                "mirror ball"
            ],
            "type": "region"
        }
    ],
    "size": [
        2592,
        1728
    ]
}