{
    "objects": [
        {
            "data": [
                [
                    372.0,
                    380.0
                ],
                [
                    391.4026016952971,
                    376.56612582061666
                ],
                [
                    408.0141815217744,
                    365.96858553549623
                ],
                [
                    419.3057770351975,
                    349.8207585861064
                ],
                [
                    423.55834517721496,
                    330.58100524507654
                ],
                [
                    420.1244709978314,
                    311.17840354977943
                ],
                [
                    409.5269307127114,
                    294.5668237233019
                ],
                [
                    393.3791037633214,
                    283.2752282098793
                ],
                [
                    374.1393504222915,
                    279.0226600678616
                ],
                [
                    354.7367487269944,
                    282.4565342472449
                ],
                [
                    338.1251689005171,
                    293.05407453236535
                ],
                [
                    326.833573387094,
                    309.20190148175493
                ],
                [
                    322.58100524507654,
                    328.44165482278504
                ],
                [
                    326.0148794244601,
                    347.84425651808215
                ],
                [
                    336.6124197095801,
                    364.45583634455966
                ],
                [
                    352.7602466589701,
                    375.7474318579823
                ]
            ],
            "tags": [
                "mirror ball"
            ],
            "type": "region"
        }
    ],
    "size": [
        2592,
        1728
    ]
}