{
    "objects": [
        {
            "data": [
                [
                    381.0,
                    439.0
                ],
                [
                    400.57012765708987,
                    433.6456007186448
                ],
                [
                    416.60152815286574,
                    421.2096171900698
                ],
                [
                    426.6535660868535,
                    403.58531517402866
                ],
                [
                    429.19590980555495,
                    383.45583488776833
                ],
                [
                    423.84151052419975,
                    363.88570723067846
                ],
                [
                    411.40552699562477,
                    347.8543067349026
                ],
                [
                    393.7812249795834,
                    337.8022688009146
                ],
                [
                    373.65174469332305,
                    335.2599250822136
                ],
                [
                    354.0816170362332,
                    340.6143243635688
                ],
                [
                    338.0502165404573,
                    353.0503078921438
                ],
                [
                    327.99817860646954,
                    370.67460990818495
                ],
                [
                    325.4558348877681,
                    390.8040901944453
                ],
                [
                    330.8102341691233,
                    410.37421785153515
                ],
                [
                    343.2462176976983,
                    426.40561834731125
                ],
                [
                    360.87051971373967,
                    436.457656281299
                ]
            ],
            "tags": [
                "mirror ball"
            ],
            "type": "region"
        }
    ],
    "size": [
        2592,
        1728
    ]
}