{
    "objects": [
        {
            "data": [
                [
                    418.0,
                    483.0
                ],
                [
                    437.3255133344369,
                    479.15591639182
                ],
                [
                    453.70889244992077,
                    468.20889244992077
                ],
                [
                    464.65591639182,
                    451.8255133344371
                ],
                [
                    468.5,
                    432.5
                ],
                [
                    464.65591639182,
                    413.1744866655629
                ],
                [
                    453.70889244992077,
                    396.79110755007946
                ],
                [
                    437.3255133344369,
                    385.84408360818
                ],
                [
                    418.0,
                    382.0
                ],
                [
                    398.6744866655631,
                    385.84408360818
                ],
                [
                    382.29110755007923,
                    396.79110755007923
                ],
                [
                    371.34408360818,
                    413.1744866655629
                ],
                [
                    367.5,
                    432.5
                ],
                [
                    371.34408360818,
                    451.8255133344371
                ],
                [
                    382.29110755007923,
                    468.20889244992077
                ],
                [
                    398.6744866655631,
                    479.15591639182
                ]
            ],
            "tags": [
                "mirror ball"
            ],
            "type": "region"
        }
    ],
    "size": [
        2592,
        1728
    ]
}