{
    "objects": [
        {
            "data": [
                [
                    443.0,
                    516.0
                ],
                [
                    462.1604291449007,
                    511.40321858150514
                ],
                [
                    478.1032453749458,
                    499.823967522771
                ],
                [
                    488.4012994410996,
                    483.02508283131715
                ],
                [
                    491.48680596388294,
                    463.564042419149
                ],
                [
                    486.89002454538786,
                    444.4036132742483
                ],
                [
                    475.3107734866535,
                    428.46079704420345
                ],
                [
                    458.51188879519987,
                    418.16274297804944
                ],
                [
                    439.05084838303173,
                    415.0772364552663
                ],
                [
                    419.890419238131,
                    419.67401787376116
                ],
                [
                    403.94760300808593,
                    431.2532689324953
                ],
                [
                    393.64954894193215,
                    448.0521536239489
                ],
                [
                    390.5640424191488,
                    467.5131940361173
                ],
                [
                    395.1608238376439,
                    486.673623181018
                ],
                [
                    406.74007489637825,
                    502.61643941106286
                ],
                [
                    423.53895958783187,
                    512.9144934772169
                ]
            ],
            "tags": [
                "mirror ball"
            ],
            "type": "region"
        }
    ],
    "size": [
        2592,
        1728
    ]
}