{
    "objects": [
        {
            "data": [
                [
                    447.0,
                    494.0
                ],
                [
                    466.0284104577154,
                    489.69628847431954
                ],
                [
                    481.96141031726575,
                    478.43832005549984
                ],
                [
                    492.37334478303774,
                    461.94001838156896
                ],
                [
                    495.67909121703906,
                    442.7131003249053
                ],
                [
                    491.3753796913584,
                    423.68468986718995
                ],
                [
                    480.1174112725389,
                    407.7516900076398
                ],
                [
                    463.61910959860734,
                    397.3397555418676
                ],
                [
                    444.39219154194416,
                    394.0340091078665
                ],
                [
                    425.3637810842288,
                    398.33772063354695
                ],
                [
                    409.4307812246784,
                    409.59568905236665
                ],
                [
                    399.0188467589064,
                    426.09399072629753
                ],
                [
                    395.7131003249051,
                    445.32090878296117
                ],
                [
                    400.0168118505858,
                    464.34931924067655
                ],
                [
                    411.27478026940526,
                    480.2823191002269
                ],
                [
                    427.7730819433368,
                    490.6942535659989
                ]
            ],
            "tags": [
                "mirror ball"
            ],
            "type": "region"
        }
    ],
    "size": [
        2592,
        1728
    ]
}