{
    "objects": [
        {
            "data": [
                [
                    420.0,
                    520.0
                ],
                [
                    438.06448998300675,
                    515.8565942515045
                ],
                [
                    453.16828981004664,
                    505.1156054549581
                ],
                [
                    463.0119828737388,
                    489.41225178732907
                ],
                [
                    466.09695613843587,
                    471.13722649325837
                ],
                [
                    461.9535503899406,
                    453.0727365102514
                ],
                [
                    451.2125615933942,
                    437.96893668321195
                ],
                [
                    435.5092079257647,
                    428.1252436195198
                ],
                [
                    417.23418263169424,
                    425.0402703548225
                ],
                [
                    399.1696926486875,
                    429.183676103318
                ],
                [
                    384.0658928216476,
                    439.9246648998644
                ],
                [
                    374.2221997579554,
                    455.6280185674934
                ],
                [
                    371.13722649325837,
                    473.90304386156413
                ],
                [
                    375.28063224175366,
                    491.9675338445711
                ],
                [
                    386.02162103830005,
                    507.07133367161055
                ],
                [
                    401.7249747059295,
                    516.9150267353027
                ]
            ],
            "tags": [
                "mirror ball"
            ],
            "type": "region"
        }
    ],
    "size": [
        2592,
        1728
    ]
}