{
    "objects": [
        {
            "data": [
                [
                    432.0,
                    492.0
                ],
                [
                    450.55379595351724,
                    487.38620106679423
                ],
                [
                    465.9296438733609,
                    476.02337634638957
                ],
                [
                    475.7867102961436,
                    459.6414128982051
                ],
                [
                    478.62434621352577,
                    440.7343161543581
                ],
                [
                    474.01054728031977,
                    422.1805202008409
                ],
                [
                    462.64772255991556,
                    406.804672280997
                ],
                [
                    446.26575911173086,
                    396.94760585821473
                ],
                [
                    427.3586623678839,
                    394.10996994083234
                ],
                [
                    408.80486641436664,
                    398.7237688740381
                ],
                [
                    393.429018494523,
                    410.0865935944428
                ],
                [
                    383.57195207174027,
                    426.46855704262725
                ],
                [
                    380.7343161543581,
                    445.37565378647423
                ],
                [
                    385.3481150875641,
                    463.92944973999147
                ],
                [
                    396.7109398079683,
                    479.30529765983533
                ],
                [
                    413.092903256153,
                    489.1623640826176
                ]
            ],
            "tags": [
                "mirror ball"
            ],
            "type": "region"
        }
    ],
    "size": [
        2592,
        1728
    ]
}