{
    "objects": [
        {
            "data": [
                [
                    421.0,
                    466.0
                ],
                [
                    440.0293771757988,
                    461.7005649505147
                ],
                [
                    455.9649067029891,
                    450.44617753352895
                ],
                [
                    466.3805486669912,
                    433.9502162120027
                ],
                [
                    469.6906159968148,
                    414.7240415608767
                ],
                [
                    465.39118094732976,
                    395.69466438507766
                ],
                [
                    454.13679353034377,
                    379.75913485788715
                ],
                [
                    437.6408322088173,
                    369.34349289388524
                ],
                [
                    418.4146575576915,
                    366.0334255640619
                ],
                [
                    399.3852803818927,
                    370.33286061354715
                ],
                [
                    383.4497508547024,
                    381.5872480305329
                ],
                [
                    373.0341088907003,
                    398.08320935205916
                ],
                [
                    369.7240415608767,
                    417.3093840031852
                ],
                [
                    374.02347661036174,
                    436.3387611789842
                ],
                [
                    385.27786402734773,
                    452.2742907061747
                ],
                [
                    401.7738253488742,
                    462.68993267017663
                ]
            ],
            "tags": [
                "mirror ball"
            ],
            "type": "region"
        }
    ],
    "size": [
        2592,
        1728
    ]
}