{
    "objects": [
        {
            "data": [
                [
                    488.0,
                    523.0
                ],
                [
                    507.10035364590203,
                    519.0277427015574
                ],
                [
                    523.2266623858736,
                    508.04846659305645
                ],
                [
                    533.9238418996056,
                    491.73366693463095
                ],
                [
                    537.5633435763066,
                    472.5671240802492
                ],
                [
                    533.5910862778637,
                    453.4667704343469
                ],
                [
                    522.6118101693633,
                    437.34046169437556
                ],
                [
                    506.297010510938,
                    426.6432821806436
                ],
                [
                    487.130467656556,
                    423.0037805039424
                ],
                [
                    468.03011401065396,
                    426.976037802385
                ],
                [
                    451.90380527068237,
                    437.95531391088593
                ],
                [
                    441.2066257569504,
                    454.2701135693112
                ],
                [
                    437.5671240802494,
                    473.4366564236932
                ],
                [
                    441.53938137869227,
                    492.5370100695957
                ],
                [
                    452.51865748719274,
                    508.6633188095668
                ],
                [
                    468.833457145618,
                    519.3604983232988
                ]
            ],
            "tags": [
                "mirror ball"
            ],
            "type": "region"
        }
    ],
    "size": [
        2592,
        1728
    ]
}