{
    "objects": [
        {
            "data": [
                [
                    434.0,
                    487.0
                ],
                [
                    453.131028999494,
                    482.28235505292105
                ],
                [
                    469.0004305669786,
                    470.60269160245707
                ],
                [
                    479.1922321702873,
                    453.7391325325284
                ],
                [
                    482.15482440422784,
                    434.259001842988
                ],
                [
                    477.43717945714934,
                    415.1279728434938
                ],
                [
                    465.7575160066849,
                    399.25857127600966
                ],
                [
                    448.89395693675624,
                    389.06676967270096
                ],
                [
                    429.4138262472161,
                    386.10417743875996
                ],
                [
                    410.2827972477221,
                    390.8218223858389
                ],
                [
                    394.4133956802375,
                    402.5014858363029
                ],
                [
                    384.2215940769288,
                    419.36504490623156
                ],
                [
                    381.25900184298825,
                    438.84517559577193
                ],
                [
                    385.97664679006675,
                    457.97620459526615
                ],
                [
                    397.6563102405312,
                    473.8456061627503
                ],
                [
                    414.51986931045985,
                    484.037407766059
                ]
            ],
            "tags": [
                "mirror ball"
            ],
            "type": "region"
        }
    ],
    "size": [
        2592,
        1728
    ]
}