{
    "objects": [
        {
            "data": [
                [
                    424.0,
                    484.0
                ],
                [
                    443.0248823664401,
                    479.6807189965591
                ],
                [
                    458.9486645134825,
                    468.40971639798363
                ],
                [
                    469.3470949586854,
                    451.9029001780141
                ],
                [
                    472.6371069287725,
                    432.6732834714792
                ],
                [
                    468.3178259253318,
                    413.6484011050393
                ],
                [
                    457.0468233267561,
                    397.7246189579964
                ],
                [
                    440.54000710678656,
                    387.3261885127938
                ],
                [
                    421.3103904002519,
                    384.03617654270647
                ],
                [
                    402.28550803381177,
                    388.35545754614736
                ],
                [
                    386.36172588676936,
                    399.62646014472284
                ],
                [
                    375.9632954415665,
                    416.1332763646924
                ],
                [
                    372.6732834714794,
                    435.3628930712273
                ],
                [
                    376.9925644749201,
                    454.3877754376672
                ],
                [
                    388.2635670734958,
                    470.31155758471004
                ],
                [
                    404.77038329346533,
                    480.70998802991267
                ]
            ],
            "tags": [
                "mirror ball"
            ],
            "type": "region"
        }
    ],
    "size": [
        2592,
        1728
    ]
}