{
    "objects": [
        {
            "data": [
                [
                    447.0,
                    509.0
                ],
                [
                    466.0202482875443,
                    505.6446302724428
                ],
                [
                    482.30862197949364,
                    495.26593895803103
                ],
                [
                    493.38536383572455,
                    479.443987726313
                ],
                [
                    497.56414031954,
                    460.5875252259725
                ],
                [
                    494.20877059198256,
                    441.5672769384282
                ],
                [
                    483.83007927757126,
                    425.27890324647865
                ],
                [
                    468.008128045853,
                    414.2021613902482
                ],
                [
                    449.1516655455125,
                    410.0233849064325
                ],
                [
                    430.1314172579682,
                    413.37875463398973
                ],
                [
                    413.8430435660189,
                    423.7574459484015
                ],
                [
                    402.76630170978797,
                    439.5793971801195
                ],
                [
                    398.5875252259725,
                    458.43585968046
                ],
                [
                    401.94289495352996,
                    477.4561079680043
                ],
                [
                    412.32158626794126,
                    493.74448165995386
                ],
                [
                    428.1435374996595,
                    504.8212235161843
                ]
            ],
            "tags": [
                "mirror ball"
            ],
            "type": "region"
        }
    ],
    "size": [
        2592,
        1728
    ]
}