{
    "objects": [
        {
            "data": [
                [
                    368.0,
                    330.0
                ],
                [
                    387.82391820284965,
                    326.7146861823228
                ],
                [
                    404.88159531649444,
                    316.09316692750303
                ],
                [
                    416.5761546286112,
                    299.7524722577755
                ],
                [
                    421.1272054953738,
                    280.18032480783995
                ],
                [
                    417.84189167769637,
                    260.35640660499075
                ],
                [
                    407.22037242287706,
                    243.2987294913455
                ],
                [
                    390.8796777531493,
                    231.60417017922873
                ],
                [
                    371.30753030321375,
                    227.05311931246615
                ],
                [
                    351.4836121003641,
                    230.33843313014336
                ],
                [
                    334.4259349867193,
                    240.95995238496312
                ],
                [
                    322.73137567460253,
                    257.30064705469056
                ],
                [
                    318.18032480783995,
                    276.8727945046262
                ],
                [
                    321.4656386255174,
                    296.6967127074754
                ],
                [
                    332.0871578803367,
                    313.75438982112064
                ],
                [
                    348.4278525500649,
                    325.4489491332374
                ]
            ],
            "tags": [
                "mirror ball"
            ],
            "type": "region"
        }
    ],
    "size": [
        2592,
        1728
    ]
}