{
    "objects": [
        {
            "data": [
                [
                    329.0,
                    389.0
                ],
                [
                    348.5798419132202,
                    385.4491603064075
                ],
                [
                    365.31040958492895,
                    374.675731081752
                ],
                [
                    376.644625750082,
                    358.31986926410787
                ],
                [
                    380.85695874245994,
                    338.871606548955
                ],
                [
                    377.3061190488679,
                    319.2917646357348
                ],
                [
                    366.5326898242124,
                    302.5611969640263
                ],
                [
                    350.1768280065685,
                    291.2269807988731
                ],
                [
                    330.7285652914152,
                    287.01464780649485
                ],
                [
                    311.148723378195,
                    290.5654875000872
                ],
                [
                    294.41815570648623,
                    301.33891672474283
                ],
                [
                    283.08393954133317,
                    317.694778542387
                ],
                [
                    278.87160654895524,
                    337.14304125753983
                ],
                [
                    282.42244624254727,
                    356.72288317076004
                ],
                [
                    293.19587546720277,
                    373.45345084246856
                ],
                [
                    309.55173728484715,
                    384.7876670076216
                ]
            ],
            "tags": [
                "mirror ball"
            ],
            "type": "region"
        }
    ],
    "size": [
        2592,
        1728
    ]
}