{
    "objects": [
        {
            "data": [
                [
                    475.0,
                    516.0
                ],
                [
                    493.64539581245845,
                    511.7715605860369
                ],
                [
                    509.2533416706774,
                    500.7297078896952
                ],
                [
                    519.4476693041242,
                    484.55546388934863
                ],
                [
                    522.6763847424172,
                    465.7112106141633
                ],
                [
                    518.4479453284539,
                    447.0658148017046
                ],
                [
                    507.4060926321117,
                    431.4578689434859
                ],
                [
                    491.2318486317654,
                    421.26354131003905
                ],
                [
                    472.3875953565803,
                    418.0348258717463
                ],
                [
                    453.74219954412183,
                    422.2632652857094
                ],
                [
                    438.1342536859029,
                    433.3051179820511
                ],
                [
                    427.93992605245603,
                    449.4793619823977
                ],
                [
                    424.71121061416306,
                    468.323615257583
                ],
                [
                    428.9396500281264,
                    486.9690110700417
                ],
                [
                    439.98150272446856,
                    502.5769569282604
                ],
                [
                    456.1557467248149,
                    512.7712845617073
                ]
            ],
            "tags": [
                "mirror ball"
            ],
            "type": "region"
        }
    ],
    "size": [
        2592,
        1728
    ]
}