{
    "objects": [
        {
            "data": [
                [
                    445.0,
                    528.0
                ],
                [
                    463.45820248484824,
                    524.8285846666918
                ],
                [
                    479.29770986234234,
                    514.8349306689643
                ],
                [
                    490.10710071975154,
                    499.54048123527286
                ],
                [
                    494.240743286407,
                    481.2736776473671
                ],
                [
                    491.06932795309876,
                    462.8154751625191
                ],
                [
                    481.0756739553717,
                    446.97596778502475
                ],
                [
                    465.78122452167963,
                    436.16657692761555
                ],
                [
                    447.5144209337741,
                    432.0329343609601
                ],
                [
                    429.05621844892585,
                    435.20434969426833
                ],
                [
                    413.21671107143175,
                    445.19800369199584
                ],
                [
                    402.40732021402255,
                    460.49245312568723
                ],
                [
                    398.2736776473671,
                    478.759256713593
                ],
                [
                    401.4450929806753,
                    497.217459198441
                ],
                [
                    411.4387469784024,
                    513.0569665759353
                ],
                [
                    426.73319641209446,
                    523.8663574333445
                ]
            ],
            "tags": [
                "mirror ball"
            ],
            "type": "region"
        }
    ],
    "size": [
        2592,
        1728
    ]
}