{
    "objects": [
        {
            "data": [
                [
                    359.0,
                    346.0
                ],
                [
                    378.6920982769634,
                    341.9997143546625
                ],
                [
                    395.3543817860518,
                    330.7680925636373
                ],
                [
                    406.45016890698344,
                    314.0150472297032
                ],
                [
                    410.2902266341566,
                    294.2910776382174
                ],
                [
                    406.2899409888191,
                    274.598979361254
                ],
                [
                    395.05831919779394,
                    257.93669585216526
                ],
                [
                    378.30527386385984,
                    246.84090873123387
                ],
                [
                    358.5813042723739,
                    243.0008510040609
                ],
                [
                    338.8892059954105,
                    247.0011366493984
                ],
                [
                    322.2269224863221,
                    258.2327584404236
                ],
                [
                    311.1311353653905,
                    274.9858037743576
                ],
                [
                    307.2910776382173,
                    294.7097733658435
                ],
                [
                    311.2913632835548,
                    314.4018716428068
                ],
                [
                    322.52298507458,
                    331.06415515189565
                ],
                [
                    339.2760304085141,
                    342.15994227282704
                ]
            ],
            "tags": [
                "mirror ball"
            ],
            "type": "region"
        }
    ],
    "size": [
        2592,
        1728
    ]
}