{
    "objects": [
        {
            "data": [
                [
                    401.0,
                    505.0
                ],
                [
                    419.5962320032977,
                    499.78382264412335
                ],
                [
                    434.7807654786043,
                    487.8482332550004
                ],
                [
                    444.2418928524421,
                    471.01031712073814
                ],
                [
                    446.5392432474782,
                    451.83349433668786
                ],
                [
                    441.3230658916018,
                    433.23726233339016
                ],
                [
                    429.3874765024789,
                    418.0527288580836
                ],
                [
                    412.5495603682166,
                    408.59160148424576
                ],
                [
                    393.3727375841663,
                    406.2942510892094
                ],
                [
                    374.7765055808686,
                    411.51042844508606
                ],
                [
                    359.59197210556204,
                    423.446017834209
                ],
                [
                    350.1308447317242,
                    440.2839339684713
                ],
                [
                    347.8334943366881,
                    459.46075675252155
                ],
                [
                    353.0496716925645,
                    478.05698875581925
                ],
                [
                    364.98526108168744,
                    493.2415222311258
                ],
                [
                    381.8231772159497,
                    502.70264960496365
                ]
            ],
            "tags": [
                "mirror ball"
            ],
            "type": "region"
        }
    ],
    "size": [
        2592,
        1728
    ]
}