{
    "objects": [
        {
            "data": [
                [
                    408.0,
                    471.0
                ],
                [
                    427.4184363976369,
                    467.6568319968783
                ],
                [
                    444.07935733237855,
                    457.1370336132363
                ],
                [
                    455.44628862353466,
                    441.04214879077404
                ],
                [
                    459.7887180235148,
                    421.82247784321703
                ],
                [
                    456.4455500203926,
                    402.40404144557965
                ],
                [
                    445.9257516367511,
                    385.74312051083825
                ],
                [
                    429.8308668142886,
                    374.3761892196826
                ],
                [
                    410.6111958667316,
                    370.0337598197025
                ],
                [
                    391.19275946909465,
                    373.3769278228242
                ],
                [
                    374.531838534353,
                    383.89672620646616
                ],
                [
                    363.1649072431969,
                    399.99161102892845
                ],
                [
                    358.8224778432168,
                    419.21128197648545
                ],
                [
                    362.165645846339,
                    438.62971837412283
                ],
                [
                    372.6854442299805,
                    455.29063930886423
                ],
                [
                    388.780329052443,
                    466.6575706000199
                ]
            ],
            "tags": [
                "mirror ball"
            ],
            "type": "region"
        }
    ],
    "size": [
        2592,
        1728
    ]
}