{
    "objects": [
        {
            "data": [
                [
                    390.0,
                    470.0
                ],
                [
                    408.44091244708125,
                    465.7524727876396
                ],
                [
                    423.85263572508165,
                    454.7712376611621
                ],
                [
                    433.8888746725461,
                    438.7280881234294
                ],
                [
                    437.02170288845446,
                    420.06544826004847
                ],
                [
                    432.7741756760943,
                    401.62453581296745
                ],
                [
                    421.79294054961656,
                    386.2128125349668
                ],
                [
                    405.74979101188364,
                    376.1765735875026
                ],
                [
                    387.0871511485029,
                    373.043745371594
                ],
                [
                    368.6462387014217,
                    377.2912725839544
                ],
                [
                    353.23451542342127,
                    388.2725077104319
                ],
                [
                    343.19827647595685,
                    404.3156572481646
                ],
                [
                    340.06544826004847,
                    422.97829711154554
                ],
                [
                    344.31297547240865,
                    441.41920955862656
                ],
                [
                    355.29421059888637,
                    456.8309328366272
                ],
                [
                    371.3373601366193,
                    466.8671717840914
                ]
            ],
            "tags": [
                "mirror ball"
            ],
            "type": "region"
        }
    ],
    "size": [
        2592,
        1728
    ]
}