{
    "objects": [
        {
            "data": [
                [
                    397.0,
                    437.0
                ],
                [
                    415.6098489744054,
                    433.56747025497566
                ],
                [
                    431.4895352804633,
                    423.2745453974899
                ],
                [
                    442.2215206277915,
                    407.6882299314991
                ],
                [
                    446.17195753294845,
                    389.18139909639876
                ],
                [
                    442.7394277879239,
                    370.5715501219936
                ],
                [
                    432.4465029304383,
                    354.69186381593545
                ],
                [
                    416.86018746444734,
                    343.9598784686075
                ],
                [
                    398.3533566293472,
                    340.0094415634503
                ],
                [
                    379.7435076549418,
                    343.44197130847465
                ],
                [
                    363.8638213488839,
                    353.73489616596044
                ],
                [
                    353.1318360015557,
                    369.3212116319512
                ],
                [
                    349.18139909639876,
                    387.82804246705155
                ],
                [
                    352.61392884142333,
                    406.4378914414567
                ],
                [
                    362.9068536989089,
                    422.31757774751486
                ],
                [
                    378.4931691648999,
                    433.0495630948428
                ]
            ],
            "tags": [
                "mirror ball"
            ],
            "type": "region"
        }
    ],
    "size": [
        2592,
        1728
    ]
}