{
    "objects": [
        {
            "data": [
                [
                    356.0,
                    436.0
                ],
                [
                    374.72704513363124,
                    431.27494640333134
                ],
                [
                    390.2203791085253,
                    419.743036185557
                ],
                [
                    400.12128227442827,
                    403.1598981403058
                ],
                [
                    402.92243187624126,
                    384.050164708447
                ],
                [
                    398.19737827957306,
                    365.32311957481625
                ],
                [
                    386.66546806179804,
                    349.8297855999215
                ],
                [
                    370.0823300165471,
                    339.92888243401876
                ],
                [
                    350.9725965846883,
                    337.12773283220577
                ],
                [
                    332.24555145105705,
                    341.8527864288744
                ],
                [
                    316.75221747616297,
                    353.38469664664876
                ],
                [
                    306.85131431026,
                    369.96783469189995
                ],
                [
                    304.050164708447,
                    389.07756812375874
                ],
                [
                    308.77521830511523,
                    407.8046132573895
                ],
                [
                    320.30712852289025,
                    423.2979472322843
                ],
                [
                    336.89026656814167,
                    433.19885039818723
                ]
            ],
            "tags": [
                "mirror ball"
            ],
            "type": "region"
        }
    ],
    "size": [
        2592,
        1728
    ]
}