{
    "objects": [
        {
            "data": [
                [
                    441.0,
                    515.0
                ],
                [
                    459.9550592734836,
                    510.3839339928579
                ],
                [
                    475.7007585901565,
                    498.86545794467816
                ],
                [
                    485.839957964175,
                    482.19815541854996
                ],
                [
                    488.8290562029156,
                    462.91947213460344
                ],
                [
                    484.2129901957737,
                    443.96441286111985
                ],
                [
                    472.6945141475935,
                    428.21871354444716
                ],
                [
                    456.027211621466,
                    418.07951417042864
                ],
                [
                    436.748528337519,
                    415.09041593168786
                ],
                [
                    417.79346906403543,
                    419.70648193882994
                ],
                [
                    402.0477697473625,
                    431.2249579870097
                ],
                [
                    391.908570373344,
                    447.8922605131379
                ],
                [
                    388.91947213460344,
                    467.1709437970844
                ],
                [
                    393.5355381417453,
                    486.126003070568
                ],
                [
                    405.0540141899255,
                    501.8717023872407
                ],
                [
                    421.7213167160535,
                    512.0109017612592
                ]
            ],
            "tags": [
                "mirror ball"
            ],
            "type": "region"
        }
    ],
    "size": [
        2592,
        1728
    ]
}