{
    "objects": [
        {
            "data": [
                [
                    477.0,
                    459.0
                ],
                [
                    495.87536258044975,
                    454.90744109572006
                ],
                [
                    511.74776924861044,
                    443.90312114903713
                ],
                [
                    522.2007899729797,
                    427.6623481174247
                ],
                [
                    525.6430471051408,
                    408.65763247197174
                ],
                [
                    521.5504882008609,
                    389.782269891522
                ],
                [
                    510.5461682541777,
                    373.90986322336107
                ],
                [
                    494.30539522256595,
                    363.45684249899205
                ],
                [
                    475.30067957711253,
                    360.01458536683094
                ],
                [
                    456.42531699666324,
                    364.1071442711109
                ],
                [
                    440.5529103285021,
                    375.1114642177938
                ],
                [
                    430.09988960413284,
                    391.35223724940624
                ],
                [
                    426.65763247197174,
                    410.3569528948592
                ],
                [
                    430.7501913762517,
                    429.23231547530895
                ],
                [
                    441.75451132293483,
                    445.10472214346987
                ],
                [
                    457.99528435454704,
                    455.5577428678389
                ]
            ],
            "tags": [
                "mirror ball"
            ],
            "type": "region"
        }
    ],
    "size": [
        2592,
        1728
    ]
}