{
    "objects": [
        {
            "data": [
                [
                    418.0,
                    519.0
                ],
                [
                    437.05307744187303,
                    515.8363642873376
                ],
                [
                    453.4451547484973,
                    505.62224893151324
                ],
                [
                    464.6806867444907,
                    489.9126604042649
                ],
                [
                    469.0491655338137,
                    471.0992411510915
                ],
                [
                    465.8855298211515,
                    452.0461637092185
                ],
                [
                    455.6714144653265,
                    435.6540864025942
                ],
                [
                    439.9618259380786,
                    424.41855440660106
                ],
                [
                    421.14840668490524,
                    420.0500756172778
                ],
                [
                    402.0953292430322,
                    423.2137113299402
                ],
                [
                    385.7032519364079,
                    433.42782668576456
                ],
                [
                    374.46771994041455,
                    449.1374152130129
                ],
                [
                    370.0992411510915,
                    467.9508344661863
                ],
                [
                    373.2628768637537,
                    487.0039119080593
                ],
                [
                    383.47699221957873,
                    503.3959892146836
                ],
                [
                    399.1865807468266,
                    514.6315212106767
                ]
            ],
            "tags": [
                "mirror ball"
            ],
            "type": "region"
        }
    ],
    "size": [
        2592,
        1728
    ]
}