{
    "objects": [
        {
            "data": [
                [
                    339.0,
                    490.0
                ],
                [
                    358.6092172810663,
                    486.61514114028205
                ],
                [
                    375.4304423691019,
                    475.9838167442381
                ],
                [
                    386.9027962292389,
                    459.7245495779696
                ],
                [
                    391.27971698341753,
                    440.3126656769175
                ],
                [
                    387.8948581236996,
                    420.7034483958512
                ],
                [
                    377.26353372765516,
                    403.88222330781537
                ],
                [
                    361.0042665613869,
                    392.40986944767883
                ],
                [
                    341.5923826603348,
                    388.0329486935002
                ],
                [
                    321.9831653792685,
                    391.41780755321815
                ],
                [
                    305.1619402912329,
                    402.0491319492621
                ],
                [
                    293.6895864310959,
                    418.3083991155306
                ],
                [
                    289.3126656769173,
                    437.7202830165827
                ],
                [
                    292.6975245366352,
                    457.329500297649
                ],
                [
                    303.32884893267965,
                    474.15072538568484
                ],
                [
                    319.5881160989479,
                    485.6230792458216
                ]
            ],
            "tags": [
                "mirror ball"
            ],
            "type": "region"
        }
    ],
    "size": [
        2592,
        1728
    ]
}