{
    "objects": [
        {
            "data": [
                [
                    417.0,
                    479.0
                ],
                [
                    436.1016532482913,
                    475.0339968954095
                ],
                [
                    452.23155604067915,
                    464.06000157229846
                ],
                [
                    462.93407689495734,
                    447.74870533909484
                ],
                [
                    466.5798540296537,
                    428.58335518503577
                ],
                [
                    462.6138509250627,
                    409.4817019367449
                ],
                [
                    451.6398556019517,
                    393.3517991443564
                ],
                [
                    435.3285593687483,
                    382.64927829007866
                ],
                [
                    416.16320921468923,
                    379.0035011553823
                ],
                [
                    397.0615559663979,
                    382.96950425997284
                ],
                [
                    380.9316531740101,
                    393.94349958308385
                ],
                [
                    370.2291323197319,
                    410.25479581628747
                ],
                [
                    366.58335518503554,
                    429.42014597034654
                ],
                [
                    370.5493582896265,
                    448.5217992186374
                ],
                [
                    381.52335361273754,
                    464.6517020110259
                ],
                [
                    397.8346498459414,
                    475.35422286530365
                ]
            ],
            "tags": [
                "mirror ball"
            ],
            "type": "region"
        }
    ],
    "size": [
        2592,
        1728
    ]
}