{
    "objects": [
        {
            "data": [
                [
                    378.0,
                    460.0
                ],
                [
                    396.959103124414,
                    456.31479177708115
                ],
                [
                    413.0647623241043,
                    445.6547686686697
                ],
                [
                    423.8650369840825,
                    429.642822559671
                ],
                [
                    427.7156831921002,
                    410.7166270965274
                ],
                [
                    424.03047496918134,
                    391.7575239721132
                ],
                [
                    413.37045186076966,
                    375.6518647724231
                ],
                [
                    397.35850575177074,
                    364.85159011244514
                ],
                [
                    378.4323102886274,
                    361.00094390442746
                ],
                [
                    359.47320716421336,
                    364.6861521273463
                ],
                [
                    343.36754796452306,
                    375.34617523575776
                ],
                [
                    332.56727330454487,
                    391.35812134475646
                ],
                [
                    328.7166270965272,
                    410.28431680790004
                ],
                [
                    332.40183531944604,
                    429.2434199323143
                ],
                [
                    343.0618584278577,
                    445.34907913200436
                ],
                [
                    359.07380453685664,
                    456.14935379198255
                ]
            ],
            "tags": [
                "mirror ball"
            ],
            "type": "region"
        }
    ],
    "size": [
        2592,
        1728
    ]
}