{
    "objects": [
        {
            "data": [
                [
                    440.0,
                    504.0
                ],
                [
                    458.5935331673559,
                    500.48016141632934
                ],
                [
                    474.42473398717493,
                    490.11281749885484
                ],
                [
                    485.0834456448333,
                    474.47630237880526
                ],
                [
                    488.9469759119147,
                    455.95113373784534
                ],
                [
                    485.42713732824404,
                    437.3576005704897
                ],
                [
                    475.05979341076954,
                    421.5263997506704
                ],
                [
                    459.42327829071974,
                    410.86768809301157
                ],
                [
                    440.89810964976004,
                    407.00415782593063
                ],
                [
                    422.3045764824042,
                    410.5239964096013
                ],
                [
                    406.4733756625851,
                    420.8913403270758
                ],
                [
                    395.8146640049267,
                    436.5278554471254
                ],
                [
                    391.95113373784534,
                    455.0530240880853
                ],
                [
                    395.470972321516,
                    473.64655725544094
                ],
                [
                    405.8383162389905,
                    489.4777580752602
                ],
                [
                    421.4748313590403,
                    500.13646973291907
                ]
            ],
            "tags": [
                "mirror ball"
            ],
            "type": "region"
        }
    ],
    "size": [
        2592,
        1728
    ]
}