{
    "objects": [
        {
            "data": [
                [
                    358.013777735594,
                    355.2875887777907
                ],
                [
                    377.81276760881747,
                    360.23733624609645
                ],
                [
                    400.4401846067867,
                    375.08657865101395
                ],
                [
                    407.5112524186525,
                    391.35003461830456
                ],
                [
                    405.38993207509293,
                    411.8561312727145
                ],
                [
                    396.9046507008543,
                    426.705373677632
                ],
                [
                    380.6411947335637,
                    436.60486861424374
                ],
                [
                    362.2564184227135,
                    441.5546160825495
                ],
                [
                    336.09346751881094,
                    437.3119753954302
                ],
                [
                    317.7086912079608,
                    427.41248045881866
                ],
                [
                    307.1020894901626,
                    407.6134905855952
                ],
                [
                    306.39498270897593,
                    385.69318036881236
                ],
                [
                    315.58737086440124,
                    370.84393796389486
                ],
                [
                    328.31529292575897,
                    360.23733624609645
                ]
            ],
            "tags": [
                "mirror ball"
            ],
            "type": "region"
        }
    ],
    "size": [
        2592,
        1728
    ]
}