{
    "objects": [
        {
            "data": [
                [
                    500.0,
                    450.0
                ],
                [
                    518.7155334602985,
                    445.22955366607107
                ],
                [
                    534.1808609873169,
                    433.6601113540803
                ],
                [
                    544.0415266586101,
                    417.0530157787723
                ],
                [
                    546.7963335128802,
                    397.9365466977911
                ],
                [
                    542.0258871789515,
                    379.2210132374928
                ],
                [
                    530.4564448669607,
                    363.7556857104744
                ],
                [
                    513.8493492916523,
                    353.8950200391812
                ],
                [
                    494.7328802106713,
                    351.14021318491086
                ],
                [
                    476.0173467503728,
                    355.9106595188398
                ],
                [
                    460.55201922335436,
                    367.48010183083056
                ],
                [
                    450.6913535520612,
                    384.08719740613856
                ],
                [
                    447.9365466977911,
                    403.2036664871198
                ],
                [
                    452.7069930317198,
                    421.91919994741806
                ],
                [
                    464.27643534371055,
                    437.3845274744365
                ],
                [
                    480.883530919019,
                    447.2451931457297
                ]
            ],
            "tags": [
                "mirror ball"
            ],
            "type": "region"
        }
    ],
    "size": [
        2592,
        1728
    ]
}