{
    "objects": [
        {
            "data": [
                [
                    428.0,
                    458.0
                ],
                [
                    446.9861375645951,
                    453.51347374666784
                ],
                [
                    462.81012219594686,
                    442.1027836785645
                ],
                [
                    473.06289567871,
                    425.5051039203961
                ],
                [
                    476.18356619175665,
                    406.2472807570018
                ],
                [
                    471.69703993842495,
                    387.26114319240673
                ],
                [
                    460.2863498703218,
                    371.43715856105496
                ],
                [
                    443.688670112153,
                    361.1843850782916
                ],
                [
                    424.4308469487587,
                    358.06371456524494
                ],
                [
                    405.4447093841636,
                    362.5502408185771
                ],
                [
                    389.62072475281184,
                    373.96093088668044
                ],
                [
                    379.3679512700487,
                    390.55861064484884
                ],
                [
                    376.24728075700204,
                    409.8164338082431
                ],
                [
                    380.73380701033375,
                    428.8025713728382
                ],
                [
                    392.14449707843687,
                    444.62655600419
                ],
                [
                    408.7421768366057,
                    454.87932948695334
                ]
            ],
            "tags": [
                "mirror ball"
            ],
            "type": "region"
        }
    ],
    "size": [
        2592,
        1728
    ]
}