{
    "objects": [
        {
            "data": [
                [
                    391.0,
                    492.0
                ],
                [
                    409.75148818588923,
                    488.270097093053
                ],
                [
                    425.64823227814077,
                    477.64823227814077
                ],
                [
                    436.2700970930532,
                    461.75148818588946
                ],
                [
                    440.0,
                    443.0
                ],
                [
                    436.2700970930532,
                    424.24851181411054
                ],
                [
                    425.64823227814077,
                    408.35176772185923
                ],
                [
                    409.75148818588923,
                    397.729902906947
                ],
                [
                    391.0,
                    394.0
                ],
                [
                    372.24851181411077,
                    397.729902906947
                ],
                [
                    356.35176772185923,
                    408.35176772185923
                ],
                [
                    345.7299029069468,
                    424.24851181411054
                ],
                [
                    342.0,
                    443.0
                ],
                [
                    345.7299029069468,
                    461.75148818588946
                ],
                [
                    356.35176772185923,
                    477.64823227814077
                ],
                [
                    372.24851181411077,
                    488.270097093053
                ]
            ],
            "tags": [
                "mirror ball"
            ],
            "type": "region"
        }
    ],
    "size": [
        2592,
        1728
    ]
}