{
    "objects": [
        {
            "data": [
                [
                    338.0,
                    469.0
                ],
                [
                    357.91586435839054,
                    464.20704434719846
                ],
                [
                    374.48153909099074,
                    452.1574593881546
                ],
                [
                    385.175050387978,
                    434.68568520312283
                ],
                [
                    388.3684080913067,
                    414.45164102974695
                ],
                [
                    383.5754524385052,
                    394.5357766713564
                ],
                [
                    371.52586747946134,
                    377.9701019387562
                ],
                [
                    354.05409329442955,
                    367.27659064176896
                ],
                [
                    333.82004912105367,
                    364.08323293844023
                ],
                [
                    313.90418476266314,
                    368.87618859124177
                ],
                [
                    297.33851003006293,
                    380.9257735502856
                ],
                [
                    286.6449987330757,
                    398.3975477353174
                ],
                [
                    283.45164102974695,
                    418.6315919086933
                ],
                [
                    288.2445966825485,
                    438.5474562670838
                ],
                [
                    300.29418164159233,
                    455.113130999684
                ],
                [
                    317.7659558266241,
                    465.80664229667127
                ]
            ],
            "tags": [
                "mirror ball"
            ],
            "type": "region"
        }
    ],
    "size": [
        2592,
        1728
    ]
}