{
    "objects": [
        {
            "data": [
                [
                    440.0,
                    522.0
                ],
                [
                    458.83715154677793,
                    517.7350178743457
                ],
                [
                    474.6082723128384,
                    506.58602237202444
                ],
                [
                    484.91235212711445,
                    490.25034699236926
                ],
                [
                    488.18068824459806,
                    471.21495022866634
                ],
                [
                    483.91570611894394,
                    452.3777986818882
                ],
                [
                    472.76671061662273,
                    436.6066779158275
                ],
                [
                    456.43103523696755,
                    426.3025981015519
                ],
                [
                    437.3956384732646,
                    423.03426198406805
                ],
                [
                    418.5584869264867,
                    427.2992441097224
                ],
                [
                    402.78736616042625,
                    438.4482396120436
                ],
                [
                    392.4832863461502,
                    454.7839149916988
                ],
                [
                    389.21495022866657,
                    473.8193117554017
                ],
                [
                    393.4799323543207,
                    492.6564633021801
                ],
                [
                    404.6289278566419,
                    508.42758406824055
                ],
                [
                    420.9646032362971,
                    518.7316638825162
                ]
            ],
            "tags": [
                "mirror ball"
            ],
            "type": "region"
        }
    ],
    "size": [
        2592,
        1728
    ]
}