{
    "objects": [
        {
            "data": [
                [
                    357.0,
                    484.0
                ],
                [
                    375.86946287246565,
                    479.8803250330793
                ],
                [
                    391.7260420532484,
                    468.853210831621
                ],
                [
                    402.15571710232325,
                    452.5974355717585
                ],
                [
                    405.5706645387063,
                    433.58779367783586
                ],
                [
                    401.4509895717856,
                    414.71833080537
                ],
                [
                    390.42387537032755,
                    398.861751624587
                ],
                [
                    374.1681001104648,
                    388.43207657551284
                ],
                [
                    355.1584582165424,
                    385.01712913912934
                ],
                [
                    336.28899534407674,
                    389.13680410605
                ],
                [
                    320.43241616329396,
                    400.1639183075083
                ],
                [
                    310.00274111421913,
                    416.4196935673708
                ],
                [
                    306.5877936778361,
                    435.4293354612935
                ],
                [
                    310.7074686447568,
                    454.29879833375935
                ],
                [
                    321.73458284621483,
                    470.15537751454235
                ],
                [
                    337.99035810607757,
                    480.5850525636165
                ]
            ],
            "tags": [
                "mirror ball"
            ],
            "type": "region"
        }
    ],
    "size": [
        2592,
        1728
    ]
}