{
    "objects": [
        {
            "data": [
                [
                    382.0,
                    409.0
                ],
                [
                    401.7552764203474,
                    405.32439483220196
                ],
                [
                    418.60017876257734,
                    394.3685614602209
                ],
                [
                    429.9702233445055,
                    377.8004262000643
                ],
                [
                    434.13442394824415,
                    358.14233745457045
                ],
                [
                    430.4588187804461,
                    338.38706103422305
                ],
                [
                    419.50298540846507,
                    321.5421586919929
                ],
                [
                    402.9348501483082,
                    310.17211411006474
                ],
                [
                    383.2767614028144,
                    306.00791350632653
                ],
                [
                    363.521484982467,
                    309.68351867412457
                ],
                [
                    346.67658264023703,
                    320.6393520461056
                ],
                [
                    335.3065380583089,
                    337.20748730626224
                ],
                [
                    331.1423374545702,
                    356.8655760517561
                ],
                [
                    334.81794262236826,
                    376.6208524721035
                ],
                [
                    345.7737759943493,
                    393.46575481433365
                ],
                [
                    362.34191125450616,
                    404.8357993962618
                ]
            ],
            "tags": [
                "mirror ball"
            ],
            "type": "region"
        }
    ],
    "size": [
        2592,
        1728
    ]
}