{
    "objects": [
        {
            "data": [
                [
                    396.0,
                    506.0
                ],
                [
                    414.576371189939,
                    502.39068251406707
                ],
                [
                    430.3574743166432,
                    491.94723847462456
                ],
                [
                    440.94077948512904,
                    476.2595875666218
                ],
                [
                    444.7150744213941,
                    457.7160324318929
                ],
                [
                    441.10575693546116,
                    439.1396612419542
                ],
                [
                    430.66231289601865,
                    423.3585581152497
                ],
                [
                    414.9746619880161,
                    412.7752529467639
                ],
                [
                    396.431106853287,
                    409.00095801049883
                ],
                [
                    377.85473566334804,
                    412.61027549643177
                ],
                [
                    362.0736325366438,
                    423.0537195358743
                ],
                [
                    351.490327368158,
                    438.74137044387703
                ],
                [
                    347.7160324318929,
                    457.2849255786059
                ],
                [
                    351.32534991782586,
                    475.86129676854466
                ],
                [
                    361.7687939572684,
                    491.6423998952491
                ],
                [
                    377.4564448652709,
                    502.22570506373495
                ]
            ],
            "tags": [
                "mirror ball"
            ],
            "type": "region"
        }
    ],
    "size": [
        2592,
        1728
    ]
}