{
    "objects": [
        {
            "data": [
                [
                    339.0,
                    425.0
                ],
                [
                    359.35883825033306,
                    421.37198519182084
                ],
                [
                    376.77957105605856,
                    410.2291464662933
                ],
                [
                    388.61004976684035,
                    393.26788000929446
                ],
                [
                    393.0491912425191,
                    373.0703848846383
                ],
                [
                    389.42117643433994,
                    352.71154663430525
                ],
                [
                    378.2783377088126,
                    335.29081382858
                ],
                [
                    361.3170712518131,
                    323.46033511779797
                ],
                [
                    341.1195761271574,
                    319.0211936421192
                ],
                [
                    320.76073787682435,
                    322.6492084502984
                ],
                [
                    303.34000507109886,
                    333.7920471758259
                ],
                [
                    291.50952636031707,
                    350.75331363282476
                ],
                [
                    287.0703848846383,
                    370.9508087574809
                ],
                [
                    290.6983996928175,
                    391.30964700781396
                ],
                [
                    301.8412384183448,
                    408.73037981353946
                ],
                [
                    318.8025048753443,
                    420.5608585243215
                ]
            ],
            "tags": [
                "mirror ball"
            ],
            "type": "region"
        }
    ],
    "size": [
        2592,
        1728
    ]
}