{
    "objects": [
        {
            "data": [
                [
                    455.0,
                    501.0
                ],
                [
                    473.90964482693244,
                    497.06888267184627
                ],
                [
                    489.87550517742557,
                    486.20059604528956
                ],
                [
                    500.466923544001,
                    470.0497382379592
                ],
                [
                    504.07145249179484,
                    451.0751309431307
                ],
                [
                    500.14033516364134,
                    432.1654861161985
                ],
                [
                    489.2720485370842,
                    416.1996257657054
                ],
                [
                    473.1211907297543,
                    405.60820739912947
                ],
                [
                    454.14658343492556,
                    402.0036784513359
                ],
                [
                    435.2369386079931,
                    405.9347957794896
                ],
                [
                    419.2710782575,
                    416.8030824060463
                ],
                [
                    408.67965989092454,
                    432.9539402133764
                ],
                [
                    405.0751309431307,
                    451.92854750820516
                ],
                [
                    409.0062482712842,
                    470.83819233513736
                ],
                [
                    419.8745348978414,
                    486.8040526856305
                ],
                [
                    436.02539270517127,
                    497.3954710522064
                ]
            ],
            "tags": [
                "mirror ball"
            ],
            "type": "region"
        }
    ],
    "size": [
        2592,
        1728
    ]
}