{
    "objects": [
        {
            "data": [
                [
                    420.0,
                    515.0
                ],
                [
                    438.77547485041714,
                    510.47121483510296
                ],
                [
                    454.3886607265513,
                    499.1020997540718
                ],
                [
                    464.4625916126429,
                    482.6234994667086
                ],
                [
                    467.4636028516961,
                    463.54413148788103
                ],
                [
                    462.9348176867993,
                    444.7686566374639
                ],
                [
                    451.5657026057679,
                    429.15547076133
                ],
                [
                    435.08710231840496,
                    419.08153987523815
                ],
                [
                    416.0077343395769,
                    416.08052863618514
                ],
                [
                    397.2322594891598,
                    420.6093138010822
                ],
                [
                    381.61907361302565,
                    431.97842888211335
                ],
                [
                    371.54514272693405,
                    448.4570291694765
                ],
                [
                    368.5441314878808,
                    467.5363971483041
                ],
                [
                    373.0729166527776,
                    486.31187199872124
                ],
                [
                    384.442031733809,
                    501.92505787485516
                ],
                [
                    400.92063202117197,
                    511.998988760947
                ]
            ],
            "tags": [
                "mirror ball"
            ],
            "type": "region"
        }
    ],
    "size": [
        2592,
        1728
    ]
}