{
    "objects": [
        {
            "data": [
                [
                    419.0,
                    497.0
                ],
                [
                    438.27396484161636,
                    492.9052809973907
                ],
                [
                    454.51380534663804,
                    481.74642689862117
                ],
                [
                    465.2471530126977,
                    465.22227208496497
                ],
                [
                    468.83995295567547,
                    445.84846933496465
                ],
                [
                    464.7452339530664,
                    426.57450449334874
                ],
                [
                    453.58637985429687,
                    410.3346639883264
                ],
                [
                    437.06222504064044,
                    399.60131632226717
                ],
                [
                    417.6884222906401,
                    396.0085163792892
                ],
                [
                    398.41445744902376,
                    400.10323538189846
                ],
                [
                    382.1746169440021,
                    411.262089480668
                ],
                [
                    371.4412692779424,
                    427.7862442943242
                ],
                [
                    367.84846933496465,
                    447.16004704432453
                ],
                [
                    371.9431883375737,
                    466.43401188594044
                ],
                [
                    383.10204243634325,
                    482.6738523909628
                ],
                [
                    399.6261972499997,
                    493.407200057022
                ]
            ],
            "tags": [
                "mirror ball"
            ],
            "type": "region"
        }
    ],
    "size": [
        2592,
        1728
    ]
}