{
    "objects": [
        {
            "data": [
                [
                    400.0,
                    468.0
                ],
                [
                    418.66727837490316,
                    464.8949303752547
                ],
                [
                    434.72533609143693,
                    454.88256194050723
                ],
                [
                    445.72947942891415,
                    439.4871870276022
                ],
                [
                    450.0044273170124,
                    421.0526119076085
                ],
                [
                    446.89935769226713,
                    402.3853335327051
                ],
                [
                    436.8869892575199,
                    386.3272758161713
                ],
                [
                    421.49161434461485,
                    375.3231324786939
                ],
                [
                    403.0570392246209,
                    371.04818459059607
                ],
                [
                    384.38976084971773,
                    374.15325421534135
                ],
                [
                    368.33170313318396,
                    384.16562265008884
                ],
                [
                    357.32755979570675,
                    399.56099756299363
                ],
                [
                    353.0526119076085,
                    417.9955726829876
                ],
                [
                    356.15768153235376,
                    436.662851057891
                ],
                [
                    366.170049967101,
                    452.72090877442474
                ],
                [
                    381.56542488000605,
                    463.7250521119022
                ]
            ],
            "tags": [
                "mirror ball"
            ],
            "type": "region"
        }
    ],
    "size": [
        2592,
        1728
    ]
}