{
    "objects": [
        {
            "data": [
                [
                    363.0,
                    407.0
                ],
                [
                    381.81176101580195,
                    403.5870639670295
                ],
                [
                    397.88548791325593,
                    393.2349729460391
                ],
                [
                    408.77410148092076,
                    377.51973895303513
                ],
                [
                    412.8199090086482,
                    358.8338639045023
                ],
                [
                    409.4069729756775,
                    340.02210288870015
                ],
                [
                    399.0548819546875,
                    323.9483759912466
                ],
                [
                    383.33964796168357,
                    313.05976242358133
                ],
                [
                    364.65377291315053,
                    309.0139548958541
                ],
                [
                    345.8420118973486,
                    312.4268909288246
                ],
                [
                    329.7682849998946,
                    322.77898194981503
                ],
                [
                    318.87967143222977,
                    338.494215942819
                ],
                [
                    314.8338639045023,
                    357.1800909913518
                ],
                [
                    318.24679993747304,
                    375.99185200715397
                ],
                [
                    328.59889095846347,
                    392.0655789046075
                ],
                [
                    344.31412495146697,
                    402.9541924722728
                ]
            ],
            "tags": [
                "mirror ball"
            ],
            "type": "region"
        }
    ],
    "size": [
        2592,
        1728
    ]
}