{
    "objects": [
        {
            "data": [
                [
                    384.0,
                    492.0
                ],
                [
                    403.1549441751886,
                    487.3804158118314
                ],
                [
                    419.08396671181436,
                    475.7821967479467
                ],
                [
                    429.3620183256239,
                    458.9710665227044
                ],
                [
                    432.42435882918517,
                    439.5063673196232
                ],
                [
                    427.80477464101614,
                    420.3514231444342
                ],
                [
                    416.20655557713144,
                    404.42240060780887
                ],
                [
                    399.39542535188957,
                    394.1443489939993
                ],
                [
                    379.9307261488084,
                    391.08200849043806
                ],
                [
                    360.7757819736198,
                    395.70159267860663
                ],
                [
                    344.84675943699403,
                    407.29981174249133
                ],
                [
                    334.56870782318447,
                    424.11094196773365
                ],
                [
                    331.5063673196232,
                    443.57564117081483
                ],
                [
                    336.12595150779225,
                    462.73058534600386
                ],
                [
                    347.72417057167695,
                    478.6596078826292
                ],
                [
                    364.5353007969188,
                    488.93765949643876
                ]
            ],
            "tags": [
                "mirror ball"
            ],
            "type": "region"
        }
    ],
    "size": [
        2592,
        1728
    ]
}