{
    "objects": [
        {
            "data": [
                [
                    320.0,
                    427.0
                ],
                [
                    338.91095675493307,
                    422.20645725411623
                ],
                [
                    354.5479932498383,
                    410.5408913826909
                ],
                [
                    364.5305124284555,
                    393.7792790410299
                ],
                [
                    367.3387662376008,
                    374.47342376375764
                ],
                [
                    362.545223491717,
                    355.56246700882457
                ],
                [
                    350.87965762029125,
                    339.9254305139193
                ],
                [
                    334.11804527863114,
                    329.9429113353026
                ],
                [
                    314.81219000135843,
                    327.13465752615684
                ],
                [
                    295.90123324642536,
                    331.9282002720406
                ],
                [
                    280.2641967515201,
                    343.5937661434659
                ],
                [
                    270.28167757290294,
                    360.35537848512695
                ],
                [
                    267.47342376375764,
                    379.6612337623992
                ],
                [
                    272.2669665096414,
                    398.5721905173323
                ],
                [
                    283.9325323810672,
                    414.20922701223753
                ],
                [
                    300.6941447227273,
                    424.19174619085425
                ]
            ],
            "tags": [
                "mirror ball"
            ],
            "type": "region"
        }
    ],
    "size": [
        2592,
        1728
    ]
}