{
    "objects": [
        {
            "data": [
                [
                    474.0,
                    526.0
                ],
                [
                    492.87086121892753,
                    521.8867351429285
                ],
                [
                    508.7311853462247,
                    510.8650079867382
                ],
                [
                    519.1663818077068,
                    494.6127765787526
                ],
                [
                    522.587786537405,
                    475.6042958239939
                ],
                [
                    518.474521680334,
                    456.73343460506635
                ],
                [
                    507.452794524143,
                    440.87311047776916
                ],
                [
                    491.20056311615826,
                    430.43791401628687
                ],
                [
                    472.1920823613991,
                    427.01650928658864
                ],
                [
                    453.3212211424716,
                    431.12977414366014
                ],
                [
                    437.4608970151744,
                    442.15150129985045
                ],
                [
                    427.02570055369233,
                    458.40373270783607
                ],
                [
                    423.6042958239941,
                    477.41221346259476
                ],
                [
                    427.71756068106515,
                    496.2830746815223
                ],
                [
                    438.73928783725614,
                    512.1433988088195
                ],
                [
                    454.9915192452413,
                    522.5785952703018
                ]
            ],
            "tags": [
                "mirror ball"
            ],
            "type": "region"
        }
    ],
    "size": [
        2592,
        1728
    ]
}