{
    "objects": [
        {
            "data": [
                [
                    464.0,
                    528.0
                ],
                [
                    483.04732877934885,
                    523.7808053120339
                ],
                [
                    499.03015008259445,
                    512.5936805414742
                ],
                [
                    509.5152242509548,
                    496.1417640231
                ],
                [
                    512.9062937897302,
                    476.9297109098393
                ],
                [
                    508.68709910176403,
                    457.88238213049067
                ],
                [
                    497.4999743312046,
                    441.8995608272446
                ],
                [
                    481.0480578128304,
                    431.41448665888447
                ],
                [
                    461.83600469956946,
                    428.0234171201091
                ],
                [
                    442.7886759202206,
                    432.24261180807525
                ],
                [
                    426.805854616975,
                    443.4297365786349
                ],
                [
                    416.32078044861464,
                    459.8816530970089
                ],
                [
                    412.9297109098393,
                    479.09370621026983
                ],
                [
                    417.1489055978054,
                    498.14103498961845
                ],
                [
                    428.33603036836485,
                    514.1238562928645
                ],
                [
                    444.78794688673906,
                    524.6089304612246
                ]
            ],
            "tags": [
                "mirror ball"
            ],
            "type": "region"
        }
    ],
    "size": [
        2592,
        1728
    ]
}