{
    "objects": [
        {
            "data": [
                [
                    387.0,
                    422.0
                ],
                [
                    405.95805142615745,
                    418.30938527456374
                ],
                [
                    422.0606700044136,
                    407.6447696766327
                ],
                [
                    432.85637802683004,
                    391.6297442560103
                ],
                [
                    436.7016268103307,
                    372.70245145642
                ],
                [
                    433.01101208489445,
                    353.74440003026257
                ],
                [
                    422.3463964869634,
                    337.6417814520064
                ],
                [
                    406.33137106634103,
                    326.84607342959
                ],
                [
                    387.40407826675073,
                    323.0008246460893
                ],
                [
                    368.4460268405933,
                    326.6914393715256
                ],
                [
                    352.3434082623371,
                    337.35605496945664
                ],
                [
                    341.5477002399207,
                    353.37108039007876
                ],
                [
                    337.70245145642,
                    372.2983731896693
                ],
                [
                    341.3930661818563,
                    391.25642461582675
                ],
                [
                    352.05768177978734,
                    407.3590431940829
                ],
                [
                    368.0727072004097,
                    418.15475121649933
                ]
            ],
            "tags": [
                "mirror ball"
            ],
            "type": "region"
        }
    ],
    "size": [
        2592,
        1728
    ]
}