{
    "objects": [
        {
            "data": [
                [
                    433.0,
                    492.0
                ],
                [
                    451.560146469707,
                    488.3081573267973
                ],
                [
                    467.29467888754743,
                    477.79467888754766
                ],
                [
                    477.8081573267973,
                    462.06014646970675
                ],
                [
                    481.5,
                    443.5
                ],
                [
                    477.8081573267973,
                    424.93985353029325
                ],
                [
                    467.29467888754743,
                    409.20532111245234
                ],
                [
                    451.560146469707,
                    398.6918426732027
                ],
                [
                    433.0,
                    395.0
                ],
                [
                    414.439853530293,
                    398.6918426732027
                ],
                [
                    398.70532111245257,
                    409.20532111245234
                ],
                [
                    388.1918426732027,
                    424.939853530293
                ],
                [
                    384.5,
                    443.5
                ],
                [
                    388.1918426732027,
                    462.060146469707
                ],
                [
                    398.70532111245257,
                    477.79467888754766
                ],
                [
                    414.439853530293,
                    488.3081573267975
                ]
            ],
            "tags": [
                "mirror ball"
            ],
            "type": "region"
        }
    ],
    "size": [
        2592,
        1728
    ]
}