{
    "objects": [
        {
            "data": [
                [
                    413.0,
                    477.0
                ],
                [
                    431.2969630677944,
                    473.00196839885393
                ],
                [
                    446.6711722974137,
                    462.30632420358097
                ],
                [
                    456.7820437012024,
                    446.5413822866551
                ],
                [
                    460.090288763211,
                    428.10721214537443
                ],
                [
                    456.0922571620649,
                    409.81024907758024
                ],
                [
                    445.39661296679196,
                    394.4360398479607
                ],
                [
                    429.6316710498659,
                    384.32516844417205
                ],
                [
                    411.1975009085854,
                    381.01692338216344
                ],
                [
                    392.900537840791,
                    385.0149549833095
                ],
                [
                    377.5263286111717,
                    395.71059917858247
                ],
                [
                    367.41545720738304,
                    411.4755410955081
                ],
                [
                    364.10721214537443,
                    429.909711236789
                ],
                [
                    368.1052437465205,
                    448.20667430458343
                ],
                [
                    378.80088794179346,
                    463.5808835342027
                ],
                [
                    394.56582985871955,
                    473.6917549379914
                ]
            ],
            "tags": [
                "mirror ball"
            ],
            "type": "region"
        }
    ],
    "size": [
        2592,
        1728
    ]
}