{
    "objects": [
        {
            "data": [
                [
                    434.0,
                    476.0
                ],
                [
                    452.66440096772067,
                    471.8562551481855
                ],
                [
                    468.3223165056447,
                    460.88537706627926
                ],
                [
                    478.58997091247966,
                    444.7575824909943
                ],
                [
                    481.9042068813051,
                    425.9281819475955
                ],
                [
                    477.76046202949055,
                    407.2637809798746
                ],
                [
                    466.78958394758456,
                    391.605865441951
                ],
                [
                    450.66178937229915,
                    381.3382110351158
                ],
                [
                    431.83238882890055,
                    378.0239750662904
                ],
                [
                    413.1679878611799,
                    382.1677199181049
                ],
                [
                    397.5100723232558,
                    393.13859800001114
                ],
                [
                    387.2424179164209,
                    409.2663925752961
                ],
                [
                    383.9281819475955,
                    428.0957931186949
                ],
                [
                    388.07192679941,
                    446.7601940864158
                ],
                [
                    399.04280488131644,
                    462.4181096243394
                ],
                [
                    415.1705994566014,
                    472.6857640311746
                ]
            ],
            "tags": [
                "mirror ball"
            ],
            "type": "region"
        }
    ],
    "size": [
        2592,
        1728
    ]
}