{
    "objects": [
        {
            "data": [
                [
                    348.0,
                    486.0
                ],
                [
                    366.68254619954814,
                    481.93884839207476
                ],
                [
                    382.38883281183143,
                    471.03733263812524
                ],
                [
                    392.7277200779722,
                    454.95510968920325
                ],
                [
                    396.12520613394736,
                    436.1405522035684
                ],
                [
                    392.0640545260226,
                    417.45800600402026
                ],
                [
                    381.1625387720728,
                    401.7517193917372
                ],
                [
                    365.0803158231506,
                    391.4128321255962
                ],
                [
                    346.26575833751576,
                    388.01534606962105
                ],
                [
                    327.5832121379676,
                    392.0764976775463
                ],
                [
                    311.8769255256843,
                    402.9780134314958
                ],
                [
                    301.53803825954355,
                    419.0602363804178
                ],
                [
                    298.1405522035684,
                    437.87479386605264
                ],
                [
                    302.2017038114932,
                    456.5573400656008
                ],
                [
                    313.1032195654434,
                    472.26362667788385
                ],
                [
                    329.18544251436515,
                    482.60251394402485
                ]
            ],
            "tags": [
                "mirror ball"
            ],
            "type": "region"
        }
    ],
    "size": [
        2592,
        1728
    ]
}