{
    "objects": [
        {
            "data": [
                [
                    402.0,
                    488.0
                ],
                [
                    421.23699653391486,
                    483.73497845488146
                ],
                [
                    437.37751081459237,
                    472.43293248163263
                ],
                [
                    447.9642958569257,
                    455.81449612637925
                ],
                [
                    451.3856096076647,
                    436.4096756777076
                ],
                [
                    447.1205880625457,
                    417.1726791437927
                ],
                [
                    435.81854208929735,
                    401.0321648631152
                ],
                [
                    419.200105734044,
                    390.4453798207819
                ],
                [
                    399.7952852853723,
                    387.02406607004286
                ],
                [
                    380.55828875145744,
                    391.2890876151614
                ],
                [
                    364.41777447077993,
                    402.59113358841023
                ],
                [
                    353.8309894284466,
                    419.2095699436636
                ],
                [
                    350.4096756777076,
                    438.6143903923353
                ],
                [
                    354.6746972228266,
                    457.85138692625014
                ],
                [
                    365.97674319607495,
                    473.99190120692765
                ],
                [
                    382.59517955132833,
                    484.57868624926095
                ]
            ],
            "tags": [
                "mirror ball"
            ],
            "type": "region"
        }
    ],
    "size": [
        2592,
        1728
    ]
}