{
    "objects": [
        {
            "data": [
                [
                    360.0,
                    516.0
                ],
                [
                    378.9343469413957,
                    511.29969752607053
                ],
                [
                    394.62867465814134,
                    499.71132339666997
                ],
                [
                    404.6936640247973,
                    482.9991025241268
                ],
                [
                    407.59701164964645,
                    463.7073190396261
                ],
                [
                    402.8967091757163,
                    444.7729720982304
                ],
                [
                    391.3083350463162,
                    429.07864438148476
                ],
                [
                    374.596114173773,
                    419.0136550148288
                ],
                [
                    355.3043306892723,
                    416.1103073899799
                ],
                [
                    336.36998374787663,
                    420.81060986390935
                ],
                [
                    320.675656031131,
                    432.3989839933099
                ],
                [
                    310.61066666447505,
                    449.1112048658531
                ],
                [
                    307.7073190396259,
                    468.4029883503538
                ],
                [
                    312.407621513556,
                    487.33733529174947
                ],
                [
                    323.99599564295613,
                    503.0316630084951
                ],
                [
                    340.7082165154993,
                    513.096652375151
                ]
            ],
            "tags": [
                "mirror ball"
            ],
            "type": "region"
        }
    ],
    "size": [
        2592,
        1728
    ]
}