{
    "objects": [
        {
            "data": [
                [
                    410.0,
                    440.0
                ],
                [
                    428.71696697927155,
                    436.10056004307626
                ],
                [
                    444.51693861509284,
                    425.3352741115259
                ],
                [
                    454.99451245301043,
                    409.34305940086756
                ],
                [
                    458.5545728556435,
                    390.55858563101174
                ],
                [
                    454.6551328987198,
                    371.84161865173996
                ],
                [
                    443.88984696716943,
                    356.04164701591844
                ],
                [
                    427.8976322565113,
                    345.5640731780013
                ],
                [
                    409.11315848665527,
                    342.0040127753682
                ],
                [
                    390.3961915073837,
                    345.90345273229195
                ],
                [
                    374.5962198715624,
                    356.6687386638423
                ],
                [
                    364.11864603364484,
                    372.66095337450065
                ],
                [
                    360.55858563101174,
                    391.4454271443565
                ],
                [
                    364.4580255879355,
                    410.16239412362825
                ],
                [
                    375.22331151948583,
                    425.96236575944977
                ],
                [
                    391.2155262301444,
                    436.4399395973669
                ]
            ],
            "tags": [
                "mirror ball"
            ],
            "type": "region"
        }
    ],
    "size": [
        2592,
        1728
    ]
}