{
    "objects": [
        {
            "data": [
                [
                    495.0,
                    463.0
                ],
                [
                    512.7789436072258,
                    459.38169571953495
                ],
                [
                    527.8198806142241,
                    449.2351112889771
                ],
                [
                    537.8329647081136,
                    434.1049722088617
                ],
                [
                    541.2937946044326,
                    416.29470499908393
                ],
                [
                    537.675490323968,
                    398.5157613918584
                ],
                [
                    527.52890589341,
                    383.47482438485963
                ],
                [
                    512.3987668132945,
                    373.4617402909703
                ],
                [
                    494.58849960351654,
                    370.0009103946513
                ],
                [
                    476.8095559962908,
                    373.6192146751164
                ],
                [
                    461.76861898929246,
                    383.7657991056742
                ],
                [
                    451.7555348954029,
                    398.89593818578965
                ],
                [
                    448.29470499908393,
                    416.7062053955674
                ],
                [
                    451.91300927954853,
                    434.4851490027929
                ],
                [
                    462.0595937101066,
                    449.5260860097917
                ],
                [
                    477.1897327902225,
                    459.53917010368104
                ]
            ],
            "tags": [
                "mirror ball"
            ],
            "type": "region"
        }
    ],
    "size": [
        2592,
        1728
    ]
}