{
    "objects": [
        {
            "data": [
                [
                    288.0,
                    353.0
                ],
                [
                    307.2098913884365,
                    349.5967059650932
                ],
                [
                    323.65513262135255,
                    339.1011650912376
                ],
                [
                    334.8320847975183,
                    323.11122833416266
                ],
                [
                    339.0391582674383,
                    304.06121861599536
                ],
                [
                    335.6358642325313,
                    284.8513272275587
                ],
                [
                    325.1403233586757,
                    268.40608599464304
                ],
                [
                    309.150386601601,
                    257.2291338184766
                ],
                [
                    290.10037688343346,
                    253.02206034855726
                ],
                [
                    270.89048549499694,
                    256.4253543834641
                ],
                [
                    254.4452442620809,
                    266.92089525731967
                ],
                [
                    243.26829208591516,
                    282.9108320143946
                ],
                [
                    239.06121861599513,
                    301.9608417325619
                ],
                [
                    242.46451265090218,
                    321.17073312099865
                ],
                [
                    252.96005352475777,
                    337.6159743539142
                ],
                [
                    268.94999028183247,
                    348.79292653008065
                ]
            ],
            "tags": [
                "mirror ball"
            ],
            "type": "region"
        }
    ],
    "size": [
        2592,
        1728
    ]
}