{
    "objects": [
        {
            "data": [
                [
                    388.0,
                    516.0
                ],
                [
                    406.1602876769939,
                    512.298978380009
                ],
                [
                    421.52188610948997,
                    501.9300390349483
                ],
                [
                    431.74613118937714,
                    486.4717589854338
                ],
                [
                    435.2764742862555,
                    468.27752123934647
                ],
                [
                    431.5754526662645,
                    450.11723356235257
                ],
                [
                    421.2065133212036,
                    434.7556351298565
                ],
                [
                    405.74823327168906,
                    424.5313900499691
                ],
                [
                    387.55399552560175,
                    421.0010469530912
                ],
                [
                    369.39370784860785,
                    424.7020685730822
                ],
                [
                    354.0321094161118,
                    435.07100791814287
                ],
                [
                    343.8078643362246,
                    450.5292879676574
                ],
                [
                    340.27752123934624,
                    468.7235257137447
                ],
                [
                    343.97854285933727,
                    486.8838133907386
                ],
                [
                    354.34748220439815,
                    502.2454118232347
                ],
                [
                    369.8057622539127,
                    512.4696569031221
                ]
            ],
            "tags": [
                "mirror ball"
            ],
            "type": "region"
        }
    ],
    "size": [
        2592,
        1728
    ]
}