{
    "objects": [
        {
            "data": [
                [
                    443.0,
                    505.0
                ],
                [
                    461.4207901080731,
                    501.6180470165457
                ],
                [
                    477.14516368580325,
                    491.4441986897825
                ],
                [
                    487.7792273977816,
                    476.0273312012955
                ],
                [
                    491.70404144188706,
                    457.7145228719544
                ],
                [
                    488.322088458433,
                    439.29373276388105
                ],
                [
                    478.14824013167026,
                    423.56935918615113
                ],
                [
                    462.731372643183,
                    412.9352954741728
                ],
                [
                    444.41856431384167,
                    409.0104814300671
                ],
                [
                    425.99777420576856,
                    412.3924344135214
                ],
                [
                    410.2734006280384,
                    422.5662827402846
                ],
                [
                    399.6393369160601,
                    437.9831502287716
                ],
                [
                    395.7145228719546,
                    456.2959585581127
                ],
                [
                    399.0964758554087,
                    474.71674866618605
                ],
                [
                    409.2703241821714,
                    490.4411222439162
                ],
                [
                    424.6871916706591,
                    501.07518595589454
                ]
            ],
            "tags": [
                "mirror ball"
            ],
            "type": "region"
        }
    ],
    "size": [
        2592,
        1728
    ]
}