{
    "objects": [
        {
            "data": [
                [
                    454.0,
                    479.0
                ],
                [
                    472.74593188400377,
                    474.35044209319494
                ],
                [
                    488.28560589072913,
                    462.8810531516194
                ],
                [
                    498.25324752014785,
                    446.33794367135783
                ],
                [
                    501.1313736910779,
                    427.2396521071198
                ],
                [
                    496.48181578427284,
                    408.49372022311604
                ],
                [
                    485.0124268426971,
                    392.9540462163907
                ],
                [
                    468.4693173624355,
                    382.98640458697173
                ],
                [
                    449.3710257981975,
                    380.10827841604214
                ],
                [
                    430.6250939141937,
                    384.7578363228472
                ],
                [
                    415.08541990746835,
                    396.2272252644227
                ],
                [
                    405.1177782780496,
                    412.7703347446843
                ],
                [
                    402.2396521071196,
                    431.86862630892233
                ],
                [
                    406.88921001392464,
                    450.6145581929261
                ],
                [
                    418.3585989555004,
                    466.15423219965146
                ],
                [
                    434.901708435762,
                    476.1218738290702
                ]
            ],
            "tags": [
                "mirror ball"
            ],
            "type": "region"
        }
    ],
    "size": [
        2592,
        1728
    ]
}