{
    "objects": [
        {
            "data": [
                [
                    403.0,
                    518.0
                ],
                [
                    421.543016321526,
                    514.2230587772285
                ],
                [
                    437.22915674103524,
                    503.63751495368797
                ],
                [
                    447.6703485748744,
                    487.85492161831917
                ],
                [
                    451.27701501598085,
                    469.27803553686726
                ],
                [
                    447.50007379320914,
                    450.73501921534125
                ],
                [
                    436.9145299696688,
                    435.048878795832
                ],
                [
                    421.1319366343005,
                    424.60768696199307
                ],
                [
                    402.5550505528481,
                    421.0010205208864
                ],
                [
                    384.0120342313221,
                    424.7779617436579
                ],
                [
                    368.3258938118129,
                    435.36350556719844
                ],
                [
                    357.8847019779737,
                    451.146098902567
                ],
                [
                    354.27803553686726,
                    469.72298498401915
                ],
                [
                    358.054976759639,
                    488.26600130554516
                ],
                [
                    368.6405205831793,
                    503.9521417250544
                ],
                [
                    384.42311391854764,
                    514.3933335588933
                ]
            ],
            "tags": [
                "mirror ball"
            ],
            "type": "region"
        }
    ],
    "size": [
        2592,
        1728
    ]
}