{
    "objects": [
        {
            "data": [
                [
                    417.0,
                    485.0
                ],
                [
                    435.8927494053887,
                    480.98847026265344
                ],
                [
                    451.8122279249701,
                    470.05235785499076
                ],
                [
                    462.3348392645694,
                    453.8565867549728
                ],
                [
                    465.85861123544237,
                    434.8668162975466
                ],
                [
                    461.8470814980956,
                    415.9740668921577
                ],
                [
                    450.91096909043245,
                    400.0545883725765
                ],
                [
                    434.7151979904147,
                    389.53197703297724
                ],
                [
                    415.72542753298876,
                    386.0082050621045
                ],
                [
                    396.83267812760005,
                    390.01973479945104
                ],
                [
                    380.91319960801866,
                    400.9558472071137
                ],
                [
                    370.3905882684194,
                    417.1516183071317
                ],
                [
                    366.8668162975464,
                    436.14138876455786
                ],
                [
                    370.8783460348932,
                    455.0341381699468
                ],
                [
                    381.8144584425563,
                    470.95361668952796
                ],
                [
                    398.01022954257405,
                    481.47622802912724
                ]
            ],
            "tags": [
                "mirror ball"
            ],
            "type": "region"
        }
    ],
    "size": [
        2592,
        1728
    ]
}