{
    "objects": [
        {
            "data": [
                [
                    398.0,
                    473.0
                ],
                [
                    416.75148818588923,
                    469.270097093053
                ],
                [
                    432.64823227814077,
                    458.64823227814077
                ],
                [
                    443.2700970930532,
                    442.75148818588946
                ],
                [
                    447.0,
                    424.0
                ],
                [
                    443.2700970930532,
                    405.24851181411054
                ],
                [
                    432.64823227814077,
                    389.35176772185923
                ],
                [
                    416.75148818588923,
                    378.729902906947
                ],
                [
                    398.0,
                    375.0
                ],
                [
                    379.24851181411077,
                    378.729902906947
                ],
                [
                    363.35176772185923,
                    389.35176772185923
                ],
                [
                    352.7299029069468,
                    405.24851181411054
                ],
                [
                    349.0,
                    424.0
                ],
                [
                    352.7299029069468,
                    442.75148818588946
                ],
                [
                    363.35176772185923,
                    458.64823227814077
                ],
                [
                    379.24851181411077,
                    469.270097093053
                ]
            ],
            "tags": [
                "mirror ball"
            ],
            "type": "region"
        }
    ],
    "size": [
        2592,
        1728
    ]
}