{
    "objects": [
        {
            "data": [
                [
                    339.0,
                    469.0
                ],
                [
                    357.71804960662166,
                    465.1057601762527
                ],
                [
                    373.5210114645056,
                    454.3448642377607
                ],
                [
                    384.0030278849954,
                    438.3555610433941
                ],
                [
                    387.568306887787,
                    419.57207706110125
                ],
                [
                    383.6740670640402,
                    400.8540274544798
                ],
                [
                    372.91317112554816,
                    385.05106559659544
                ],
                [
                    356.9238679311816,
                    374.56904917610564
                ],
                [
                    338.1403839488885,
                    371.003770173314
                ],
                [
                    319.4223343422668,
                    374.8980099970613
                ],
                [
                    303.6193724843829,
                    385.6589059355533
                ],
                [
                    293.1373560638931,
                    401.6482091299199
                ],
                [
                    289.5720770611015,
                    420.43169311221277
                ],
                [
                    293.4663168848483,
                    439.1497427188342
                ],
                [
                    304.2272128233403,
                    454.9527045767186
                ],
                [
                    320.21651601770736,
                    465.4347209972084
                ]
            ],
            "tags": [
                "mirror ball"
            ],
            "type": "region"
        }
    ],
    "size": [
        2592,
        1728
    ]
}