{
    "objects": [
        {
            "data": [
                [
                    382.0,
                    493.0
                ],
                [
                    400.9907644982268,
                    489.4815891795706
                ],
                [
                    417.18950559564837,
                    478.9635504941907
                ],
                [
                    428.1301118021356,
                    463.0471599874518
                ],
                [
                    432.1469749995931,
                    444.1555438315652
                ],
                [
                    428.62856417916373,
                    425.1647793333382
                ],
                [
                    418.1105254937838,
                    408.9660382359166
                ],
                [
                    402.1941349870449,
                    398.02543202942934
                ],
                [
                    383.3025188311585,
                    394.00856883197184
                ],
                [
                    364.31175433293174,
                    397.5269796524012
                ],
                [
                    348.11301323551015,
                    408.04501833778113
                ],
                [
                    337.1724070290229,
                    423.96140884452007
                ],
                [
                    333.1555438315654,
                    442.85302500040666
                ],
                [
                    336.6739546519948,
                    461.84378949863367
                ],
                [
                    347.1919933373747,
                    478.04253059605526
                ],
                [
                    363.10838384411363,
                    488.9831368025425
                ]
            ],
            "tags": [
                "mirror ball"
            ],
            "type": "region"
        }
    ],
    "size": [
        2592,
        1728
    ]
}