{
    "objects": [
        {
            "data": [
                [
                    451.0,
                    432.0
                ],
                [
                    469.81943878326,
                    427.65752664814477
                ],
                [
                    485.5445404812208,
                    416.4437169691273
                ],
                [
                    495.7813009087704,
                    400.0657718331404
                ],
                [
                    498.9712660872783,
                    381.0170849206954
                ],
                [
                    494.6287927354224,
                    362.19764613743564
                ],
                [
                    483.4149830564056,
                    346.4725444394744
                ],
                [
                    467.0370379204187,
                    336.23578401192503
                ],
                [
                    447.9883510079735,
                    333.04581883341734
                ],
                [
                    429.1689122247135,
                    337.3882921852726
                ],
                [
                    413.4438105267527,
                    348.60210186429003
                ],
                [
                    403.2070500992031,
                    364.98004700027695
                ],
                [
                    400.0170849206952,
                    384.0287339127219
                ],
                [
                    404.3595582725511,
                    402.8481726959817
                ],
                [
                    415.5733679515679,
                    418.57327439394294
                ],
                [
                    431.95131308755526,
                    428.8100348214923
                ]
            ],
            "tags": [
                "mirror ball"
            ],
            "type": "region"
        }
    ],
    "size": [
        2592,
        1728
    ]
}