{
    "objects": [
        {
            "data": [
                [
                    459.0,
                    527.0
                ],
                [
                    477.76714558074264,
                    522.4368215376066
                ],
                [
                    493.35947446996715,
                    511.0391186664708
                ],
                [
                    503.4031959391027,
                    494.54208832828976
                ],
                [
                    506.3692444410344,
                    475.45725384609864
                ],
                [
                    501.8060659786411,
                    456.690108265356
                ],
                [
                    490.408363107505,
                    441.0977793761315
                ],
                [
                    473.9113327693244,
                    431.05405790699615
                ],
                [
                    454.8264982871333,
                    428.088009405064
                ],
                [
                    436.05935270639065,
                    432.65118786745734
                ],
                [
                    420.46702381716614,
                    444.0488907385932
                ],
                [
                    410.4233023480306,
                    460.5459210767742
                ],
                [
                    407.45725384609887,
                    479.63075555896535
                ],
                [
                    412.0204323084922,
                    498.397901139708
                ],
                [
                    423.4181351796283,
                    513.9902300289325
                ],
                [
                    439.9151655178089,
                    524.0339514980678
                ]
            ],
            "tags": [
                "mirror ball"
            ],
            "type": "region"
        }
    ],
    "size": [
        2592,
        1728
    ]
}