{
    "objects": [
        {
            "data": [
                [
                    408.0,
                    500.0
                ],
                [
                    426.6993767767053,
                    496.0170622596354
                ],
                [
                    442.4511439660405,
                    485.18136591404823
                ],
                [
                    452.85723780355556,
                    469.1425475060221
                ],
                [
                    456.33342483396336,
                    450.3423717459282
                ],
                [
                    452.350487093599,
                    431.6429949692231
                ],
                [
                    441.5147907480118,
                    415.89122777988746
                ],
                [
                    425.4759723399857,
                    405.48513394237284
                ],
                [
                    406.67579657989154,
                    402.0089469119648
                ],
                [
                    387.9764198031862,
                    405.9918846523294
                ],
                [
                    372.22465261385105,
                    416.8275809979166
                ],
                [
                    361.818558776336,
                    432.86639940594273
                ],
                [
                    358.3423717459282,
                    451.66657516603664
                ],
                [
                    362.32530948629255,
                    470.36595194274173
                ],
                [
                    373.1610058318797,
                    486.11771913207735
                ],
                [
                    389.1998242399063,
                    496.523812969592
                ]
            ],
            "tags": [
                "mirror ball"
            ],
            "type": "region"
        }
    ],
    "size": [
        2592,
        1728
    ]
}