{
    "objects": [
        {
            "data": [
                [
                    333.0,
                    431.0
                ],
                [
                    352.67594240177687,
                    426.9209914935309
                ],
                [
                    369.2931738937473,
                    415.62282184813466
                ],
                [
                    380.32187161683714,
                    398.8255349741605
                ],
                [
                    384.08301631810036,
                    379.08636553038605
                ],
                [
                    380.00400781163125,
                    359.4104231286094
                ],
                [
                    368.705838166235,
                    342.7931916366392
                ],
                [
                    351.90855129226065,
                    331.7644939135489
                ],
                [
                    332.1693818484864,
                    328.0033492122857
                ],
                [
                    312.49343944670954,
                    332.0823577187548
                ],
                [
                    295.87620795473913,
                    343.380527364151
                ],
                [
                    284.84751023164927,
                    360.17781423812517
                ],
                [
                    281.08636553038605,
                    379.91698368189964
                ],
                [
                    285.16537403685516,
                    399.5929260836763
                ],
                [
                    296.4635436822514,
                    416.21015757564646
                ],
                [
                    313.26083055622576,
                    427.2388552987368
                ]
            ],
            "tags": [
                "mirror ball"
            ],
            "type": "region"
        }
    ],
    "size": [
        2592,
        1728
    ]
}