{
    "objects": [
        {
            "data": [
                [
                    419.0,
                    526.0
                ],
                [
                    438.42312984296495,
                    522.6842087626783
                ],
                [
                    455.0988635904855,
                    512.1879071088579
                ],
                [
                    466.4884719454035,
                    496.10906181612154
                ],
                [
                    470.8579902827405,
                    476.89553132519245
                ],
                [
                    467.54219904541924,
                    457.47240148222727
                ],
                [
                    457.0458973915988,
                    440.79666773470717
                ],
                [
                    440.96705209886204,
                    429.40705937978873
                ],
                [
                    421.7535216079332,
                    425.0375410424517
                ],
                [
                    402.3303917649682,
                    428.35333227977344
                ],
                [
                    385.6546580174477,
                    438.84963393359385
                ],
                [
                    374.2650496625297,
                    454.9284792263302
                ],
                [
                    369.8955313251927,
                    474.14200971725927
                ],
                [
                    373.21132256251394,
                    493.56513956022445
                ],
                [
                    383.70762421633435,
                    510.24087330774455
                ],
                [
                    399.78646950907114,
                    521.630481662663
                ]
            ],
            "tags": [
                "mirror ball"
            ],
            "type": "region"
        }
    ],
    "size": [
        2592,
        1728
    ]
}