{
    "objects": [
        {
            "data": [
                [
                    407.0,
                    485.0
                ],
                [
                    425.4179262355092,
                    480.6538830567988
                ],
                [
                    440.77068436651507,
                    469.5903593382227
                ],
                [
                    450.7209561406703,
                    453.493750039333
                ],
                [
                    453.7539028797978,
                    434.81461800975876
                ],
                [
                    449.4077859365966,
                    416.3966917742491
                ],
                [
                    438.3442622180205,
                    401.0439336432437
                ],
                [
                    422.2476529191308,
                    391.09366186908846
                ],
                [
                    403.56852088955657,
                    388.06071512996095
                ],
                [
                    385.1505946540474,
                    392.40683207316215
                ],
                [
                    369.7978365230415,
                    403.47035579173826
                ],
                [
                    359.84756474888627,
                    419.56696509062795
                ],
                [
                    356.81461800975876,
                    438.2460971202022
                ],
                [
                    361.16073495295996,
                    456.66402335571183
                ],
                [
                    372.22425867153606,
                    472.01678148671726
                ],
                [
                    388.32086797042575,
                    481.9670532608725
                ]
            ],
            "tags": [
                "mirror ball"
            ],
            "type": "region"
        }
    ],
    "size": [
        2592,
        1728
    ]
}