{
    "objects": [
        {
            "data": [
                [
                    335.0,
                    444.0
                ],
                [
                    354.1327817743618,
                    439.28946860738324
                ],
                [
                    370.0065249341096,
                    427.61570646638734
                ],
                [
                    380.20459597901163,
                    410.75593804006235
                ],
                [
                    383.17443103822643,
                    391.2769102371342
                ],
                [
                    378.4638996456092,
                    372.1441284627724
                ],
                [
                    366.790137504614,
                    356.27038530302457
                ],
                [
                    349.93036907828855,
                    346.07231425812233
                ],
                [
                    330.4513412753604,
                    343.102479198908
                ],
                [
                    311.3185595009986,
                    347.81301059152474
                ],
                [
                    295.44481634125077,
                    359.48677273252065
                ],
                [
                    285.24674529634876,
                    376.34654115884564
                ],
                [
                    282.27691023713396,
                    395.8255689617738
                ],
                [
                    286.9874416297512,
                    414.95835073613557
                ],
                [
                    298.6612037707464,
                    430.8320938958834
                ],
                [
                    315.52097219707184,
                    441.03016494078565
                ]
            ],
            "tags": [
                "mirror ball"
            ],
            "type": "region"
        }
    ],
    "size": [
        2592,
        1728
    ]
}