{
    "objects": [
        {
            "data": [
                [
                    349.0,
                    424.0
                ],
                [
                    368.79346145542013,
                    419.5414832296201
                ],
                [
                    385.3740348706874,
                    407.8477210719616
                ],
                [
                    396.21747824659997,
                    390.69898281130986
                ],
                [
                    399.67297562523436,
                    370.7060083941499
                ],
                [
                    395.21445885485446,
                    350.91254693872975
                ],
                [
                    383.52069669719594,
                    334.33197352346224
                ],
                [
                    366.371958436544,
                    323.4885301475497
                ],
                [
                    346.378984019384,
                    320.03303276891575
                ],
                [
                    326.5855225639639,
                    324.49154953929565
                ],
                [
                    310.0049491486966,
                    336.18531169695416
                ],
                [
                    299.16150577278404,
                    353.3340499576059
                ],
                [
                    295.70600839414965,
                    373.32702437476587
                ],
                [
                    300.16452516452955,
                    393.120485830186
                ],
                [
                    311.85828732218806,
                    409.7010592454535
                ],
                [
                    329.00702558284,
                    420.54450262136606
                ]
            ],
            "tags": [
                "mirror ball"
            ],
            "type": "region"
        }
    ],
    "size": [
        2592,
        1728
    ]
}