{
    "objects": [
        {
            "data": [
                [
                    401.0,
                    475.0
                ],
                [
                    419.57666146627935,
                    471.3921768241901
                ],
                [
                    435.3586046210803,
                    460.9500022633397
                ],
                [
                    445.9431716827562,
                    445.2632027357897
                ],
                [
                    449.71895826550553,
                    426.7199512684181
                ],
                [
                    446.11113508969584,
                    408.1432898021387
                ],
                [
                    435.6689605288457,
                    392.36134664733754
                ],
                [
                    419.9821610012955,
                    381.77677958566187
                ],
                [
                    401.43890953392383,
                    378.0009930029123
                ],
                [
                    382.8622480676445,
                    381.60881617872224
                ],
                [
                    367.08030491284353,
                    392.0509907395726
                ],
                [
                    356.49573785116763,
                    407.7377902671226
                ],
                [
                    352.7199512684183,
                    426.28104173449424
                ],
                [
                    356.327774444228,
                    444.8577032007736
                ],
                [
                    366.76994900507816,
                    460.63964635557477
                ],
                [
                    382.45674853262835,
                    471.22421341725067
                ]
            ],
            "tags": [
                "mirror ball"
            ],
            "type": "region"
        }
    ],
    "size": [
        2592,
        1728
    ]
}