{
    "objects": [
        {
            "data": [
                [
                    411.0,
                    483.0
                ],
                [
                    429.9861375645951,
                    478.51347374666784
                ],
                [
                    445.81012219594686,
                    467.1027836785645
                ],
                [
                    456.06289567871,
                    450.5051039203961
                ],
                [
                    459.18356619175665,
                    431.2472807570018
                ],
                [
                    454.69703993842495,
                    412.26114319240673
                ],
                [
                    443.2863498703218,
                    396.43715856105496
                ],
                [
                    426.688670112153,
                    386.1843850782916
                ],
                [
                    407.4308469487587,
                    383.06371456524494
                ],
                [
                    388.4447093841636,
                    387.5502408185771
                ],
                [
                    372.62072475281184,
                    398.96093088668044
                ],
                [
                    362.3679512700487,
                    415.55861064484884
                ],
                [
                    359.24728075700204,
                    434.8164338082431
                ],
                [
                    363.73380701033375,
                    453.8025713728382
                ],
                [
                    375.14449707843687,
                    469.62655600419
                ],
                [
                    391.7421768366057,
                    479.87932948695334
                ]
            ],
            "tags": [
                "mirror ball"
            ],
            "type": "region"
        }
    ],
    "size": [
        2592,
        1728
    ]
}