{
    "objects": [
        {
            "data": [
                [
                    369.0,
                    485.0
                ],
                [
                    388.02742580482663,
                    480.6919372468137
                ],
                [
                    403.9578508210493,
                    469.4303256283076
                ],
                [
                    414.3660122496103,
                    452.9296434266357
                ],
                [
                    417.6673618632303,
                    433.70196992794604
                ],
                [
                    413.35929911004405,
                    414.67454412311963
                ],
                [
                    402.0976874915382,
                    398.74411910689673
                ],
                [
                    385.5970052898665,
                    388.3359576783355
                ],
                [
                    366.3693317911766,
                    385.0346080647155
                ],
                [
                    347.34190598634996,
                    389.34267081790176
                ],
                [
                    331.4114809701273,
                    400.60428243640786
                ],
                [
                    321.00331954156627,
                    417.10496463807976
                ],
                [
                    317.70196992794627,
                    436.33263813676945
                ],
                [
                    322.01003268113254,
                    455.36006394159585
                ],
                [
                    333.2716442996384,
                    471.29048895781875
                ],
                [
                    349.77232650131054,
                    481.69865038638
                ]
            ],
            "tags": [
                "mirror ball"
            ],
            "type": "region"
        }
    ],
    "size": [
        2592,
        1728
    ]
}