{
    "objects": [
        {
            "data": [
                [
                    411.0,
                    524.0
                ],
                [
                    429.87797091406264,
                    519.9194896034628
                ],
                [
                    445.75739813255996,
                    508.92530286042097
                ],
                [
                    456.22078280884216,
                    492.691205039951
                ],
                [
                    459.6751694767636,
                    473.68869037275704
                ],
                [
                    455.59465908022685,
                    454.8107194586946
                ],
                [
                    444.6004723371848,
                    438.9312922401971
                ],
                [
                    428.36637451671504,
                    428.46790756391465
                ],
                [
                    409.36385984952085,
                    425.0135208959932
                ],
                [
                    390.4858889354582,
                    429.0940312925304
                ],
                [
                    374.6064617169609,
                    440.08821803557225
                ],
                [
                    364.1430770406787,
                    456.3223158560422
                ],
                [
                    360.68869037275726,
                    475.3248305232362
                ],
                [
                    364.769200769294,
                    494.2028014372986
                ],
                [
                    375.76338751233607,
                    510.08222865579614
                ],
                [
                    391.9974853328058,
                    520.5456133320786
                ]
            ],
            "tags": [
                "mirror ball"
            ],
            "type": "region"
        }
    ],
    "size": [
        2592,
        1728
    ]
}