{
    "objects": [
        {
            "data": [
                [
                    390.0,
                    497.0
                ],
                [
                    408.95889500398107,
                    493.31372123185815
                ],
                [
                    425.0639522455431,
                    482.6527887128682
                ],
                [
                    435.86332275236464,
                    466.64023277745196
                ],
                [
                    439.71290026132056,
                    447.71381991259614
                ],
                [
                    436.0266214931785,
                    428.75492490861484
                ],
                [
                    425.36568897418874,
                    412.64986766705306
                ],
                [
                    409.35313303877274,
                    401.85049716023127
                ],
                [
                    390.4267201739167,
                    398.0009196512756
                ],
                [
                    371.4678251699356,
                    401.6871984194174
                ],
                [
                    355.3627679283736,
                    412.3481309384074
                ],
                [
                    344.56339742155205,
                    428.3606868738236
                ],
                [
                    340.71381991259614,
                    447.28709973867944
                ],
                [
                    344.4000986807382,
                    466.24599474266074
                ],
                [
                    355.06103119972795,
                    482.3510519842225
                ],
                [
                    371.07358713514395,
                    493.1504224910443
                ]
            ],
            "tags": [
                "mirror ball"
            ],
            "type": "region"
        }
    ],
    "size": [
        2592,
        1728
    ]
}