{
    "objects": [
        {
            "data": [
                [
                    419.0,
                    477.0
                ],
                [
                    437.9265546699685,
                    473.15111974034903
                ],
                [
                    453.939508441983,
                    462.35233914142214
                ],
                [
                    464.6010342620416,
                    446.2476746582154
                ],
                [
                    468.2880114710124,
                    427.28891546914997
                ],
                [
                    464.43913121136166,
                    408.3623607991815
                ],
                [
                    453.6403506124343,
                    392.349407027167
                ],
                [
                    437.535686129228,
                    381.6878812071084
                ],
                [
                    418.5769269401626,
                    378.00090399813735
                ],
                [
                    399.6503722701941,
                    381.8497842577883
                ],
                [
                    383.6374184981796,
                    392.6485648567152
                ],
                [
                    372.975892678121,
                    408.753229339922
                ],
                [
                    369.2889154691502,
                    427.7119885289874
                ],
                [
                    373.13779572880094,
                    446.63854319895586
                ],
                [
                    383.9365763277283,
                    462.65149697097036
                ],
                [
                    400.0412408109346,
                    473.3130227910292
                ]
            ],
            "tags": [
                "mirror ball"
            ],
            "type": "region"
        }
    ],
    "size": [
        2592,
        1728
    ]
}