{
    "objects": [
        {
            "data": [
                [
                    337.0,
                    440.0
                ],
                [
                    354.61938693973525,
                    436.5796166471994
                ],
                [
                    369.5886538672994,
                    426.67694700393804
                ],
                [
                    379.6288655897133,
                    411.79958275547847
                ],
                [
                    383.21149088698485,
                    394.21246774500605
                ],
                [
                    379.79110753418445,
                    376.5930808052706
                ],
                [
                    369.88843789092243,
                    361.62381387770665
                ],
                [
                    355.01107364246354,
                    351.58360215529297
                ],
                [
                    337.4239586319909,
                    348.0009768580212
                ],
                [
                    319.80457169225565,
                    351.42136021082183
                ],
                [
                    304.8353047646915,
                    361.32402985408316
                ],
                [
                    294.79509304227804,
                    376.20139410254274
                ],
                [
                    291.21246774500605,
                    393.78850911301515
                ],
                [
                    294.63285109780645,
                    411.40789605275063
                ],
                [
                    304.53552074106847,
                    426.37716298031455
                ],
                [
                    319.41288498952736,
                    436.41737470272824
                ]
            ],
            "tags": [
                "mirror ball"
            ],
            "type": "region"
        }
    ],
    "size": [
        2592,
        1728
    ]
}