{
    "objects": [
        {
            "data": [
                [
                    355.0,
                    511.0
                ],
                [
                    373.9929132386319,
                    505.7538879981473
                ],
                [
                    389.5324768951259,
                    493.63883926560175
                ],
                [
                    399.2529332692761,
                    476.49926014870334
                ],
                [
                    401.6744309942751,
                    456.9444961973279
                ],
                [
                    396.4283189924222,
                    437.9515829586958
                ],
                [
                    384.31327025987684,
                    422.41201930220177
                ],
                [
                    367.17369114297844,
                    412.6915629280518
                ],
                [
                    347.6189271916028,
                    410.27006520305304
                ],
                [
                    328.6260139529709,
                    415.5161772049055
                ],
                [
                    313.08645029647687,
                    427.6312259374513
                ],
                [
                    303.36599392232665,
                    444.7708050543497
                ],
                [
                    300.9444961973277,
                    464.32556900572513
                ],
                [
                    306.1906081991806,
                    483.31848224435726
                ],
                [
                    318.30565693172593,
                    498.85804590085127
                ],
                [
                    335.44523604862434,
                    508.5785022750015
                ]
            ],
            "tags": [
                "mirror ball"
            ],
            "type": "region"
        }
    ],
    "size": [
        2592,
        1728
    ]
}