{
    "objects": [
        {
            "data": [
                [
                    459.0,
                    501.0
                ],
                [
                    477.4372215528324,
                    497.70880331797593
                ],
                [
                    493.21150673900456,
                    487.61251483887145
                ],
                [
                    503.9213636331733,
                    472.24820296054713
                ],
                [
                    507.9363136082957,
                    453.9549448886437
                ],
                [
                    504.64511692627184,
                    435.5177233358113
                ],
                [
                    494.5488284471671,
                    419.74343814963913
                ],
                [
                    479.18451656884235,
                    409.0335812554706
                ],
                [
                    460.8912584969394,
                    405.018631280348
                ],
                [
                    442.454036944107,
                    408.3098279623721
                ],
                [
                    426.6797517579348,
                    418.40611644147657
                ],
                [
                    415.96989486376606,
                    433.7704283198009
                ],
                [
                    411.9549448886437,
                    452.0636863917043
                ],
                [
                    415.24614157066753,
                    470.5009079445367
                ],
                [
                    425.34243004977225,
                    486.2751931307089
                ],
                [
                    440.706741928097,
                    496.98505002487764
                ]
            ],
            "tags": [
                "mirror ball"
            ],
            "type": "region"
        }
    ],
    "size": [
        2592,
        1728
    ]
}