{
    "objects": [
        {
            "data": [
                [
                    349.0,
                    480.0
                ],
                [
                    368.0664323481974,
                    475.0277166273636
                ],
                [
                    383.7787084849756,
                    463.1375180155735
                ],
                [
                    393.7447768006482,
                    446.13957911835655
                ],
                [
                    396.4473937367884,
                    426.6216820461134
                ],
                [
                    391.47511036415153,
                    407.555249697916
                ],
                [
                    379.5849117523617,
                    391.8429735611378
                ],
                [
                    362.5869728551447,
                    381.87690524546497
                ],
                [
                    343.06907578290156,
                    379.1742883093252
                ],
                [
                    324.00264343470417,
                    384.14657168196163
                ],
                [
                    308.29036729792597,
                    396.0367702937517
                ],
                [
                    298.32429898225337,
                    413.03470919096867
                ],
                [
                    295.62168204611316,
                    432.5526062632118
                ],
                [
                    300.59396541875003,
                    451.6190386114092
                ],
                [
                    312.4841640305399,
                    467.33131474818765
                ],
                [
                    329.48210292775684,
                    477.29738306386025
                ]
            ],
            "tags": [
                "mirror ball"
            ],
            "type": "region"
        }
    ],
    "size": [
        2592,
        1728
    ]
}