{
    "objects": [
        {
            "data": [
                [
                    415.0,
                    494.0
                ],
                [
                    433.8527574508553,
                    489.8045396643936
                ],
                [
                    449.6649010295191,
                    478.71380180002416
                ],
                [
                    460.0291752135781,
                    462.4162507089525
                ],
                [
                    463.3677132108887,
                    443.3930408071258
                ],
                [
                    459.17225287528254,
                    424.54028335627004
                ],
                [
                    448.0815150109124,
                    408.72813977760643
                ],
                [
                    431.78396391984097,
                    398.36386559354764
                ],
                [
                    412.76075401801427,
                    395.0253275962373
                ],
                [
                    393.907996567159,
                    399.2207879318437
                ],
                [
                    378.09585298849515,
                    410.3115257962131
                ],
                [
                    367.73157880443614,
                    426.6090768872848
                ],
                [
                    364.39304080712554,
                    445.6322867891115
                ],
                [
                    368.58850114273173,
                    464.48504423996724
                ],
                [
                    379.67923900710184,
                    480.29718781863085
                ],
                [
                    395.9767900981733,
                    490.66146200268963
                ]
            ],
            "tags": [
                "mirror ball"
            ],
            "type": "region"
        }
    ],
    "size": [
        2592,
        1728
    ]
}