{
    "objects": [
        {
            "data": [
                [
                    372.0,
                    431.0
                ],
                [
                    390.87566269168974,
                    426.90882548917875
                ],
                [
                    406.748876410923,
                    415.9056697076778
                ],
                [
                    417.2030882599879,
                    399.6656633793748
                ],
                [
                    420.6467392525292,
                    380.6612002517302
                ],
                [
                    416.55556474170817,
                    361.78553756004044
                ],
                [
                    405.5524089602068,
                    345.9123238408072
                ],
                [
                    389.3124026319042,
                    335.4581119917427
                ],
                [
                    370.3079395042596,
                    332.01446099920076
                ],
                [
                    351.43227681256985,
                    336.105635510022
                ],
                [
                    335.5590630933366,
                    347.10879129152295
                ],
                [
                    325.1048512442717,
                    363.348797619826
                ],
                [
                    321.6612002517304,
                    382.3532607474706
                ],
                [
                    325.7523747625514,
                    401.2289234391603
                ],
                [
                    336.7555305440528,
                    417.1021371583936
                ],
                [
                    352.9955368723554,
                    427.55634900745804
                ]
            ],
            "tags": [
                "mirror ball"
            ],
            "type": "region"
        }
    ],
    "size": [
        2592,
        1728
    ]
}