{
    "objects": [
        {
            "data": [
                [
                    321.0,
                    381.0
                ],
                [
                    340.5631077151306,
                    377.3580927520752
                ],
                [
                    357.2433649594618,
                    366.50693197825876
                ],
                [
                    368.5013537744535,
                    350.0985085403472
                ],
                [
                    372.62314741694536,
                    330.6308561640333
                ],
                [
                    368.98124016902057,
                    311.0677484489029
                ],
                [
                    358.1300793952046,
                    294.3874912045711
                ],
                [
                    341.721655957293,
                    283.12950238957956
                ],
                [
                    322.25400358097886,
                    279.0077087470877
                ],
                [
                    302.69089586584823,
                    282.6496159950125
                ],
                [
                    286.01063862151705,
                    293.5007767688288
                ],
                [
                    274.75264980652537,
                    309.9092002067405
                ],
                [
                    270.6308561640335,
                    329.3768525830544
                ],
                [
                    274.2727634119583,
                    348.9399602981848
                ],
                [
                    285.1239241857743,
                    365.62021754251646
                ],
                [
                    301.5323476236863,
                    376.87820635750813
                ]
            ],
            "tags": [
                "mirror ball"
            ],
            "type": "region"
        }
    ],
    "size": [
        2592,
        1728
    ]
}