{
    "objects": [
        {
            "data": [
                [
                    485.0,
                    523.0
                ],
                [
                    503.6483181073836,
                    518.7844672167525
                ],
                [
                    519.2639029678139,
                    507.75342037851055
                ],
                [
                    529.4694233419204,
                    491.5862363697074
                ],
                [
                    532.7111812660173,
                    472.7442223997955
                ],
                [
                    528.4956484827699,
                    454.0959042924119
                ],
                [
                    517.4646016445276,
                    438.48031943198134
                ],
                [
                    501.29741763572474,
                    428.27479905787504
                ],
                [
                    482.4554036658128,
                    425.03304113377817
                ],
                [
                    463.8070855584292,
                    429.2485739170256
                ],
                [
                    448.1915006979989,
                    440.2796207552676
                ],
                [
                    437.98598032389236,
                    456.44680476407075
                ],
                [
                    434.7442223997955,
                    475.2888187339827
                ],
                [
                    438.95975518304294,
                    493.9371368413663
                ],
                [
                    449.99080202128516,
                    509.5527217017968
                ],
                [
                    466.15798603008807,
                    519.7582420759031
                ]
            ],
            "tags": [
                "mirror ball"
            ],
            "type": "region"
        }
    ],
    "size": [
        2592,
        1728
    ]
}