{
    "objects": [
        {
            "data": [
                [
                    414.0,
                    490.0
                ],
                [
                    432.7671901982121,
                    486.34992370697
                ],
                [
                    448.7089893808752,
                    475.79580016683485
                ],
                [
                    459.39840313519926,
                    459.94439901521173
                ],
                [
                    463.2080651168644,
                    441.2089523841262
                ],
                [
                    459.5579888238344,
                    422.4417621859143
                ],
                [
                    449.00386528369927,
                    406.49996300325074
                ],
                [
                    433.1524641320757,
                    395.81054924892715
                ],
                [
                    414.41701750099037,
                    392.000887267262
                ],
                [
                    395.64982730277825,
                    395.650963560292
                ],
                [
                    379.70802812011516,
                    406.20508710042714
                ],
                [
                    369.0186143657911,
                    422.05648825205026
                ],
                [
                    365.20895238412595,
                    440.7919348831358
                ],
                [
                    368.85902867715595,
                    459.5591250813477
                ],
                [
                    379.4131522172911,
                    475.50092426401125
                ],
                [
                    395.2645533689147,
                    486.19033801833484
                ]
            ],
            "tags": [
                "mirror ball"
            ],
            "type": "region"
        }
    ],
    "size": [
        2592,
        1728
    ]
}