{
    "objects": [
        {
            "data": [
                [
                    462.0,
                    534.0
                ],
                [
                    480.67381935769754,
                    530.9345131060911
                ],
                [
                    496.7530678096564,
                    520.9562112204574
                ],
                [
                    507.78982553781543,
                    505.58420035165545
                ],
                [
                    512.1038462265205,
                    487.1587298068341
                ],
                [
                    509.0383593326119,
                    468.48491044913635
                ],
                [
                    499.06005744697813,
                    452.40566199717773
                ],
                [
                    483.688046578176,
                    441.3689042690187
                ],
                [
                    465.2625760333549,
                    437.05488358031334
                ],
                [
                    446.58875667565735,
                    440.1203704742222
                ],
                [
                    430.5095082236985,
                    450.098672359856
                ],
                [
                    419.47275049553946,
                    465.4706832286579
                ],
                [
                    415.15872980683434,
                    483.8961537734792
                ],
                [
                    418.224216700743,
                    502.569973131177
                ],
                [
                    428.20251858637675,
                    518.6492215831356
                ],
                [
                    443.5745294551789,
                    529.6859793112947
                ]
            ],
            "tags": [
                "mirror ball"
            ],
            "type": "region"
        }
    ],
    "size": [
        2592,
        1728
    ]
}