{
    "objects": [
        {
            "data": [
                [
                    307.0,
                    455.0
                ],
                [
                    326.3582082829257,
                    451.3241033065317
                ],
                [
                    342.836155937935,
                    440.5199519976625
                ],
                [
                    353.92522480752086,
                    424.23238017029144
                ],
                [
                    357.9372046789481,
                    404.94102298792995
                ],
                [
                    354.26130798548,
                    385.58281470500424
                ],
                [
                    343.45715667661034,
                    369.1048670499947
                ],
                [
                    327.1695848492395,
                    358.01579818040886
                ],
                [
                    307.87822766687805,
                    354.00381830898186
                ],
                [
                    288.52001938395233,
                    357.67971500245017
                ],
                [
                    272.04207172894303,
                    368.4838663113194
                ],
                [
                    260.9530028593572,
                    384.7714381386904
                ],
                [
                    256.94102298792995,
                    404.0627953210519
                ],
                [
                    260.61691968139803,
                    423.4210036039776
                ],
                [
                    271.4210709902677,
                    439.89895125898715
                ],
                [
                    287.7086428176385,
                    450.988020128573
                ]
            ],
            "tags": [
                "mirror ball"
            ],
            "type": "region"
        }
    ],
    "size": [
        2592,
        1728
    ]
}