{
    "objects": [
        {
            "data": [
                [
                    460.0,
                    417.0
                ],
                [
                    479.3576685775356,
                    412.3892149129913
                ],
                [
                    495.4773513104633,
                    400.7215458884589
                ],
                [
                    505.9049726279827,
                    383.7732897677042
                ],
                [
                    509.05302171112453,
                    364.12466490878796
                ],
                [
                    504.44223662411605,
                    344.76699633125236
                ],
                [
                    492.7745675995834,
                    328.6473135983247
                ],
                [
                    475.8263114788283,
                    318.219692280805
                ],
                [
                    456.1776866199125,
                    315.07164319766343
                ],
                [
                    436.8200180423769,
                    319.68242828467214
                ],
                [
                    420.7003353094492,
                    331.35009730920456
                ],
                [
                    410.2727139919298,
                    348.2983534299592
                ],
                [
                    407.12466490878796,
                    367.94697828887547
                ],
                [
                    411.73544999579644,
                    387.3046468664111
                ],
                [
                    423.4031190203291,
                    403.42432959933876
                ],
                [
                    440.3513751410842,
                    413.8519509168582
                ]
            ],
            "tags": [
                "mirror ball"
            ],
            "type": "region"
        }
    ],
    "size": [
        2592,
        1728
    ]
}