{
    "objects": [
        {
            "data": [
                [
                    420.0,
                    466.0
                ],
                [
                    439.1016532482913,
                    462.0339968954095
                ],
                [
                    455.23155604067915,
                    451.06000157229846
                ],
                [
                    465.93407689495734,
                    434.74870533909484
                ],
                [
                    469.5798540296537,
                    415.58335518503577
                ],
                [
                    465.6138509250627,
                    396.4817019367449
                ],
                [
                    454.6398556019517,
                    380.3517991443564
                ],
                [
                    438.3285593687483,
                    369.64927829007866
                ],
                [
                    419.16320921468923,
                    366.0035011553823
                ],
                [
                    400.0615559663979,
                    369.96950425997284
                ],
                [
                    383.9316531740101,
                    380.94349958308385
                ],
                [
                    373.2291323197319,
                    397.25479581628747
                ],
                [
                    369.58335518503554,
                    416.42014597034654
                ],
                [
                    373.5493582896265,
                    435.5217992186374
                ],
                [
                    384.52335361273754,
                    451.6517020110259
                ],
                [
                    400.8346498459414,
                    462.35422286530365
                ]
            ],
            "tags": [
                "mirror ball"
            ],
            "type": "region"
        }
    ],
    "size": [
        2592,
        1728
    ]
}