{
    "objects": [
        {
            "data": [
                [
                    455.0,
                    515.0
                ],
                [
                    473.65011051496367,
                    511.7934259590188
                ],
                [
                    489.65346313867667,
                    501.69384952721975
                ],
                [
                    500.57369250493184,
                    486.238839663456
                ],
                [
                    504.74829268484154,
                    467.78128151947203
                ],
                [
                    501.54171864386035,
                    449.13117100450836
                ],
                [
                    491.4421422120613,
                    433.12781838079536
                ],
                [
                    475.98713234829756,
                    422.20758901454064
                ],
                [
                    457.5295742043136,
                    418.0329888346305
                ],
                [
                    438.8794636893499,
                    421.2395628756117
                ],
                [
                    422.8761110656369,
                    431.33913930741073
                ],
                [
                    411.95588169938173,
                    446.79414917117447
                ],
                [
                    407.78128151947203,
                    465.25170731515846
                ],
                [
                    410.9878555604532,
                    483.9018178301221
                ],
                [
                    421.0874319922523,
                    499.9051704538351
                ],
                [
                    436.542441856016,
                    510.82539982008984
                ]
            ],
            "tags": [
                "mirror ball"
            ],
            "type": "region"
        }
    ],
    "size": [
        2592,
        1728
    ]
}