{
    "objects": [
        {
            "data": [
                [
                    401.0,
                    494.0
                ],
                [
                    419.87712413393365,
                    489.91557404761784
                ],
                [
                    435.7542706112513,
                    478.9180938513982
                ],
                [
                    446.2142878074724,
                    462.68182607880954
                ],
                [
                    449.6647329247644,
                    443.6785953160945
                ],
                [
                    445.580306972382,
                    424.80147118216064
                ],
                [
                    434.58282677616216,
                    408.924324704843
                ],
                [
                    418.34655900357393,
                    398.46430750862214
                ],
                [
                    399.3433282408587,
                    395.01386239133035
                ],
                [
                    380.46620410692503,
                    399.0982883437125
                ],
                [
                    364.5890576296074,
                    410.0957685399321
                ],
                [
                    354.1290404333863,
                    426.3320363125208
                ],
                [
                    350.6785953160943,
                    445.33526707523583
                ],
                [
                    354.7630212684767,
                    464.2123912091697
                ],
                [
                    365.7605014646965,
                    480.08953768648735
                ],
                [
                    381.99676923728475,
                    490.5495548827082
                ]
            ],
            "tags": [
                "mirror ball"
            ],
            "type": "region"
        }
    ],
    "size": [
        2592,
        1728
    ]
}