{
    "objects": [
        {
            "data": [
                [
                    385.0,
                    490.0
                ],
                [
                    403.948128413866,
                    485.355566013473
                ],
                [
                    419.6765684954753,
                    473.8135336949081
                ],
                [
                    429.7908078210671,
                    457.13107283602335
                ],
                [
                    432.7510451391272,
                    437.8479368756996
                ],
                [
                    428.1066111526002,
                    418.8998084618336
                ],
                [
                    416.5645788340353,
                    403.1713683802245
                ],
                [
                    399.8821179751508,
                    393.0571290546327
                ],
                [
                    380.598982014827,
                    390.09689173657216
                ],
                [
                    361.650853600961,
                    394.7413257230992
                ],
                [
                    345.9224135193517,
                    406.2833580416641
                ],
                [
                    335.8081741937599,
                    422.9658189005488
                ],
                [
                    332.8479368756998,
                    442.2489548608726
                ],
                [
                    337.49237086222684,
                    461.1970832747386
                ],
                [
                    349.03440318079174,
                    476.92552335634764
                ],
                [
                    365.71686403967624,
                    487.03976268193946
                ]
            ],
            "tags": [
                "mirror ball"
            ],
            "type": "region"
        }
    ],
    "size": [
        2592,
        1728
    ]
}