{
    "objects": [
        {
            "data": [
                [
                    457.0,
                    511.0
                ],
                [
                    475.87596014928977,
                    506.91019812571994
                ],
                [
                    491.7499739687746,
                    495.90819666292964
                ],
                [
                    502.20536675273115,
                    479.668950600947
                ],
                [
                    505.65039972817476,
                    460.6647379435767
                ],
                [
                    501.5605978538947,
                    441.78877779428694
                ],
                [
                    490.5585963911044,
                    425.9147639748021
                ],
                [
                    474.3193503291218,
                    415.4593711908451
                ],
                [
                    455.3151376717515,
                    412.01433821540195
                ],
                [
                    436.4391775224617,
                    416.104140089682
                ],
                [
                    420.56516370297686,
                    427.1061415524723
                ],
                [
                    410.1097709190203,
                    443.3453876144549
                ],
                [
                    406.6647379435767,
                    462.34960027182524
                ],
                [
                    410.75453981785677,
                    481.225560421115
                ],
                [
                    421.75654128064707,
                    497.09957424059985
                ],
                [
                    437.9957873426297,
                    507.55496702455684
                ]
            ],
            "tags": [
                "mirror ball"
            ],
            "type": "region"
        }
    ],
    "size": [
        2592,
        1728
    ]
}