{
    "objects": [
        {
            "data": [
                [
                    437.0,
                    565.0
                ],
                [
                    455.68157899798007,
                    560.9344015172383
                ],
                [
                    471.38527028720455,
                    550.0291475186591
                ],
                [
                    481.72032922320614,
                    533.9444640691727
                ],
                [
                    485.1133367705197,
                    515.1290984159448
                ],
                [
                    481.04773828775797,
                    496.44751941796494
                ],
                [
                    470.14248428917927,
                    480.74382812874
                ],
                [
                    454.0578008396924,
                    470.4087691927389
                ],
                [
                    435.2424351864647,
                    467.01576164542485
                ],
                [
                    416.56085618848465,
                    471.0813601281866
                ],
                [
                    400.85716489926017,
                    481.98661412676574
                ],
                [
                    390.5221059632586,
                    498.07129757625216
                ],
                [
                    387.129098415945,
                    516.8866632294801
                ],
                [
                    391.19469689870675,
                    535.5682422274599
                ],
                [
                    402.09995089728545,
                    551.2719335166848
                ],
                [
                    418.1846343467723,
                    561.606992452686
                ]
            ],
            "tags": [
                "mirror ball"
            ],
            "type": "region"
        }
    ],
    "size": [
        2592,
        1728
    ]
}