{
    "objects": [
        {
            "data": [
                [
                    316.0,
                    404.0
                ],
                [
                    334.560146469707,
                    400.3081573267973
                ],
                [
                    350.29467888754743,
                    389.79467888754766
                ],
                [
                    360.8081573267973,
                    374.06014646970675
                ],
                [
                    364.5,
                    355.5
                ],
                [
                    360.8081573267973,
                    336.93985353029325
                ],
                [
                    350.29467888754743,
                    321.20532111245234
                ],
                [
                    334.560146469707,
                    310.6918426732027
                ],
                [
                    316.0,
                    307.0
                ],
                [
                    297.439853530293,
                    310.6918426732027
                ],
                [
                    281.70532111245257,
                    321.20532111245234
                ],
                [
                    271.1918426732027,
                    336.939853530293
                ],
                [
                    267.5,
                    355.5
                ],
                [
                    271.1918426732027,
                    374.060146469707
                ],
                [
                    281.70532111245257,
                    389.79467888754766
                ],
                [
                    297.439853530293,
                    400.3081573267975
                ]
            ],
            "tags": [
                "mirror ball"
            ],
            "type": "region"
        }
    ],
    "size": [
        2592,
        1728
    ]
}