{
    "objects": [
        {
            "data": [
                [
                    367.0,
                    481.0
                ],
                [
                    385.90987652687227,
                    476.20219767164053
                ],
                [
                    401.54428494953936,
                    464.53310984453105
                ],
                [
                    411.5230283119158,
                    447.76924935980355
                ],
                [
                    414.32693339461275,
                    428.462762011485
                ],
                [
                    409.52913106625374,
                    409.5528854846127
                ],
                [
                    397.86004323914403,
                    393.9184770619456
                ],
                [
                    381.09618275441653,
                    383.9397336995694
                ],
                [
                    361.78969540609796,
                    381.135828616872
                ],
                [
                    342.8798188792257,
                    385.93363094523147
                ],
                [
                    327.2454104565586,
                    397.60271877234095
                ],
                [
                    317.26666709418214,
                    414.36657925706845
                ],
                [
                    314.4627620114852,
                    433.673066605387
                ],
                [
                    319.2605643398442,
                    452.5829431322593
                ],
                [
                    330.92965216695393,
                    468.2173515549264
                ],
                [
                    347.69351265168143,
                    478.1960949173026
                ]
            ],
            "tags": [
                "mirror ball"
            ],
            "type": "region"
        }
    ],
    "size": [
        2592,
        1728
    ]
}