{
    "objects": [
        {
            "data": [
                [
                    288.0,
                    503.0
                ],
                [
                    307.87998450459645,
                    500.0730159052555
                ],
                [
                    325.12658697517963,
                    489.76109450255103
                ],
                [
                    337.11416852644425,
                    473.6341323476481
                ],
                [
                    342.0177285349073,
                    454.1473132373551
                ],
                [
                    339.0907444401623,
                    434.26732873275887
                ],
                [
                    328.7788230374581,
                    417.0207262621757
                ],
                [
                    312.65186088255496,
                    405.0331447109111
                ],
                [
                    293.16504177226216,
                    400.129584702448
                ],
                [
                    273.2850572676657,
                    403.05656879719254
                ],
                [
                    256.0384547970825,
                    413.368490199897
                ],
                [
                    244.0508732458179,
                    429.4954523547997
                ],
                [
                    239.14731323735487,
                    448.98227146509294
                ],
                [
                    242.07429733209983,
                    468.86225596968916
                ],
                [
                    252.38621873480406,
                    486.10885844027257
                ],
                [
                    268.5131808897072,
                    498.09643999153695
                ]
            ],
            "tags": [
                "mirror ball"
            ],
            "type": "region"
        }
    ],
    "size": [
        2592,
        1728
    ]
}