{
    "objects": [
        {
            "data": [
                [
                    415.0,
                    496.0
                ],
                [
                    433.6487896322833,
                    491.7865536515044
                ],
                [
                    449.26560856892957,
                    480.7572539828584
                ],
                [
                    459.4729376936516,
                    464.5912118877625
                ],
                [
                    462.7168036768785,
                    445.74956072965915
                ],
                [
                    458.5033573283831,
                    427.1007710973761
                ],
                [
                    447.4740576597369,
                    411.4839521607296
                ],
                [
                    431.3080155646412,
                    401.2766230360078
                ],
                [
                    412.46636440653765,
                    398.03275705278065
                ],
                [
                    393.81757477425435,
                    402.24620340127626
                ],
                [
                    378.2007558376081,
                    413.27550306992225
                ],
                [
                    367.99342671288605,
                    429.44154516501817
                ],
                [
                    364.74956072965915,
                    448.2831963231215
                ],
                [
                    368.96300707815453,
                    466.93198595540457
                ],
                [
                    379.99230674680075,
                    482.54880489205107
                ],
                [
                    396.15834884189644,
                    492.7561340167729
                ]
            ],
            "tags": [
                "mirror ball"
            ],
            "type": "region"
        }
    ],
    "size": [
        2592,
        1728
    ]
}