{
    "objects": [
        {
            "data": [
                [
                    420.0,
                    514.0
                ],
                [
                    438.69762290556537,
                    510.00883694118147
                ],
                [
                    454.4446220361542,
                    499.1662125696539
                ],
                [
                    464.843659521036,
                    483.12281815734787
                ],
                [
                    468.31157617064855,
                    464.32111506980436
                ],
                [
                    464.32041311183,
                    445.623492164239
                ],
                [
                    453.47778874030246,
                    429.8764930336506
                ],
                [
                    437.4343943279964,
                    419.4774555487679
                ],
                [
                    418.6326912404529,
                    416.0095388991558
                ],
                [
                    399.93506833488755,
                    420.00070195797434
                ],
                [
                    384.1880692042987,
                    430.8433263295017
                ],
                [
                    373.7890317194169,
                    446.88672074180795
                ],
                [
                    370.32111506980436,
                    465.68842382935145
                ],
                [
                    374.3122781286229,
                    484.3860467349168
                ],
                [
                    385.15490250015046,
                    500.13304586550544
                ],
                [
                    401.1982969124565,
                    510.5320833503879
                ]
            ],
            "tags": [
                "mirror ball"
            ],
            "type": "region"
        }
    ],
    "size": [
        2592,
        1728
    ]
}