{
    "objects": [
        {
            "data": [
                [
                    508.0,
                    500.0
                ],
                [
                    526.301269746496,
                    496.0217290371345
                ],
                [
                    541.6870198973038,
                    485.34269319653094
                ],
                [
                    551.8149094641362,
                    469.5886788792195
                ],
                [
                    555.1430590699892,
                    451.15809195451607
                ],
                [
                    551.1647881071235,
                    432.85682220802005
                ],
                [
                    540.4857522665197,
                    417.47107205721204
                ],
                [
                    524.7317379492083,
                    407.3431824903803
                ],
                [
                    506.3011510245051,
                    404.01503288452705
                ],
                [
                    487.99988127800907,
                    407.99330384739255
                ],
                [
                    472.6141311272013,
                    418.6723396879961
                ],
                [
                    462.48624156036885,
                    434.42635400530753
                ],
                [
                    459.15809195451584,
                    452.856940930011
                ],
                [
                    463.1363629173816,
                    471.1582106765072
                ],
                [
                    473.81539875798535,
                    486.543960827315
                ],
                [
                    489.5694130752968,
                    496.671850394147
                ]
            ],
            "tags": [
                "mirror ball"
            ],
            "type": "region"
        }
    ],
    "size": [
        2592,
        1728
    ]
}