{
    "objects": [
        {
            "data": [
                [
                    430.0,
                    494.0
                ],
                [
                    448.71804960662166,
                    490.1057601762527
                ],
                [
                    464.5210114645056,
                    479.3448642377607
                ],
                [
                    475.0030278849954,
                    463.3555610433941
                ],
                [
                    478.568306887787,
                    444.57207706110125
                ],
                [
                    474.6740670640402,
                    425.8540274544798
                ],
                [
                    463.91317112554816,
                    410.05106559659544
                ],
                [
                    447.9238679311816,
                    399.56904917610564
                ],
                [
                    429.1403839488885,
                    396.003770173314
                ],
                [
                    410.4223343422668,
                    399.8980099970613
                ],
                [
                    394.6193724843829,
                    410.6589059355533
                ],
                [
                    384.1373560638931,
                    426.6482091299199
                ],
                [
                    380.5720770611015,
                    445.43169311221277
                ],
                [
                    384.4663168848483,
                    464.1497427188342
                ],
                [
                    395.2272128233403,
                    479.9527045767186
                ],
                [
                    411.21651601770736,
                    490.4347209972084
                ]
            ],
            "tags": [
                "mirror ball"
            ],
            "type": "region"
        }
    ],
    "size": [
        2592,
        1728
    ]
}