{
  "objects": [
    {
      "data": [
        [
          409.0,
          483.0
        ],
        [
          428.2916578537388,
          478.98946616016656
        ],
        [
          444.5800608375753,
          467.9016181876184
        ],
        [
          455.3854472519606,
          451.42448042458454
        ],
        [
          459.0627949663758,
          432.06654772986053
        ],
        [
          455.05226112654236,
          412.7748898761215
        ],
        [
          443.9644131539949,
          396.48648689228526
        ],
        [
          427.48727539096035,
          385.68110047790015
        ],
        [
          408.12934269623656,
          382.0037527634845
        ],
        [
          388.83768484249777,
          386.01428660331794
        ],
        [
          372.5492818586613,
          397.1021345758661
        ],
        [
          361.74389544427595,
          413.57927233889995
        ],
        [
          358.06654772986076,
          432.93720503362397
        ],
        [
          362.0770815696942,
          452.228862887363
        ],
        [
          373.1649295422417,
          468.51726587119924
        ],
        [
          389.6420673052762,
          479.32265228558435
        ]
      ],
      "tags": [
        "mirror ball"
      ],
      "type": "region"
    }
  ],
  "size": [
    700,
    1000
  ]
}