{
    "objects": [
        {
            "data": [
                [
                    476.0,
                    497.0
                ],
                [
                    494.7926529701208,
                    492.5430340731557
                ],
                [
                    510.4491933919835,
                    481.23369753439215
                ],
                [
                    520.5860549132526,
                    464.7937343523454
                ],
                [
                    523.6599922581927,
                    445.7259798928444
                ],
                [
                    519.2030263313486,
                    426.9333269227236
                ],
                [
                    507.89368979258506,
                    411.2767865008607
                ],
                [
                    491.45372661053807,
                    401.139924979592
                ],
                [
                    472.3859721510371,
                    398.0659876346517
                ],
                [
                    453.5933191809163,
                    402.522953561496
                ],
                [
                    437.9367787590536,
                    413.83229010025957
                ],
                [
                    427.7999172377845,
                    430.27225328230634
                ],
                [
                    424.7259798928444,
                    449.3400077418073
                ],
                [
                    429.1829458196885,
                    468.1326607119281
                ],
                [
                    440.49228235845203,
                    483.78920113379104
                ],
                [
                    456.932245540499,
                    493.9260626550597
                ]
            ],
            "tags": [
                "mirror ball"
            ],
            "type": "region"
        }
    ],
    "size": [
        2592,
        1728
    ]
}