{
    "objects": [
        {
            "data": [
                [
                    338.0,
                    466.0
                ],
                [
                    357.5807849805701,
                    460.6847062429588
                ],
                [
                    373.6369965956501,
                    448.28077312677624
                ],
                [
                    383.72422217676467,
                    430.6765870264571
                ],
                [
                    386.30677307011683,
                    410.55222569343096
                ],
                [
                    380.9914793130756,
                    390.97144071286084
                ],
                [
                    368.5875461968935,
                    374.91522909778087
                ],
                [
                    350.9833600965744,
                    364.8280035166663
                ],
                [
                    330.8589987635478,
                    362.2454526233141
                ],
                [
                    311.2782137829777,
                    367.56074638035534
                ],
                [
                    295.2220021678977,
                    379.9646794965379
                ],
                [
                    285.1347765867831,
                    397.56886559685677
                ],
                [
                    282.55222569343096,
                    417.69322692988317
                ],
                [
                    287.8675194504722,
                    437.2740119104533
                ],
                [
                    300.27145256665426,
                    453.33022352553326
                ],
                [
                    317.8756386669734,
                    463.41744910664806
                ]
            ],
            "tags": [
                "mirror ball"
            ],
            "type": "region"
        }
    ],
    "size": [
        2592,
        1728
    ]
}