{
    "objects": [
        {
            "data": [
                [
                    326.0,
                    479.0
                ],
                [
                    345.241253093091,
                    474.7542228233465
                ],
                [
                    361.3930644226484,
                    463.4683274135632
                ],
                [
                    371.9964671302814,
                    446.8604890398931
                ],
                [
                    375.4371892738368,
                    427.4591005442976
                ],
                [
                    371.1914120971833,
                    408.21784745120635
                ],
                [
                    359.90551668740045,
                    392.0660361216492
                ],
                [
                    343.29767831372965,
                    381.46263341401664
                ],
                [
                    323.8962898181344,
                    378.0219112704608
                ],
                [
                    304.6550367250434,
                    382.2676884471143
                ],
                [
                    288.50322539548597,
                    393.5535838568976
                ],
                [
                    277.899822687853,
                    410.1614222305677
                ],
                [
                    274.4591005442976,
                    429.5628107261632
                ],
                [
                    278.7048777209511,
                    448.80406381925445
                ],
                [
                    289.9907731307344,
                    464.95587514881163
                ],
                [
                    306.59861150440474,
                    475.55927785644417
                ]
            ],
            "tags": [
                "mirror ball"
            ],
            "type": "region"
        }
    ],
    "size": [
        2592,
        1728
    ]
}