{
    "objects": [
        {
            "data": [
                [
                    403.0,
                    472.0
                ],
                [
                    422.03391290461514,
                    468.7230333434745
                ],
                [
                    438.364914612926,
                    458.4115477991129
                ],
                [
                    449.50675815574186,
                    442.6353735671944
                ],
                [
                    453.76319885473185,
                    423.79629016315334
                ],
                [
                    450.48623219820684,
                    404.76237725853866
                ],
                [
                    440.174746653845,
                    388.4313755502278
                ],
                [
                    424.3985724219265,
                    377.2895320074117
                ],
                [
                    405.5594890178854,
                    373.03309130842126
                ],
                [
                    386.5255761132703,
                    376.31005796494674
                ],
                [
                    370.19457440495944,
                    386.62154350930837
                ],
                [
                    359.05273086214356,
                    402.39771774122687
                ],
                [
                    354.79629016315357,
                    421.2368011452679
                ],
                [
                    358.0732568196786,
                    440.2707140498826
                ],
                [
                    368.38474236404045,
                    456.60171575819345
                ],
                [
                    384.1609165959594,
                    467.74355930100955
                ]
            ],
            "tags": [
                "mirror ball"
            ],
            "type": "region"
        }
    ],
    "size": [
        2592,
        1728
    ]
}