{
    "objects": [
        {
            "data": [
                [
                    401.0,
                    518.0
                ],
                [
                    419.8127488207515,
                    514.592513141901
                ],
                [
                    435.8894736399234,
                    504.24507848545477
                ],
                [
                    446.7826388396702,
                    488.53299915737625
                ],
                [
                    450.83385876511875,
                    469.84829680501207
                ],
                [
                    447.42637190702,
                    451.0355479842606
                ],
                [
                    437.0789372505733,
                    434.9588231650889
                ],
                [
                    421.36685792249546,
                    424.0656579653421
                ],
                [
                    402.6821555701308,
                    420.0144380398933
                ],
                [
                    383.8694067493793,
                    423.4219248979923
                ],
                [
                    367.79268193020744,
                    433.76935955443855
                ],
                [
                    356.8995167304606,
                    449.48143888251707
                ],
                [
                    352.84829680501207,
                    468.16614123488125
                ],
                [
                    356.25578366311083,
                    486.97889005563275
                ],
                [
                    366.6032183195575,
                    503.05561487480463
                ],
                [
                    382.31529764763536,
                    513.9487800745512
                ]
            ],
            "tags": [
                "mirror ball"
            ],
            "type": "region"
        }
    ],
    "size": [
        2592,
        1728
    ]
}