{
    "objects": [
        {
            "data": [
                [
                    447.0,
                    487.0
                ],
                [
                    465.2502559233767,
                    482.7939005100634
                ],
                [
                    480.50168924439913,
                    471.9239007013059
                ],
                [
                    490.4324074945298,
                    456.0448595078169
                ],
                [
                    493.5305488423701,
                    437.57421700743816
                ],
                [
                    489.3244493524335,
                    419.32396108406147
                ],
                [
                    478.45444954367576,
                    404.0725277630388
                ],
                [
                    462.57540835018654,
                    394.1418095129088
                ],
                [
                    444.10476584980825,
                    391.0436681650681
                ],
                [
                    425.85450992643155,
                    395.24976765500446
                ],
                [
                    410.6030766054091,
                    406.1197674637622
                ],
                [
                    400.67235835527845,
                    421.9988086572512
                ],
                [
                    397.57421700743816,
                    440.4694511576299
                ],
                [
                    401.78031649737477,
                    458.7197070810066
                ],
                [
                    412.6503163061325,
                    473.9711404020293
                ],
                [
                    428.5293574996217,
                    483.9018586521595
                ]
            ],
            "tags": [
                "mirror ball"
            ],
            "type": "region"
        }
    ],
    "size": [
        2592,
        1728
    ]
}