{
    "objects": [
        {
            "data": [
                [
                    386.0,
                    379.0
                ],
                [
                    405.0317737240275,
                    375.71063230303116
                ],
                [
                    421.35605341445535,
                    365.38850832019125
                ],
                [
                    432.4876154683802,
                    349.6050778575807
                ],
                [
                    436.73178047095325,
                    330.7632251259788
                ],
                [
                    433.4424127739844,
                    311.7314514019515
                ],
                [
                    423.12028879114405,
                    295.40717171152346
                ],
                [
                    407.3368583285337,
                    284.2756096575987
                ],
                [
                    388.49500559693206,
                    280.03144465502555
                ],
                [
                    369.46323187290454,
                    283.3208123519945
                ],
                [
                    353.1389521824767,
                    293.6429363348344
                ],
                [
                    342.00739012855183,
                    309.42636679744487
                ],
                [
                    337.7632251259788,
                    328.26821952904675
                ],
                [
                    341.05259282294764,
                    347.29999325307404
                ],
                [
                    351.374716805788,
                    363.6242729435021
                ],
                [
                    367.15814726839835,
                    374.755834997427
                ]
            ],
            "tags": [
                "mirror ball"
            ],
            "type": "region"
        }
    ],
    "size": [
        2592,
        1728
    ]
}