{
    "objects": [
        {
            "data": [
                [
                    416.0,
                    471.0
                ],
                [
                    434.8741452449117,
                    467.9508810854966
                ],
                [
                    451.1447344384392,
                    457.9110398429141
                ],
                [
                    462.3347178691265,
                    442.40895109004805
                ],
                [
                    466.7405219971042,
                    423.80466731273737
                ],
                [
                    463.691403082601,
                    404.9305220678257
                ],
                [
                    453.65156184001853,
                    388.65993287429797
                ],
                [
                    438.1494730871523,
                    377.46994944361063
                ],
                [
                    419.5451893098416,
                    373.06414531563314
                ],
                [
                    400.6710440649299,
                    376.11326423013634
                ],
                [
                    384.4004548714024,
                    386.15310547271906
                ],
                [
                    373.2104714407151,
                    401.6551942255851
                ],
                [
                    368.80466731273737,
                    420.2594780028958
                ],
                [
                    371.85378622724056,
                    439.13362324780746
                ],
                [
                    381.89362746982306,
                    455.4042124413352
                ],
                [
                    397.3957162226893,
                    466.59419587202274
                ]
            ],
            "tags": [
                "mirror ball"
            ],
            "type": "region"
        }
    ],
    "size": [
        2592,
        1728
    ]
}