{
    "objects": [
        {
            "data": [
                [
                    449.0,
                    514.0
                ],
                [
                    467.81563965247324,
                    510.60851222188944
                ],
                [
                    483.9011578347495,
                    500.27475251457736
                ],
                [
                    494.80768021916265,
                    484.57194211773776
                ],
                [
                    498.87478764055686,
                    465.89069156795813
                ],
                [
                    495.4832998624461,
                    447.0750519154849
                ],
                [
                    485.1495401551342,
                    430.98953373320865
                ],
                [
                    469.4467297582946,
                    420.0830113487957
                ],
                [
                    450.765479208515,
                    416.01590392740127
                ],
                [
                    431.94983955604175,
                    419.4073917055118
                ],
                [
                    415.8643213737655,
                    429.7411514128239
                ],
                [
                    404.95779898935234,
                    445.4439618096635
                ],
                [
                    400.89069156795813,
                    464.12521235944314
                ],
                [
                    404.2821793460689,
                    482.9408520119164
                ],
                [
                    414.61593905338077,
                    499.0263701941926
                ],
                [
                    430.31874945022037,
                    509.93289257860556
                ]
            ],
            "tags": [
                "mirror ball"
            ],
            "type": "region"
        }
    ],
    "size": [
        2592,
        1728
    ]
}