{
    "objects": [
        {
            "data": [
                [
                    408.0,
                    527.0
                ],
                [
                    427.2916578537388,
                    522.9894661601666
                ],
                [
                    443.5800608375753,
                    511.9016181876184
                ],
                [
                    454.3854472519606,
                    495.42448042458454
                ],
                [
                    458.0627949663758,
                    476.06654772986053
                ],
                [
                    454.05226112654236,
                    456.7748898761215
                ],
                [
                    442.9644131539949,
                    440.48648689228526
                ],
                [
                    426.48727539096035,
                    429.68110047790015
                ],
                [
                    407.12934269623656,
                    426.0037527634845
                ],
                [
                    387.83768484249777,
                    430.01428660331794
                ],
                [
                    371.5492818586613,
                    441.1021345758661
                ],
                [
                    360.74389544427595,
                    457.57927233889995
                ],
                [
                    357.06654772986076,
                    476.93720503362397
                ],
                [
                    361.0770815696942,
                    496.228862887363
                ],
                [
                    372.1649295422417,
                    512.5172658711992
                ],
                [
                    388.6420673052762,
                    523.3226522855844
                ]
            ],
            "tags": [
                "mirror ball"
            ],
            "type": "region"
        }
    ],
    "size": [
        2592,
        1728
    ]
}