{
    "objects": [
        {
            "data": [
                [
                    334.0,
                    449.0
                ],
                [
                    353.58114289207015,
                    445.4563415914308
                ],
                [
                    370.31566067031144,
                    434.6890491459735
                ],
                [
                    381.6558747017689,
                    418.3373453327001
                ],
                [
                    385.87534019944906,
                    398.8906288286171
                ],
                [
                    382.3316817908799,
                    379.30948593654716
                ],
                [
                    371.56438934542257,
                    362.57496815830564
                ],
                [
                    355.21268553214895,
                    351.2347541268482
                ],
                [
                    335.76596902806614,
                    347.015288629168
                ],
                [
                    316.184826135996,
                    350.5589470377372
                ],
                [
                    299.4503083577547,
                    361.3262394831945
                ],
                [
                    288.11009432629726,
                    377.6779432964679
                ],
                [
                    283.8906288286171,
                    397.12465980055094
                ],
                [
                    287.43428723718625,
                    416.70580269262086
                ],
                [
                    298.20157968264357,
                    433.4403204708626
                ],
                [
                    314.5532834959172,
                    444.7805345023198
                ]
            ],
            "tags": [
                "mirror ball"
            ],
            "type": "region"
        }
    ],
    "size": [
        2592,
        1728
    ]
}