{
    "objects": [
        {
            "data": [
                [
                    431.0,
                    525.0
                ],
                [
                    449.87086121892753,
                    520.8867351429285
                ],
                [
                    465.7311853462247,
                    509.8650079867382
                ],
                [
                    476.1663818077068,
                    493.6127765787526
                ],
                [
                    479.587786537405,
                    474.6042958239939
                ],
                [
                    475.47452168033396,
                    455.73343460506635
                ],
                [
                    464.452794524143,
                    439.87311047776916
                ],
                [
                    448.20056311615826,
                    429.43791401628687
                ],
                [
                    429.1920823613991,
                    426.01650928658864
                ],
                [
                    410.3212211424716,
                    430.12977414366014
                ],
                [
                    394.4608970151744,
                    441.15150129985045
                ],
                [
                    384.02570055369233,
                    457.40373270783607
                ],
                [
                    380.6042958239941,
                    476.41221346259476
                ],
                [
                    384.71756068106515,
                    495.2830746815223
                ],
                [
                    395.73928783725614,
                    511.1433988088195
                ],
                [
                    411.9915192452413,
                    521.5785952703018
                ]
            ],
            "tags": [
                "mirror ball"
            ],
            "type": "region"
        }
    ],
    "size": [
        2592,
        1728
    ]
}