{
    "objects": [
        {
            "data": [
                [
                    379.0,
                    463.0
                ],
                [
                    398.01961943091965,
                    459.6410674863248
                ],
                [
                    414.3060487158841,
                    449.2593252397512
                ],
                [
                    425.37982663310686,
                    433.4352994065928
                ],
                [
                    429.55507087873775,
                    414.5780544747961
                ],
                [
                    426.1961383650623,
                    395.55843504387667
                ],
                [
                    415.8143961184883,
                    379.272005758912
                ],
                [
                    399.9903702853303,
                    368.19822784168923
                ],
                [
                    381.1331253535336,
                    364.02298359605857
                ],
                [
                    362.11350592261397,
                    367.38191610973377
                ],
                [
                    345.8270766376495,
                    377.76365835630736
                ],
                [
                    334.75329872042676,
                    393.5876841894658
                ],
                [
                    330.57805447479586,
                    412.4449291212625
                ],
                [
                    333.9369869884713,
                    431.4645485521821
                ],
                [
                    344.31872923504534,
                    447.7509778371466
                ],
                [
                    360.1427550682033,
                    458.82475575436956
                ]
            ],
            "tags": [
                "mirror ball"
            ],
            "type": "region"
        }
    ],
    "size": [
        2592,
        1728
    ]
}