{
    "objects": [
        {
            "data": [
                [
                    443.0,
                    572.0
                ],
                [
                    461.71804960662166,
                    568.1057601762527
                ],
                [
                    477.5210114645056,
                    557.3448642377607
                ],
                [
                    488.0030278849954,
                    541.3555610433941
                ],
                [
                    491.568306887787,
                    522.5720770611013
                ],
                [
                    487.6740670640402,
                    503.8540274544798
                ],
                [
                    476.91317112554816,
                    488.05106559659544
                ],
                [
                    460.9238679311816,
                    477.56904917610564
                ],
                [
                    442.1403839488885,
                    474.003770173314
                ],
                [
                    423.4223343422668,
                    477.8980099970613
                ],
                [
                    407.6193724843829,
                    488.6589059355533
                ],
                [
                    397.1373560638931,
                    504.6482091299199
                ],
                [
                    393.5720770611015,
                    523.4316931122128
                ],
                [
                    397.4663168848483,
                    542.1497427188342
                ],
                [
                    408.2272128233403,
                    557.9527045767186
                ],
                [
                    424.21651601770736,
                    568.4347209972084
                ]
            ],
            "tags": [
                "mirror ball"
            ],
            "type": "region"
        }
    ],
    "size": [
        2592,
        1728
    ]
}