{
    "objects": [
        {
            "data": [
                [
                    483.0,
                    517.0
                ],
                [
                    502.0238308620578,
                    512.6760901055434
                ],
                [
                    517.9448701458218,
                    501.401213362607
                ],
                [
                    528.3392839449189,
                    484.89186754829007
                ],
                [
                    531.6246169840329,
                    465.66145090523014
                ],
                [
                    527.3007070895765,
                    446.6376200431723
                ],
                [
                    516.0258303466394,
                    430.7165807594083
                ],
                [
                    499.5164845323229,
                    420.32216696031105
                ],
                [
                    480.286067889263,
                    417.0368339211973
                ],
                [
                    461.2622370272052,
                    421.3607438156539
                ],
                [
                    445.34119774344117,
                    432.6356205585903
                ],
                [
                    434.94678394434413,
                    449.1449663729072
                ],
                [
                    431.66145090523014,
                    468.37538301596715
                ],
                [
                    435.98536079968653,
                    487.39921387802497
                ],
                [
                    447.2602375426236,
                    503.32025316178897
                ],
                [
                    463.7695833569401,
                    513.7146669608862
                ]
            ],
            "tags": [
                "mirror ball"
            ],
            "type": "region"
        }
    ],
    "size": [
        2592,
        1728
    ]
}