{
    "objects": [
        {
            "data": [
                [
                    433.0,
                    528.0
                ],
                [
                    451.66480454047405,
                    523.8580733532926
                ],
                [
                    467.32378872797517,
                    512.8887206332647
                ],
                [
                    477.5930141690019,
                    496.7619263541103
                ],
                [
                    480.9090843809181,
                    477.9328487550763
                ],
                [
                    476.7671577342112,
                    459.26804421460224
                ],
                [
                    465.79780501418327,
                    443.6090600271009
                ],
                [
                    449.67101073502863,
                    433.3398345860742
                ],
                [
                    430.8419331359946,
                    430.02376437415796
                ],
                [
                    412.17712859552057,
                    434.1656910208653
                ],
                [
                    396.51814440801945,
                    445.13504374089325
                ],
                [
                    386.24891896699273,
                    461.26183802004766
                ],
                [
                    382.9328487550765,
                    480.09091561908167
                ],
                [
                    387.0747754017834,
                    498.7557201595557
                ],
                [
                    398.04412812181135,
                    514.4147043470571
                ],
                [
                    414.170922400966,
                    524.6839297880838
                ]
            ],
            "tags": [
                "mirror ball"
            ],
            "type": "region"
        }
    ],
    "size": [
        2592,
        1728
    ]
}