{
  "objects": [
    {
      "data": [
        [
          421.0,
          471.0
        ],
        [
          439.94282990207194,
          467.23203685930866
        ],
        [
          456.0017856687341,
          456.5017856687341
        ],
        [
          466.73203685930866,
          440.44282990207194
        ],
        [
          470.5,
          421.5
        ],
        [
          466.73203685930866,
          402.55717009792806
        ],
        [
          456.0017856687341,
          386.4982143312659
        ],
        [
          439.94282990207194,
          375.76796314069134
        ],
        [
          421.0,
          372.0
        ],
        [
          402.05717009792806,
          375.76796314069134
        ],
        [
          385.9982143312659,
          386.4982143312659
        ],
        [
          375.26796314069134,
          402.55717009792806
        ],
        [
          371.5,
          421.5
        ],
        [
          375.26796314069134,
          440.44282990207194
        ],
        [
          385.9982143312659,
          456.5017856687341
        ],
        [
          402.05717009792806,
          467.23203685930866
        ]
      ],
      "tags": [
        "mirror ball"
      ],
      "type": "region"
    }
  ],
  "size": [
    700,
    1000
  ]
}