{
    "objects": [
        {
            "data": [
                [
                    361.0,
                    421.0
                ],
                [
                    379.2973137173012,
                    417.0035734813887
                ],
                [
                    394.67246114331647,
                    406.30927800126096
                ],
                [
                    404.78471545849425,
                    390.545223102436
                ],
                [
                    408.0945776111612,
                    372.1113432417467
                ],
                [
                    404.0981510925503,
                    353.8140295244457
                ],
                [
                    393.4038556124224,
                    338.4388820984302
                ],
                [
                    377.63980071359765,
                    328.32662778325266
                ],
                [
                    359.2059208529081,
                    325.01676563058527
                ],
                [
                    340.90860713560687,
                    329.0131921491966
                ],
                [
                    325.5334597095916,
                    339.7074876293243
                ],
                [
                    315.42120539441385,
                    355.47154252814926
                ],
                [
                    312.1113432417469,
                    373.9054223888386
                ],
                [
                    316.10776976035777,
                    392.2027361061396
                ],
                [
                    326.8020652404857,
                    407.57788353215506
                ],
                [
                    342.56612013931044,
                    417.6901378473326
                ]
            ],
            "tags": [
                "mirror ball"
            ],
            "type": "region"
        }
    ],
    "size": [
        2592,
        1728
    ]
}