{
    "objects": [
        {
            "data": [
                [
                    448.0,
                    491.0
                ],
                [
                    466.68254619954814,
                    486.93884839207476
                ],
                [
                    482.38883281183143,
                    476.03733263812524
                ],
                [
                    492.7277200779722,
                    459.95510968920325
                ],
                [
                    496.12520613394736,
                    441.1405522035684
                ],
                [
                    492.0640545260226,
                    422.45800600402026
                ],
                [
                    481.1625387720728,
                    406.7517193917372
                ],
                [
                    465.0803158231506,
                    396.4128321255962
                ],
                [
                    446.26575833751576,
                    393.01534606962105
                ],
                [
                    427.5832121379676,
                    397.0764976775463
                ],
                [
                    411.8769255256843,
                    407.9780134314958
                ],
                [
                    401.53803825954355,
                    424.0602363804178
                ],
                [
                    398.1405522035684,
                    442.87479386605264
                ],
                [
                    402.2017038114932,
                    461.5573400656008
                ],
                [
                    413.1032195654434,
                    477.26362667788385
                ],
                [
                    429.18544251436515,
                    487.60251394402485
                ]
            ],
            "tags": [
                "mirror ball"
            ],
            "type": "region"
        }
    ],
    "size": [
        2592,
        1728
    ]
}