{
    "objects": [
        {
            "data": [
                [
                    467.0,
                    522.0
                ],
                [
                    485.8712025320451,
                    517.8883013336367
                ],
                [
                    501.7324413467818,
                    506.8678905341101
                ],
                [
                    512.1689866171546,
                    490.616525245375
                ],
                [
                    515.5919689332677,
                    471.60832851364853
                ],
                [
                    511.480270266904,
                    452.7371259816034
                ],
                [
                    500.45985946737756,
                    436.87588716686673
                ],
                [
                    484.2084941786429,
                    426.4393418964937
                ],
                [
                    465.200297446916,
                    423.01635958038105
                ],
                [
                    446.3290949148709,
                    427.12805824674433
                ],
                [
                    430.4678561001342,
                    438.148469046271
                ],
                [
                    420.0313108297614,
                    454.39983433500606
                ],
                [
                    416.6083285136483,
                    473.4080310667325
                ],
                [
                    420.72002718001204,
                    492.27923359877764
                ],
                [
                    431.74043797953846,
                    508.1404724135143
                ],
                [
                    447.99180326827354,
                    518.5770176838873
                ]
            ],
            "tags": [
                "mirror ball"
            ],
            "type": "region"
        }
    ],
    "size": [
        2592,
        1728
    ]
}