{
    "objects": [
        {
            "data": [
                [
                    450.0,
                    533.0
                ],
                [
                    469.2186945622925,
                    528.6532513590628
                ],
                [
                    485.31102442043857,
                    517.2827032560551
                ],
                [
                    495.8270782308682,
                    500.6194185653849
                ],
                [
                    499.1658821292094,
                    481.2002313281546
                ],
                [
                    494.8191334882722,
                    461.9815367658621
                ],
                [
                    483.4485853852643,
                    445.88920690771624
                ],
                [
                    466.7853006945943,
                    435.3731530972864
                ],
                [
                    447.366113457364,
                    432.03434919894516
                ],
                [
                    428.1474188950715,
                    436.3810978398824
                ],
                [
                    412.05508903692544,
                    447.75164594289004
                ],
                [
                    401.5390352264958,
                    464.4149306335603
                ],
                [
                    398.2002313281546,
                    483.8341178707906
                ],
                [
                    402.5469799690918,
                    503.0528124330831
                ],
                [
                    413.9175280720997,
                    519.1451422912289
                ],
                [
                    430.5808127627697,
                    529.6611961016588
                ]
            ],
            "tags": [
                "mirror ball"
            ],
            "type": "region"
        }
    ],
    "size": [
        2592,
        1728
    ]
}