{
    "objects": [
        {
            "data": [
                [
                    283.0,
                    515.0
                ],
                [
                    302.3093965525927,
                    511.0757613221292
                ],
                [
                    318.64721168601,
                    500.0608513773104
                ],
                [
                    329.5261611488513,
                    483.6321903542348
                ],
                [
                    333.2900235033221,
                    464.29089296748293
                ],
                [
                    329.36578482545156,
                    444.98149641489
                ],
                [
                    318.350874880633,
                    428.64368128147316
                ],
                [
                    301.9222138575574,
                    417.7647318186316
                ],
                [
                    282.5809164708053,
                    414.0008694641606
                ],
                [
                    263.27151991821256,
                    417.9251081420314
                ],
                [
                    246.93370478479528,
                    428.94001808685016
                ],
                [
                    236.05475532195396,
                    445.3686791099258
                ],
                [
                    232.29089296748316,
                    464.70997649667765
                ],
                [
                    236.21513164535372,
                    484.0193730492706
                ],
                [
                    247.23004159017228,
                    500.3571881826874
                ],
                [
                    263.6587026132479,
                    511.23613764552897
                ]
            ],
            "tags": [
                "mirror ball"
            ],
            "type": "region"
        }
    ],
    "size": [
        2592,
        1728
    ]
}