{
    "objects": [
        {
            "data": [
                [
                    402.0,
                    526.0
                ],
                [
                    421.1838528164226,
                    522.4528703771346
                ],
                [
                    437.5499940491022,
                    511.8344072776297
                ],
                [
                    448.6068270548035,
                    495.76117545177726
                ],
                [
                    452.6710492388488,
                    476.68017874085353
                ],
                [
                    449.1239196159836,
                    457.4963259244312
                ],
                [
                    438.5054565164787,
                    441.13018469175154
                ],
                [
                    422.43222469062584,
                    430.0733516860503
                ],
                [
                    403.35122797970234,
                    426.0091295020047
                ],
                [
                    384.16737516327976,
                    429.55625912487017
                ],
                [
                    367.8012339306001,
                    440.1747222243748
                ],
                [
                    356.74440092489886,
                    456.24795405022746
                ],
                [
                    352.68017874085353,
                    475.3289507611512
                ],
                [
                    356.22730836371875,
                    494.51280357757355
                ],
                [
                    366.8457714632236,
                    510.8789448102534
                ],
                [
                    382.9190032890765,
                    521.9357778159547
                ]
            ],
            "tags": [
                "mirror ball"
            ],
            "type": "region"
        }
    ],
    "size": [
        2592,
        1728
    ]
}