{
    "objects": [
        {
            "data": [
                [
                    402.0,
                    429.0
                ],
                [
                    420.66189858228336,
                    424.84499985735556
                ],
                [
                    436.3131950041916,
                    413.86468086406717
                ],
                [
                    446.57112126484435,
                    397.730697050024
                ],
                [
                    449.87400107939084,
                    378.8993011959865
                ],
                [
                    445.7190009367464,
                    360.2374026137031
                ],
                [
                    434.7386819434578,
                    344.5861061917951
                ],
                [
                    418.6046981294148,
                    334.32817993114213
                ],
                [
                    399.7733022753773,
                    331.02530011659564
                ],
                [
                    381.11140369309396,
                    335.1803002592401
                ],
                [
                    365.46010727118573,
                    346.1606192525285
                ],
                [
                    355.20218101053297,
                    362.29460306657165
                ],
                [
                    351.8993011959865,
                    381.12599892060916
                ],
                [
                    356.0543013386309,
                    399.7878975028925
                ],
                [
                    367.03462033191954,
                    415.4391939248005
                ],
                [
                    383.1686041459625,
                    425.6971201854535
                ]
            ],
            "tags": [
                "mirror ball"
            ],
            "type": "region"
        }
    ],
    "size": [
        2592,
        1728
    ]
}