{
    "objects": [
        {
            "data": [
                [
                    380.0,
                    459.0
                ],
                [
                    399.0836841824316,
                    454.0943458691645
                ],
                [
                    414.83739684270586,
                    442.25910265900166
                ],
                [
                    424.86277803605617,
                    425.2960788615119
                ],
                [
                    427.63355435610174,
                    405.7877410796698
                ],
                [
                    422.7279002252667,
                    386.70405689723793
                ],
                [
                    410.8926570151034,
                    370.95034423696416
                ],
                [
                    393.9296332176141,
                    360.92496304361384
                ],
                [
                    374.42129543577175,
                    358.1541867235678
                ],
                [
                    355.3376112533401,
                    363.0598408544033
                ],
                [
                    339.5838985930659,
                    374.89508406456616
                ],
                [
                    329.55851739971604,
                    391.85810786205593
                ],
                [
                    326.78774107967,
                    411.36644564389803
                ],
                [
                    331.69339521050506,
                    430.4501298263299
                ],
                [
                    343.52863842066836,
                    446.20384248660366
                ],
                [
                    360.49166221815767,
                    456.229223679954
                ]
            ],
            "tags": [
                "mirror ball"
            ],
            "type": "region"
        }
    ],
    "size": [
        2592,
        1728
    ]
}