{
    "objects": [
        {
            "data": [
                [
                    438.0,
                    504.0
                ],
                [
                    457.4262132521176,
                    499.6871227052543
                ],
                [
                    473.7232273834261,
                    488.2684536812292
                ],
                [
                    484.4099697252341,
                    471.4823817763406
                ],
                [
                    487.8594806315623,
                    451.8844342719867
                ],
                [
                    483.5466033368166,
                    432.4582210198689
                ],
                [
                    472.1279343127917,
                    416.16120688856086
                ],
                [
                    455.3418624079027,
                    405.47446454675264
                ],
                [
                    435.743914903549,
                    402.0249536404244
                ],
                [
                    416.31770165143143,
                    406.33783093517013
                ],
                [
                    400.0206875201229,
                    417.75649995919525
                ],
                [
                    389.33394517831493,
                    434.5425718640838
                ],
                [
                    385.8844342719867,
                    454.1405193684377
                ],
                [
                    390.1973115667324,
                    473.5667326205555
                ],
                [
                    401.6159805907573,
                    489.8637467518636
                ],
                [
                    418.40205249564633,
                    500.5504890936718
                ]
            ],
            "tags": [
                "mirror ball"
            ],
            "type": "region"
        }
    ],
    "size": [
        2592,
        1728
    ]
}