{
    "objects": [
        {
            "data": [
                [
                    401.0,
                    484.0
                ],
                [
                    419.784916950809,
                    480.4422788147451
                ],
                [
                    435.7784362870143,
                    469.9666965338779
                ],
                [
                    446.5456896712931,
                    454.1680655982698
                ],
                [
                    450.44746038128324,
                    435.4515843529218
                ],
                [
                    446.88973919602813,
                    416.6666674021128
                ],
                [
                    436.4141569151607,
                    400.6731480659073
                ],
                [
                    420.61552597955324,
                    389.90589468162875
                ],
                [
                    401.89904473420484,
                    386.0041239716388
                ],
                [
                    383.1141277833958,
                    389.5618451568937
                ],
                [
                    367.12060844719053,
                    400.0374274377609
                ],
                [
                    356.35335506291176,
                    415.83605837336904
                ],
                [
                    352.4515843529216,
                    434.552539618717
                ],
                [
                    356.0093055381767,
                    453.337456569526
                ],
                [
                    366.48488781904416,
                    469.3309759057315
                ],
                [
                    382.2835187546516,
                    480.09822929001007
                ]
            ],
            "tags": [
                "mirror ball"
            ],
            "type": "region"
        }
    ],
    "size": [
        2592,
        1728
    ]
}