{
    "objects": [
        {
            "data": [
                [
                    382.0,
                    495.0
                ],
                [
                    401.07160415129465,
                    490.0475905336393
                ],
                [
                    416.7962638257686,
                    478.1737738537279
                ],
                [
                    426.7800421323791,
                    461.18623091336576
                ],
                [
                    429.50299932711914,
                    441.671161132763
                ],
                [
                    424.550589860758,
                    422.59955698146814
                ],
                [
                    412.6767731808468,
                    406.87489730699394
                ],
                [
                    395.68923024048445,
                    396.89111900038415
                ],
                [
                    376.17416045988193,
                    394.1681618056441
                ],
                [
                    357.1025563085873,
                    399.1205712720048
                ],
                [
                    341.3778966341133,
                    410.9943879519162
                ],
                [
                    331.39411832750284,
                    427.98193089227834
                ],
                [
                    328.6711611327628,
                    447.4970006728811
                ],
                [
                    333.6235705991239,
                    466.56860482417596
                ],
                [
                    345.49738727903514,
                    482.29326449865016
                ],
                [
                    362.4849302193975,
                    492.27704280525995
                ]
            ],
            "tags": [
                "mirror ball"
            ],
            "type": "region"
        }
    ],
    "size": [
        2592,
        1728
    ]
}