{
  "objects": [
    {
      "data": [
        [
          446.0,
          529.0
        ],
        [
          464.92641286485605,
          525.1504224910443
        ],
        [
          480.93896880027205,
          514.3510519842225
        ],
        [
          491.5999013192618,
          498.24599474266074
        ],
        [
          495.28618008740386,
          479.28709973867944
        ],
        [
          491.43660257844795,
          460.3606868738236
        ],
        [
          480.6372320716264,
          444.3481309384074
        ],
        [
          464.5321748300644,
          433.6871984194174
        ],
        [
          445.5732798260833,
          430.0009196512756
        ],
        [
          426.64686696122726,
          433.85049716023127
        ],
        [
          410.63431102581126,
          444.64986766705306
        ],
        [
          399.9733785068215,
          460.75492490861484
        ],
        [
          396.28709973867944,
          479.71381991259614
        ],
        [
          400.13667724763536,
          498.64023277745196
        ],
        [
          410.9360477544569,
          514.6527887128682
        ],
        [
          427.04110499601893,
          525.3137212318582
        ]
      ],
      "tags": [
        "mirror ball"
      ],
      "type": "region"
    }
  ],
  "size": [
    700,
    1000
  ]
}