{
    "objects": [
        {
            "data": [
                [
                    457.0,
                    473.0
                ],
                [
                    475.6802464591401,
                    468.9282832727979
                ],
                [
                    491.38036529222245,
                    458.0178866939427
                ],
                [
                    501.7101557288411,
                    441.92981923957336
                ],
                [
                    505.09700081480514,
                    423.11334334092317
                ],
                [
                    501.02528408760327,
                    404.43309688178283
                ],
                [
                    490.1148875087474,
                    388.7329780487007
                ],
                [
                    474.02682005437873,
                    378.40318761208187
                ],
                [
                    455.2103441557283,
                    375.016342526118
                ],
                [
                    436.5300976965882,
                    379.0880592533201
                ],
                [
                    420.82997886350586,
                    389.9984558321753
                ],
                [
                    410.50018842688723,
                    406.08652328654466
                ],
                [
                    407.11334334092317,
                    424.90299918519486
                ],
                [
                    411.18506006812504,
                    443.5832456443352
                ],
                [
                    422.0954566469809,
                    459.2833644774173
                ],
                [
                    438.1835241013496,
                    469.61315491403616
                ]
            ],
            "tags": [
                "mirror ball"
            ],
            "type": "region"
        }
    ],
    "size": [
        2592,
        1728
    ]
}