{
    "objects": [
        {
            "data": [
                [
                    380.0,
                    548.0
                ],
                [
                    399.06602280853485,
                    543.8661021168891
                ],
                [
                    415.09875681677795,
                    532.7506274232701
                ],
                [
                    425.6573636090702,
                    516.3458061792173
                ],
                [
                    429.13439101529366,
                    497.1491237090629
                ],
                [
                    425.00049313218324,
                    478.08310090052805
                ],
                [
                    413.8850184385642,
                    462.0503668922847
                ],
                [
                    397.4801971945112,
                    451.49176009999246
                ],
                [
                    378.2835147243568,
                    448.014732693769
                ],
                [
                    359.21749191582194,
                    452.1486305768799
                ],
                [
                    343.18475790757884,
                    463.26410527049893
                ],
                [
                    332.6261511152866,
                    479.66892651455146
                ],
                [
                    329.14912370906313,
                    498.8656089847061
                ],
                [
                    333.28302159217355,
                    517.931631793241
                ],
                [
                    344.3984962857926,
                    533.9643658014843
                ],
                [
                    360.8033175298456,
                    544.5229725937766
                ]
            ],
            "tags": [
                "mirror ball"
            ],
            "type": "region"
        }
    ],
    "size": [
        2592,
        1728
    ]
}