{
    "objects": [
        {
            "data": [
                [
                    408.0,
                    482.0
                ],
                [
                    426.194160293031,
                    478.4692577587257
                ],
                [
                    441.6522160393042,
                    468.2446735575015
                ],
                [
                    452.0208183790746,
                    452.8828476548774
                ],
                [
                    455.72144159772597,
                    434.7224787892294
                ],
                [
                    452.19069935645166,
                    416.5283184961986
                ],
                [
                    441.96611515522727,
                    401.0702627499252
                ],
                [
                    426.60428925260294,
                    390.701660410155
                ],
                [
                    408.44392038695514,
                    387.00103719150366
                ],
                [
                    390.2497600939241,
                    390.53177943277797
                ],
                [
                    374.7917043476509,
                    400.7563636340021
                ],
                [
                    364.4231020078805,
                    416.11818953662623
                ],
                [
                    360.72247878922917,
                    434.27855840227426
                ],
                [
                    364.2532210305035,
                    452.47271869530505
                ],
                [
                    374.47780523172787,
                    467.9307744415785
                ],
                [
                    389.8396311343522,
                    478.29937678134866
                ]
            ],
            "tags": [
                "mirror ball"
            ],
            "type": "region"
        }
    ],
    "size": [
        2592,
        1728
    ]
}