{
    "objects": [
        {
            "data": [
                [
                    284.0,
                    469.0
                ],
                [
                    304.28289568813216,
                    466.13325628353596
                ],
                [
                    321.92479254933096,
                    455.72280229870194
                ],
                [
                    334.23987171067256,
                    439.35353529368854
                ],
                [
                    339.35327400631377,
                    419.51752778223454
                ],
                [
                    336.4865302898497,
                    399.2346320941026
                ],
                [
                    326.0760763050157,
                    381.5927352329036
                ],
                [
                    309.70680930000253,
                    369.2776560715615
                ],
                [
                    289.8708017885483,
                    364.16425377592077
                ],
                [
                    269.58790610041615,
                    367.0309974923848
                ],
                [
                    251.94600923921735,
                    377.44145147721883
                ],
                [
                    239.63093007787575,
                    393.810718482232
                ],
                [
                    234.51752778223454,
                    413.64672599368623
                ],
                [
                    237.38427149869858,
                    433.9296216818184
                ],
                [
                    247.7947254835326,
                    451.5715185430172
                ],
                [
                    264.1639924885458,
                    463.88659770435925
                ]
            ],
            "tags": [
                "mirror ball"
            ],
            "type": "region"
        }
    ],
    "size": [
        2592,
        1728
    ]
}