{
    "objects": [
        {
            "data": [
                [
                    382.0,
                    434.0
                ],
                [
                    400.91021897199926,
                    430.07164546413196
                ],
                [
                    416.87766703820307,
                    419.2056916090155
                ],
                [
                    427.4714449758094,
                    403.0563814089751
                ],
                [
                    431.07874612665273,
                    384.0823009481053
                ],
                [
                    427.15039159078515,
                    365.1720819761058
                ],
                [
                    416.2844377356687,
                    349.204633909902
                ],
                [
                    400.1351275356278,
                    338.6108559722961
                ],
                [
                    381.16104707475824,
                    335.0035548214523
                ],
                [
                    362.250828102759,
                    338.93190935732036
                ],
                [
                    346.2833800365552,
                    349.7978632124368
                ],
                [
                    335.6896020989493,
                    365.94717341247724
                ],
                [
                    332.0823009481055,
                    384.92125387334704
                ],
                [
                    336.0106554839731,
                    403.8314728453465
                ],
                [
                    346.87660933908955,
                    419.79892091155034
                ],
                [
                    363.0259195391304,
                    430.3926988491562
                ]
            ],
            "tags": [
                "mirror ball"
            ],
            "type": "region"
        }
    ],
    "size": [
        2592,
        1728
    ]
}