{
    "objects": [
        {
            "data": [
                [
                    411.0,
                    460.0
                ],
                [
                    430.41596065072326,
                    455.64119926059243
                ],
                [
                    446.68592847201853,
                    444.18402600667423
                ],
                [
                    457.33294835071956,
                    427.3727310066206
                ],
                [
                    460.73610802577014,
                    407.766681529421
                ],
                [
                    456.37730728636234,
                    388.3507208786982
                ],
                [
                    444.92013403244437,
                    372.0807530574025
                ],
                [
                    428.10883903239073,
                    361.43373317870123
                ],
                [
                    408.50278955519116,
                    358.0305735036509
                ],
                [
                    389.0868289044679,
                    362.38937424305846
                ],
                [
                    372.8168610831726,
                    373.84654749697665
                ],
                [
                    362.1698412044716,
                    390.65784249703006
                ],
                [
                    358.766681529421,
                    410.26389197422986
                ],
                [
                    363.1254822688288,
                    429.6798526249529
                ],
                [
                    374.5826555227468,
                    445.9498204462484
                ],
                [
                    391.3939505228004,
                    456.59684032494965
                ]
            ],
            "tags": [
                "mirror ball"
            ],
            "type": "region"
        }
    ],
    "size": [
        2592,
        1728
    ]
}