{
    "objects": [
        {
            "data": [
                [
                    452.0,
                    516.0
                ],
                [
                    470.47704338304584,
                    511.91250600958415
                ],
                [
                    485.98338935594165,
                    501.06529559079354
                ],
                [
                    496.1583373096896,
                    485.10975819968166
                ],
                [
                    499.45284365446423,
                    466.4749797667382
                ],
                [
                    495.3653496640486,
                    447.99793638369215
                ],
                [
                    484.51813924525777,
                    432.49159041079656
                ],
                [
                    468.56260185414567,
                    422.31664245704883
                ],
                [
                    449.92782342120245,
                    419.022136112274
                ],
                [
                    431.4507800381566,
                    423.10963010268983
                ],
                [
                    415.9444340652608,
                    433.95684052148044
                ],
                [
                    405.76948611151283,
                    449.9123779125923
                ],
                [
                    402.4749797667382,
                    468.54715634553577
                ],
                [
                    406.56247375715384,
                    487.02419972858183
                ],
                [
                    417.4096841759447,
                    502.5305457014774
                ],
                [
                    433.3652215670568,
                    512.7054936552254
                ]
            ],
            "tags": [
                "mirror ball"
            ],
            "type": "region"
        }
    ],
    "size": [
        2592,
        1728
    ]
}