{
    "objects": [
        {
            "data": [
                [
                    456.0,
                    526.0
                ],
                [
                    475.0614759787145,
                    521.8451870130591
                ],
                [
                    491.08200540022744,
                    510.7121292795332
                ],
                [
                    501.62260788657295,
                    494.295733917932
                ],
                [
                    505.0785722600058,
                    475.09524830706437
                ],
                [
                    500.9237592730651,
                    456.03377232834964
                ],
                [
                    489.790701539539,
                    440.01324290683715
                ],
                [
                    473.37430617793734,
                    429.4726404204914
                ],
                [
                    454.1738205670699,
                    426.0166760470588
                ],
                [
                    435.1123445883554,
                    430.1714890339997
                ],
                [
                    419.0918151668425,
                    441.3045467675256
                ],
                [
                    408.551212680497,
                    457.7209421291268
                ],
                [
                    405.09524830706414,
                    476.92142773999444
                ],
                [
                    409.2500612940048,
                    495.98290371870917
                ],
                [
                    420.3831190275314,
                    512.0034331402217
                ],
                [
                    436.7995143891326,
                    522.5440356265674
                ]
            ],
            "tags": [
                "mirror ball"
            ],
            "type": "region"
        }
    ],
    "size": [
        2592,
        1728
    ]
}