{
    "objects": [
        {
            "data": [
                [
                    344.0,
                    489.0
                ],
                [
                    363.1207951037495,
                    484.2410464357574
                ],
                [
                    378.96493366101504,
                    472.52713514172956
                ],
                [
                    389.12028920392686,
                    455.6416029255622
                ],
                [
                    392.04080090960406,
                    436.1551189994357
                ],
                [
                    387.28184734536126,
                    417.0343238956864
                ],
                [
                    375.5679360513336,
                    401.19018533842063
                ],
                [
                    358.68240383516604,
                    391.0348297955086
                ],
                [
                    339.19591990903973,
                    388.1143180898316
                ],
                [
                    320.0751248052902,
                    392.8732716540742
                ],
                [
                    304.2309862480247,
                    404.58718294810205
                ],
                [
                    294.07563070511287,
                    421.4727151642694
                ],
                [
                    291.1551189994357,
                    440.95919909039594
                ],
                [
                    295.9140725636785,
                    460.07999419414523
                ],
                [
                    307.6279838577061,
                    475.924132751411
                ],
                [
                    324.5135160738737,
                    486.079488294323
                ]
            ],
            "tags": [
                "mirror ball"
            ],
            "type": "region"
        }
    ],
    "size": [
        2592,
        1728
    ]
}