{
    "objects": [
        {
            "data": [
                [
                    448.0,
                    475.0
                ],
                [
                    467.02742580482663,
                    470.6919372468137
                ],
                [
                    482.9578508210493,
                    459.4303256283076
                ],
                [
                    493.3660122496103,
                    442.9296434266357
                ],
                [
                    496.6673618632303,
                    423.70196992794604
                ],
                [
                    492.35929911004405,
                    404.67454412311963
                ],
                [
                    481.0976874915382,
                    388.74411910689673
                ],
                [
                    464.5970052898665,
                    378.3359576783355
                ],
                [
                    445.3693317911766,
                    375.0346080647155
                ],
                [
                    426.34190598634996,
                    379.34267081790176
                ],
                [
                    410.4114809701273,
                    390.60428243640786
                ],
                [
                    400.00331954156627,
                    407.10496463807976
                ],
                [
                    396.70196992794627,
                    426.33263813676945
                ],
                [
                    401.01003268113254,
                    445.36006394159585
                ],
                [
                    412.2716442996384,
                    461.29048895781875
                ],
                [
                    428.77232650131054,
                    471.69865038638
                ]
            ],
            "tags": [
                "mirror ball"
            ],
            "type": "region"
        }
    ],
    "size": [
        2592,
        1728
    ]
}