{
    "objects": [
        {
            "data": [
                [
                    377.0,
                    457.0
                ],
                [
                    396.27396484161636,
                    452.9052809973907
                ],
                [
                    412.51380534663804,
                    441.74642689862117
                ],
                [
                    423.2471530126977,
                    425.22227208496497
                ],
                [
                    426.83995295567547,
                    405.84846933496465
                ],
                [
                    422.7452339530664,
                    386.57450449334874
                ],
                [
                    411.58637985429687,
                    370.3346639883264
                ],
                [
                    395.06222504064044,
                    359.60131632226717
                ],
                [
                    375.6884222906401,
                    356.0085163792892
                ],
                [
                    356.41445744902376,
                    360.10323538189846
                ],
                [
                    340.1746169440021,
                    371.262089480668
                ],
                [
                    329.4412692779424,
                    387.7862442943242
                ],
                [
                    325.84846933496465,
                    407.16004704432453
                ],
                [
                    329.9431883375737,
                    426.43401188594044
                ],
                [
                    341.10204243634325,
                    442.6738523909628
                ],
                [
                    357.6261972499997,
                    453.407200057022
                ]
            ],
            "tags": [
                "mirror ball"
            ],
            "type": "region"
        }
    ],
    "size": [
        2592,
        1728
    ]
}