{
    "objects": [
        {
            "data": [
                [
                    429.0,
                    512.0
                ],
                [
                    447.9262685672529,
                    508.1497131212534
                ],
                [
                    463.93841972500104,
                    497.34974246250226
                ],
                [
                    474.5987486099875,
                    481.24428565456446
                ],
                [
                    478.28431678559673,
                    462.28525250011853
                ],
                [
                    474.4340299068499,
                    443.3589839328656
                ],
                [
                    463.6340592480992,
                    427.3468327751177
                ],
                [
                    447.5286024401612,
                    416.6865038901308
                ],
                [
                    428.56956928571526,
                    413.0009357145218
                ],
                [
                    409.64330071846234,
                    416.8512225932684
                ],
                [
                    393.6311495607142,
                    427.65119325201954
                ],
                [
                    382.97082067572774,
                    443.75665005995734
                ],
                [
                    379.28525250011853,
                    462.71568321440327
                ],
                [
                    383.13553937886536,
                    481.6419517816562
                ],
                [
                    393.9355100376165,
                    497.6541029394041
                ],
                [
                    410.04096684555407,
                    508.314431824391
                ]
            ],
            "tags": [
                "mirror ball"
            ],
            "type": "region"
        }
    ],
    "size": [
        2592,
        1728
    ]
}