{
    "objects": [
        {
            "data": [
                [
                    385.0,
                    428.0
                ],
                [
                    403.9093501094435,
                    424.0674652745415
                ],
                [
                    419.87439576201496,
                    413.19798192712574
                ],
                [
                    430.46460348060964,
                    397.0463302652845
                ],
                [
                    434.06771014054357,
                    378.07145283944647
                ],
                [
                    430.1351754150851,
                    359.1621027300032
                ],
                [
                    419.26569206766953,
                    343.19705707743174
                ],
                [
                    403.1140404058283,
                    332.6068493588368
                ],
                [
                    384.13916297999003,
                    329.0037426989029
                ],
                [
                    365.22981287054654,
                    332.9362774243614
                ],
                [
                    349.2647672179751,
                    343.80576077177716
                ],
                [
                    338.6745594993804,
                    359.9574124336184
                ],
                [
                    335.07145283944647,
                    378.93228985945643
                ],
                [
                    339.00398756490495,
                    397.8416399688997
                ],
                [
                    349.87347091232095,
                    413.80668562147116
                ],
                [
                    366.02512257416174,
                    424.3968933400661
                ]
            ],
            "tags": [
                "mirror ball"
            ],
            "type": "region"
        }
    ],
    "size": [
        2592,
        1728
    ]
}