{
    "objects": [
        {
            "data": [
                [
                    419.0,
                    449.0
                ],
                [
                    437.7183465729845,
                    445.1071878475261
                ],
                [
                    453.52212913815583,
                    434.3474972611955
                ],
                [
                    464.00536506161325,
                    418.3589935959387
                ],
                [
                    467.57207670478056,
                    399.5757815986444
                ],
                [
                    463.6792645523069,
                    380.85743502566015
                ],
                [
                    452.91957396597627,
                    365.05365246048837
                ],
                [
                    436.93107030071906,
                    354.57041653703095
                ],
                [
                    418.147858303425,
                    351.00370489386387
                ],
                [
                    399.4295117304405,
                    354.89651704633775
                ],
                [
                    383.62572916526915,
                    365.6562076326684
                ],
                [
                    373.14249324181174,
                    381.64471129792514
                ],
                [
                    369.5757815986444,
                    400.42792329521944
                ],
                [
                    373.4685937511181,
                    419.1462698682037
                ],
                [
                    384.2282843374487,
                    434.9500524333755
                ],
                [
                    400.2167880027059,
                    445.4332883568329
                ]
            ],
            "tags": [
                "mirror ball"
            ],
            "type": "region"
        }
    ],
    "size": [
        2592,
        1728
    ]
}