{
    "objects": [
        {
            "data": [
                [
                    435.0,
                    555.0
                ],
                [
                    454.25962710692784,
                    550.838364729067
                ],
                [
                    470.46061352508605,
                    539.6231748731245
                ],
                [
                    481.13650593461716,
                    523.0618414217897
                ],
                [
                    484.66199649337614,
                    503.67567726416746
                ],
                [
                    480.50036122244364,
                    484.4160501572396
                ],
                [
                    469.28517136650044,
                    468.21506373908164
                ],
                [
                    452.72383791516586,
                    457.5391713295503
                ],
                [
                    433.3376737575436,
                    454.0136807707913
                ],
                [
                    414.07804665061576,
                    458.1753160417243
                ],
                [
                    397.87706023245755,
                    469.3905058976668
                ],
                [
                    387.20116782292644,
                    485.9518393490016
                ],
                [
                    383.67567726416746,
                    505.33800350662386
                ],
                [
                    387.83731253509995,
                    524.5976306135517
                ],
                [
                    399.05250239104316,
                    540.7986170317097
                ],
                [
                    415.61383584237774,
                    551.474509441241
                ]
            ],
            "tags": [
                "mirror ball"
            ],
            "type": "region"
        }
    ],
    "size": [
        2592,
        1728
    ]
}