{
    "objects": [
        {
            "data": [
                [
                    390.0,
                    473.0
                ],
                [
                    408.867579774329,
                    468.0384709108073
                ],
                [
                    424.4002555742236,
                    456.2343055468807
                ],
                [
                    434.2333183132073,
                    439.38458107985207
                ],
                [
                    436.8697733262052,
                    420.0545153166943
                ],
                [
                    431.90824423701224,
                    401.1869355423655
                ],
                [
                    420.1040788730852,
                    385.6542597424707
                ],
                [
                    403.25435440605725,
                    375.821197003487
                ],
                [
                    383.9242886428992,
                    373.18474199048933
                ],
                [
                    365.05670886857024,
                    378.14627107968204
                ],
                [
                    349.52403306867564,
                    389.9504364436086
                ],
                [
                    339.69097032969194,
                    406.80016091063726
                ],
                [
                    337.05451531669405,
                    426.13022667379505
                ],
                [
                    342.016044405887,
                    444.9978064481238
                ],
                [
                    353.820209769814,
                    460.53048224801864
                ],
                [
                    370.66993423684244,
                    470.36354498700234
                ]
            ],
            "tags": [
                "mirror ball"
            ],
            "type": "region"
        }
    ],
    "size": [
        2592,
        1728
    ]
}