{
    "objects": [
        {
            "data": [
                [
                    451.0,
                    450.0
                ],
                [
                    469.560146469707,
                    446.3081573267973
                ],
                [
                    485.29467888754743,
                    435.79467888754766
                ],
                [
                    495.8081573267973,
                    420.06014646970675
                ],
                [
                    499.5,
                    401.5
                ],
                [
                    495.8081573267973,
                    382.93985353029325
                ],
                [
                    485.29467888754743,
                    367.20532111245234
                ],
                [
                    469.560146469707,
                    356.6918426732027
                ],
                [
                    451.0,
                    353.0
                ],
                [
                    432.439853530293,
                    356.6918426732027
                ],
                [
                    416.70532111245257,
                    367.20532111245234
                ],
                [
                    406.1918426732027,
                    382.939853530293
                ],
                [
                    402.5,
                    401.5
                ],
                [
                    406.1918426732027,
                    420.060146469707
                ],
                [
                    416.70532111245257,
                    435.79467888754766
                ],
                [
                    432.439853530293,
                    446.3081573267975
                ]
            ],
            "tags": [
                "mirror ball"
            ],
            "type": "region"
        }
    ],
    "size": [
        2592,
        1728
    ]
}