{
    "objects": [
        {
            "data": [
                [
                    415.0,
                    466.0
                ],
                [
                    433.75148818588923,
                    462.270097093053
                ],
                [
                    449.64823227814077,
                    451.64823227814077
                ],
                [
                    460.2700970930532,
                    435.75148818588946
                ],
                [
                    464.0,
                    417.0
                ],
                [
                    460.2700970930532,
                    398.24851181411054
                ],
                [
                    449.64823227814077,
                    382.35176772185923
                ],
                [
                    433.75148818588923,
                    371.729902906947
                ],
                [
                    415.0,
                    368.0
                ],
                [
                    396.24851181411077,
                    371.729902906947
                ],
                [
                    380.35176772185923,
                    382.35176772185923
                ],
                [
                    369.7299029069468,
                    398.24851181411054
                ],
                [
                    366.0,
                    417.0
                ],
                [
                    369.7299029069468,
                    435.75148818588946
                ],
                [
                    380.35176772185923,
                    451.64823227814077
                ],
                [
                    396.24851181411077,
                    462.270097093053
                ]
            ],
            "tags": [
                "mirror ball"
            ],
            "type": "region"
        }
    ],
    "size": [
        2592,
        1728
    ]
}