{
    "objects": [
        {
            "data": [
                [
                    432.0,
                    500.0
                ],
                [
                    450.87596014928977,
                    495.91019812571994
                ],
                [
                    466.7499739687746,
                    484.90819666292964
                ],
                [
                    477.20536675273115,
                    468.668950600947
                ],
                [
                    480.65039972817476,
                    449.6647379435767
                ],
                [
                    476.5605978538947,
                    430.78877779428694
                ],
                [
                    465.5585963911044,
                    414.9147639748021
                ],
                [
                    449.3193503291218,
                    404.4593711908451
                ],
                [
                    430.3151376717515,
                    401.01433821540195
                ],
                [
                    411.4391775224617,
                    405.104140089682
                ],
                [
                    395.56516370297686,
                    416.1061415524723
                ],
                [
                    385.1097709190203,
                    432.3453876144549
                ],
                [
                    381.6647379435767,
                    451.34960027182524
                ],
                [
                    385.75453981785677,
                    470.225560421115
                ],
                [
                    396.75654128064707,
                    486.09957424059985
                ],
                [
                    412.9957873426297,
                    496.55496702455684
                ]
            ],
            "tags": [
                "mirror ball"
            ],
            "type": "region"
        }
    ],
    "size": [
        2592,
        1728
    ]
}