{
    "objects": [
        {
            "data": [
                [
                    418.0,
                    475.0
                ],
                [
                    436.3993183076436,
                    470.5757684153434
                ],
                [
                    451.7049917758409,
                    459.44719712404253
                ],
                [
                    461.586870365335,
                    443.3085102244481
                ],
                [
                    464.54052764032804,
                    424.6166764994616
                ],
                [
                    460.1162960556712,
                    406.2173581918182
                ],
                [
                    448.98772476437034,
                    390.91168472362074
                ],
                [
                    432.8490378647757,
                    381.0298061341266
                ],
                [
                    414.1572041397894,
                    378.0761488591338
                ],
                [
                    395.7578858321458,
                    382.5003804437904
                ],
                [
                    380.45221236394855,
                    393.6289517350913
                ],
                [
                    370.5703337744544,
                    409.7676386346857
                ],
                [
                    367.6166764994614,
                    428.4594723596722
                ],
                [
                    372.0409080841182,
                    446.8587906673156
                ],
                [
                    383.1694793754191,
                    462.1644641355133
                ],
                [
                    399.3081662750137,
                    472.04634272500743
                ]
            ],
            "tags": [
                "mirror ball"
            ],
            "type": "region"
        }
    ],
    "size": [
        2592,
        1728
    ]
}