{
    "objects": [
        {
            "data": [
                [
                    326.0,
                    467.0
                ],
                [
                    345.64012264404164,
                    461.9083332094533
                ],
                [
                    361.8367334470181,
                    449.68829692980626
                ],
                [
                    372.12404523681744,
                    432.2002809097312
                ],
                [
                    374.9359080481572,
                    412.10667705902347
                ],
                [
                    369.8442412576105,
                    392.46655441498183
                ],
                [
                    357.6242049779635,
                    376.2699436120056
                ],
                [
                    340.13618895788795,
                    365.98263182220626
                ],
                [
                    320.04258510718046,
                    363.1707690108665
                ],
                [
                    300.4024624631388,
                    368.2624358014132
                ],
                [
                    284.20585166016235,
                    380.4824720810602
                ],
                [
                    273.918539870363,
                    397.9704881011353
                ],
                [
                    271.10667705902324,
                    418.064091951843
                ],
                [
                    276.19834384956994,
                    437.7042145958849
                ],
                [
                    288.418380129217,
                    453.9008253988609
                ],
                [
                    305.9063961492925,
                    464.1881371886602
                ]
            ],
            "tags": [
                "mirror ball"
            ],
            "type": "region"
        }
    ],
    "size": [
        2592,
        1728
    ]
}