{
    "objects": [
        {
            "data": [
                [
                    406.0,
                    505.0
                ],
                [
                    424.6675283663767,
                    500.870366896281
                ],
                [
                    440.3337335761057,
                    489.9113295659565
                ],
                [
                    450.6135779005108,
                    473.7913020986475
                ],
                [
                    453.9420482282212,
                    454.9644125478387
                ],
                [
                    449.8124151245029,
                    436.29688418146225
                ],
                [
                    438.85337779417796,
                    420.630678971733
                ],
                [
                    422.73335032686873,
                    410.35083464732793
                ],
                [
                    403.90646077606016,
                    407.0223643196173
                ],
                [
                    385.23893240968346,
                    411.1519974233363
                ],
                [
                    369.57272719995444,
                    422.11103475366076
                ],
                [
                    359.29288287554937,
                    438.23106222096976
                ],
                [
                    355.96441254783895,
                    457.05795177177856
                ],
                [
                    360.0940456515573,
                    475.72548013815504
                ],
                [
                    371.0530829818822,
                    491.3916853478843
                ],
                [
                    387.1731104491914,
                    501.67152967228935
                ]
            ],
            "tags": [
                "mirror ball"
            ],
            "type": "region"
        }
    ],
    "size": [
        2592,
        1728
    ]
}