{
    "objects": [
        {
            "data": [
                [
                    343.0,
                    512.0
                ],
                [
                    362.62338052518544,
                    507.6751928878107
                ],
                [
                    379.097988121076,
                    496.1700495008156
                ],
                [
                    389.9157131238858,
                    479.2361236252998
                ],
                [
                    393.4296549648593,
                    459.45145196939075
                ],
                [
                    389.10484785267045,
                    439.8280714442051
                ],
                [
                    377.59970446567513,
                    423.35346384831496
                ],
                [
                    360.66577859015933,
                    412.53573884550497
                ],
                [
                    340.88110693425006,
                    409.02179700453144
                ],
                [
                    321.2577264090646,
                    413.34660411672075
                ],
                [
                    304.78311881317404,
                    424.85174750371584
                ],
                [
                    293.9653938103643,
                    441.78567337923164
                ],
                [
                    290.45145196939075,
                    461.5703450351407
                ],
                [
                    294.7762590815796,
                    481.19372556032636
                ],
                [
                    306.2814024685754,
                    497.6683331562165
                ],
                [
                    323.2153283440907,
                    508.48605815902647
                ]
            ],
            "tags": [
                "mirror ball"
            ],
            "type": "region"
        }
    ],
    "size": [
        2592,
        1728
    ]
}