{
    "objects": [
        {
            "data": [
                [
                    474.0,
                    500.0
                ],
                [
                    492.4333069443005,
                    496.68694864434565
                ],
                [
                    508.1956120822538,
                    486.57196713541384
                ],
                [
                    518.8872473422589,
                    471.19496971540343
                ],
                [
                    522.8805081758956,
                    452.8969648486827
                ],
                [
                    519.5674568202412,
                    434.46365790438244
                ],
                [
                    509.4524753113096,
                    418.7013527664287
                ],
                [
                    494.0754778912992,
                    408.0097175064234
                ],
                [
                    475.7774730245783,
                    404.01645667278717
                ],
                [
                    457.3441660802778,
                    407.3295080284415
                ],
                [
                    441.5818609423245,
                    417.44448953737333
                ],
                [
                    430.8902256823194,
                    432.82148695738374
                ],
                [
                    426.8969648486827,
                    451.11949182410444
                ],
                [
                    430.2100162043371,
                    469.5527987684047
                ],
                [
                    440.32499771326866,
                    485.31510390635844
                ],
                [
                    455.70199513327907,
                    496.0067391663638
                ]
            ],
            "tags": [
                "mirror ball"
            ],
            "type": "region"
        }
    ],
    "size": [
        2592,
        1728
    ]
}