{
    "objects": [
        {
            "data": [
                [
                    380.0,
                    459.0
                ],
                [
                    399.098291564238,
                    456.1218738290704
                ],
                [
                    415.6414010444996,
                    446.15423219965146
                ],
                [
                    427.11078998607536,
                    430.6145581929261
                ],
                [
                    431.7603478928804,
                    411.86862630892233
                ],
                [
                    428.8822217219504,
                    392.7703347446843
                ],
                [
                    418.91458009253165,
                    376.2272252644227
                ],
                [
                    403.3749060858063,
                    364.7578363228472
                ],
                [
                    384.6289742018025,
                    360.10827841604214
                ],
                [
                    365.5306826375645,
                    362.98640458697173
                ],
                [
                    348.9875731573029,
                    372.9540462163907
                ],
                [
                    337.51818421572716,
                    388.49372022311604
                ],
                [
                    332.8686263089221,
                    407.2396521071198
                ],
                [
                    335.74675247985215,
                    426.33794367135783
                ],
                [
                    345.71439410927087,
                    442.8810531516194
                ],
                [
                    361.25406811599623,
                    454.35044209319517
                ]
            ],
            "tags": [
                "mirror ball"
            ],
            "type": "region"
        }
    ],
    "size": [
        2592,
        1728
    ]
}