{
    "objects": [
        {
            "data": [
                [
                    382.0,
                    460.0
                ],
                [
                    400.6663822037617,
                    455.8651892057933
                ],
                [
                    416.3295470809426,
                    444.9018069306451
                ],
                [
                    426.60491976593585,
                    428.7789287426383
                ],
                [
                    429.9281679139358,
                    409.9511166916427
                ],
                [
                    425.7933571197291,
                    391.28473448788077
                ],
                [
                    414.82997484458065,
                    375.6215696106999
                ],
                [
                    398.7070966565743,
                    365.34619692570686
                ],
                [
                    379.8792846055785,
                    362.0229487777069
                ],
                [
                    361.2129024018168,
                    366.15775957191363
                ],
                [
                    345.54973752463593,
                    377.12114184706184
                ],
                [
                    335.27436483964266,
                    393.2440200350686
                ],
                [
                    331.9511166916427,
                    412.0718320860642
                ],
                [
                    336.0859274858494,
                    430.73821428982615
                ],
                [
                    347.04930976099786,
                    446.401379167007
                ],
                [
                    363.1721879490042,
                    456.67675185200005
                ]
            ],
            "tags": [
                "mirror ball"
            ],
            "type": "region"
        }
    ],
    "size": [
        2592,
        1728
    ]
}