{
    "objects": [
        {
            "data": [
                [
                    425.0,
                    498.0
                ],
                [
                    443.68125054977963,
                    493.93289257860556
                ],
                [
                    459.38406094661923,
                    483.0263701941926
                ],
                [
                    469.7178206539311,
                    466.9408520119164
                ],
                [
                    473.10930843204187,
                    448.12521235944314
                ],
                [
                    469.04220101064766,
                    429.4439618096635
                ],
                [
                    458.1356786262345,
                    413.7411514128239
                ],
                [
                    442.05016044395825,
                    403.4073917055118
                ],
                [
                    423.234520791485,
                    400.01590392740127
                ],
                [
                    404.5532702417054,
                    404.0830113487957
                ],
                [
                    388.8504598448658,
                    414.98953373320865
                ],
                [
                    378.5167001375539,
                    431.0750519154849
                ],
                [
                    375.12521235944314,
                    449.89069156795813
                ],
                [
                    379.19231978083735,
                    468.57194211773776
                ],
                [
                    390.0988421652505,
                    484.27475251457736
                ],
                [
                    406.18436034752676,
                    494.60851222188944
                ]
            ],
            "tags": [
                "mirror ball"
            ],
            "type": "region"
        }
    ],
    "size": [
        2592,
        1728
    ]
}