{
    "objects": [
        {
            "data": [
                [
                    427.0,
                    480.0
                ],
                [
                    445.83071954039315,
                    476.6932664951846
                ],
                [
                    461.9626037786825,
                    466.4320387029941
                ],
                [
                    472.93971957548456,
                    450.7784955365287
                ],
                [
                    477.0909005585381,
                    432.1157470431599
                ],
                [
                    473.78416705372274,
                    413.2850275027672
                ],
                [
                    463.52293926153243,
                    397.1531432644772
                ],
                [
                    447.8693960950668,
                    386.17602746767534
                ],
                [
                    429.206647601698,
                    382.0248464846218
                ],
                [
                    410.3759280613049,
                    385.33157998943716
                ],
                [
                    394.24404382301555,
                    395.5928077816277
                ],
                [
                    383.26692802621346,
                    411.2463509480931
                ],
                [
                    379.1157470431599,
                    429.9090994414619
                ],
                [
                    382.4224805479753,
                    448.73981898185457
                ],
                [
                    392.6837083401656,
                    464.8717032201446
                ],
                [
                    408.3372515066317,
                    475.84881901694644
                ]
            ],
            "tags": [
                "mirror ball"
            ],
            "type": "region"
        }
    ],
    "size": [
        2592,
        1728
    ]
}