{
  "objects": [
    {
      "data": [
        [
          354.0,
          435.0
        ],
        [
          372.89161615588637,
          430.9831368025425
        ],
        [
          388.8080066626253,
          420.04253059605526
        ],
        [
          399.3260453480052,
          403.84378949863367
        ],
        [
          402.8444561684346,
          384.85302500040666
        ],
        [
          398.8275929709771,
          365.96140884452007
        ],
        [
          387.88698676448985,
          350.04501833778113
        ],
        [
          371.68824566706826,
          339.5269796524012
        ],
        [
          352.6974811688415,
          336.00856883197184
        ],
        [
          333.8058650129551,
          340.02543202942934
        ],
        [
          317.8894745062162,
          350.9660382359166
        ],
        [
          307.37143582083627,
          367.1647793333382
        ],
        [
          303.8530250004069,
          386.1555438315652
        ],
        [
          307.8698881978644,
          405.0471599874518
        ],
        [
          318.81049440435163,
          420.9635504941907
        ],
        [
          335.0092355017732,
          431.4815891795706
        ]
      ],
      "tags": [
        "mirror ball"
      ],
      "type": "region"
    }
  ],
  "size": [
    700,
    1000
  ]
}