{
    "objects": [
        {
            "data": [
                [
                    393.0,
                    547.0
                ],
                [
                    412.18353827499914,
                    542.5006329692039
                ],
                [
                    428.1849834296031,
                    531.0025375882117
                ],
                [
                    438.56826049248366,
                    514.2561946482845
                ],
                [
                    441.75260965545885,
                    494.8110830560504
                ],
                [
                    437.253242624663,
                    475.62754478105103
                ],
                [
                    425.7551472436703,
                    459.6260996264475
                ],
                [
                    409.00880430374355,
                    449.24282256356696
                ],
                [
                    389.56369271150925,
                    446.05847340059154
                ],
                [
                    370.3801544365101,
                    450.5578404313876
                ],
                [
                    354.37870928190614,
                    462.05593581237986
                ],
                [
                    343.9954322190256,
                    478.80227875230685
                ],
                [
                    340.8110830560504,
                    498.24739034454115
                ],
                [
                    345.31045008684623,
                    517.4309286195407
                ],
                [
                    356.80854546783894,
                    533.432373774144
                ],
                [
                    373.5548884077657,
                    543.8156508370246
                ]
            ],
            "tags": [
                "mirror ball"
            ],
            "type": "region"
        }
    ],
    "size": [
        2592,
        1728
    ]
}