{
    "objects": [
        {
            "data": [
                [
                    464.0,
                    490.0
                ],
                [
                    482.4570827919465,
                    485.8232986566086
                ],
                [
                    497.91084940723886,
                    474.9013099777683
                ],
                [
                    508.00860396744247,
                    458.8968077317584
                ],
                [
                    511.2130548771397,
                    440.24633230435984
                ],
                [
                    507.0363535337483,
                    421.78924951241356
                ],
                [
                    496.11436485490776,
                    406.33548289712076
                ],
                [
                    480.1098626088983,
                    396.2377283369169
                ],
                [
                    461.45938718149955,
                    393.0332774272201
                ],
                [
                    443.00230438955305,
                    397.20997877061154
                ],
                [
                    427.5485377742607,
                    408.13196744945185
                ],
                [
                    417.4507832140571,
                    424.13646969546176
                ],
                [
                    414.24633230435984,
                    442.7869451228603
                ],
                [
                    418.42303364775125,
                    461.24402791480657
                ],
                [
                    429.3450223265918,
                    476.6977945300994
                ],
                [
                    445.3495245726017,
                    486.7955490903032
                ]
            ],
            "tags": [
                "mirror ball"
            ],
            "type": "region"
        }
    ],
    "size": [
        2592,
        1728
    ]
}