{
    "objects": [
        {
            "data": [
                [
                    305.6878759277897,
                    302.9616869699862
                ],
                [
                    325.48686580101275,
                    303.66879375117264
                ],
                [
                    340.3361082059305,
                    317.10382259371704
                ],
                [
                    345.28585567423625,
                    344.6809870599925
                ],
                [
                    342.45742854949003,
                    362.3586565896562
                ],
                [
                    329.02239970694563,
                    375.08657865101395
                ],
                [
                    307.1020894901626,
                    384.9860735876257
                ],
                [
                    281.6462453674467,
                    375.08657865101395
                ],
                [
                    265.3827894001565,
                    358.82312268372334
                ],
                [
                    266.08989618134274,
                    342.55966671643296
                ],
                [
                    268.2112165249023,
                    330.53885143626144
                ],
                [
                    283.06045892982,
                    307.2043276571055
                ]
            ],
            "tags": [
                "mirror ball"
            ],
            "type": "region"
        }
    ],
    "size": [
        2592,
        1728
    ]
}