{
    "objects": [
        {
            "data": [
                [
                    322.0,
                    403.0
                ],
                [
                    341.6229601782534,
                    399.69574430181706
                ],
                [
                    358.48772754223273,
                    389.13362833790484
                ],
                [
                    370.02679414026943,
                    372.92163851794885
                ],
                [
                    374.4834416847125,
                    353.52790332998416
                ],
                [
                    371.1791859865293,
                    333.904943151731
                ],
                [
                    360.6170700226171,
                    317.0401757877514
                ],
                [
                    344.40508020266134,
                    305.50110918971427
                ],
                [
                    325.0113450146964,
                    301.0444616452719
                ],
                [
                    305.38838483644304,
                    304.34871734345484
                ],
                [
                    288.5236174724637,
                    314.91083330736706
                ],
                [
                    276.984550874427,
                    331.12282312732304
                ],
                [
                    272.5279033299839,
                    350.51655831528774
                ],
                [
                    275.8321590281671,
                    370.1395184935409
                ],
                [
                    286.3942749920793,
                    387.0042858575207
                ],
                [
                    302.60626481203553,
                    398.5433524555576
                ]
            ],
            "tags": [
                "mirror ball"
            ],
            "type": "region"
        }
    ],
    "size": [
        2592,
        1728
    ]
}