{
    "objects": [
        {
            "data": [
                [
                    461.0,
                    510.0
                ],
                [
                    479.6981359298625,
                    506.0112410916197
                ],
                [
                    495.44652906164083,
                    495.1706415395763
                ],
                [
                    505.84762930056013,
                    479.1285843553885
                ],
                [
                    509.31796342145435,
                    460.3273273237387
                ],
                [
                    505.3292045130743,
                    441.6291913938762
                ],
                [
                    494.48860496103043,
                    425.8807982620981
                ],
                [
                    478.44654777684264,
                    415.47969802317834
                ],
                [
                    459.64529074519305,
                    412.00936390228435
                ],
                [
                    440.9471548153306,
                    415.99812281066465
                ],
                [
                    425.1987616835522,
                    426.83872236270804
                ],
                [
                    414.7976614446329,
                    442.88077954689584
                ],
                [
                    411.3273273237387,
                    461.68203657854565
                ],
                [
                    415.3160862321188,
                    480.38017250840835
                ],
                [
                    426.1566857841626,
                    496.12856564018625
                ],
                [
                    442.1987429683504,
                    506.529665879106
                ]
            ],
            "tags": [
                "mirror ball"
            ],
            "type": "region"
        }
    ],
    "size": [
        2592,
        1728
    ]
}