{
    "objects": [
        {
            "data": [
                [
                    373.0,
                    446.0
                ],
                [
                    392.5325378330108,
                    442.1975484647021
                ],
                [
                    409.12311455000236,
                    431.2097626971365
                ],
                [
                    420.24596523976425,
                    414.70943347588945
                ],
                [
                    424.20773671367397,
                    395.2085863490388
                ],
                [
                    420.40528517837583,
                    375.676048516028
                ],
                [
                    409.4174994108107,
                    359.08547179903667
                ],
                [
                    392.9171701895639,
                    347.9626211092743
                ],
                [
                    373.41632306271276,
                    344.00084963536483
                ],
                [
                    353.88378522970197,
                    347.80330117066273
                ],
                [
                    337.29320851271086,
                    358.7910869382283
                ],
                [
                    326.1703578229485,
                    375.2914161594754
                ],
                [
                    322.2085863490388,
                    394.79226328632603
                ],
                [
                    326.01103788433693,
                    414.3248011193368
                ],
                [
                    336.9988236519025,
                    430.91537783632816
                ],
                [
                    353.49915287314934,
                    442.0382285260905
                ]
            ],
            "tags": [
                "mirror ball"
            ],
            "type": "region"
        }
    ],
    "size": [
        2592,
        1728
    ]
}