{
    "objects": [
        {
            "data": [
                [
                    443.0,
                    476.0
                ],
                [
                    461.6240064887497,
                    471.67832588135025
                ],
                [
                    477.1765118117746,
                    460.5585208894415
                ],
                [
                    487.28978801745643,
                    444.3334745330085
                ],
                [
                    490.4241804805565,
                    425.4733030394068
                ],
                [
                    486.10250636190676,
                    406.8492965506571
                ],
                [
                    474.9827013699978,
                    391.29679122763196
                ],
                [
                    458.757655013565,
                    381.18351502195037
                ],
                [
                    439.8974835199633,
                    378.0491225588503
                ],
                [
                    421.2734770312136,
                    382.37079667750004
                ],
                [
                    405.7209717081887,
                    393.49060166940876
                ],
                [
                    395.6076955025069,
                    409.7156480258418
                ],
                [
                    392.4733030394068,
                    428.5758195194435
                ],
                [
                    396.79497715805655,
                    447.1998260081932
                ],
                [
                    407.9147821499655,
                    462.75233133121833
                ],
                [
                    424.13982850639877,
                    472.8656075368999
                ]
            ],
            "tags": [
                "mirror ball"
            ],
            "type": "region"
        }
    ],
    "size": [
        2592,
        1728
    ]
}