{
    "objects": [
        {
            "data": [
                [
                    432.0,
                    498.0
                ],
                [
                    451.0978737773935,
                    493.14988024798095
                ],
                [
                    466.8859480007268,
                    481.3605139908534
                ],
                [
                    476.96063148874737,
                    464.42672537039425
                ],
                [
                    479.78814500763656,
                    444.9265301988919
                ],
                [
                    474.93802525561705,
                    425.8286564214982
                ],
                [
                    463.14865899848974,
                    410.04058219816466
                ],
                [
                    446.2148703780308,
                    399.96589871014476
                ],
                [
                    426.7146752065282,
                    397.13838519125557
                ],
                [
                    407.61680142913474,
                    401.9885049432746
                ],
                [
                    391.82872720580144,
                    413.77787120040216
                ],
                [
                    381.75404371778086,
                    430.7116598208613
                ],
                [
                    378.92653019889167,
                    450.21185499236367
                ],
                [
                    383.7766499509112,
                    469.3097287697574
                ],
                [
                    395.5660162080385,
                    485.0978029930909
                ],
                [
                    412.4998048284974,
                    495.1724864811108
                ]
            ],
            "tags": [
                "mirror ball"
            ],
            "type": "region"
        }
    ],
    "size": [
        2592,
        1728
    ]
}