{
    "objects": [
        {
            "data": [
                [
                    450.0,
                    560.0
                ],
                [
                    468.75148818588923,
                    556.270097093053
                ],
                [
                    484.64823227814077,
                    545.6482322781408
                ],
                [
                    495.2700970930532,
                    529.7514881858895
                ],
                [
                    499.0,
                    511.0
                ],
                [
                    495.2700970930532,
                    492.24851181411054
                ],
                [
                    484.64823227814077,
                    476.35176772185923
                ],
                [
                    468.75148818588923,
                    465.729902906947
                ],
                [
                    450.0,
                    462.0
                ],
                [
                    431.24851181411077,
                    465.729902906947
                ],
                [
                    415.35176772185923,
                    476.35176772185923
                ],
                [
                    404.7299029069468,
                    492.24851181411054
                ],
                [
                    401.0,
                    511.0
                ],
                [
                    404.7299029069468,
                    529.7514881858895
                ],
                [
                    415.35176772185923,
                    545.6482322781408
                ],
                [
                    431.24851181411077,
                    556.270097093053
                ]
            ],
            "tags": [
                "mirror ball"
            ],
            "type": "region"
        }
    ],
    "size": [
        2592,
        1728
    ]
}