{
    "objects": [
        {
            "data": [
                [
                    389.0,
                    468.0
                ],
                [
                    407.98469489862646,
                    463.5073730346687
                ],
                [
                    423.8050120390103,
                    452.09159872798
                ],
                [
                    434.0524515480597,
                    435.49062523387624
                ],
                [
                    437.16693365379206,
                    416.23180027863464
                ],
                [
                    432.67430668846055,
                    397.24710538000795
                ],
                [
                    421.2585323817725,
                    381.42678823962433
                ],
                [
                    404.65755888766853,
                    371.17934873057516
                ],
                [
                    385.3987339324267,
                    368.0648666248426
                ],
                [
                    366.41403903380024,
                    372.55749359017386
                ],
                [
                    350.5937218934164,
                    383.9732678968626
                ],
                [
                    340.346282384367,
                    400.57424139096634
                ],
                [
                    337.23180027863464,
                    419.83306634620794
                ],
                [
                    341.72442724396615,
                    438.8177612448346
                ],
                [
                    353.1402015506542,
                    454.6380783852185
                ],
                [
                    369.7411750447586,
                    464.8855178942674
                ]
            ],
            "tags": [
                "mirror ball"
            ],
            "type": "region"
        }
    ],
    "size": [
        2592,
        1728
    ]
}