{
    "objects": [
        {
            "data": [
                [
                    342.0,
                    474.0
                ],
                [
                    361.2889250860926,
                    471.07772238371035
                ],
                [
                    377.99126094875237,
                    460.9963378471257
                ],
                [
                    389.56422835993953,
                    445.29064579796227
                ],
                [
                    394.2459479405129,
                    426.35169547825217
                ],
                [
                    391.32367032422326,
                    407.06277039215934
                ],
                [
                    381.2422857876386,
                    390.36043452950025
                ],
                [
                    365.53659373847495,
                    378.78746711831263
                ],
                [
                    346.5976434187651,
                    374.10574753773926
                ],
                [
                    327.30871833267247,
                    377.0280251540289
                ],
                [
                    310.6063824700127,
                    387.1094096906136
                ],
                [
                    299.03341505882554,
                    402.815101739777
                ],
                [
                    294.35169547825217,
                    421.7540520594871
                ],
                [
                    297.2739730945418,
                    441.0429771455799
                ],
                [
                    307.3553576311265,
                    457.745313008239
                ],
                [
                    323.0610496802901,
                    469.3182804194266
                ]
            ],
            "tags": [
                "mirror ball"
            ],
            "type": "region"
        }
    ],
    "size": [
        2592,
        1728
    ]
}