{
    "objects": [
        {
            "data": [
                [
                    407.0,
                    493.0
                ],
                [
                    426.0625005609995,
                    488.84989038633216
                ],
                [
                    442.0857764761422,
                    477.7207859124412
                ],
                [
                    452.63042923870535,
                    461.3069918488943
                ],
                [
                    456.0911310531037,
                    442.107359550452
                ],
                [
                    451.9410214394361,
                    423.04485898945245
                ],
                [
                    440.8119169655456,
                    407.0215830743098
                ],
                [
                    424.3981229019978,
                    396.4769303117466
                ],
                [
                    405.1984906035559,
                    393.01622849734804
                ],
                [
                    386.1359900425564,
                    397.1663381110159
                ],
                [
                    370.1127141274137,
                    408.2954425849068
                ],
                [
                    359.56806136485056,
                    424.7092366484537
                ],
                [
                    356.1073595504522,
                    443.90886894689606
                ],
                [
                    360.2574691641198,
                    462.9713695078956
                ],
                [
                    371.3865736380103,
                    478.99464542303826
                ],
                [
                    387.8003677015581,
                    489.5392981856014
                ]
            ],
            "tags": [
                "mirror ball"
            ],
            "type": "region"
        }
    ],
    "size": [
        2592,
        1728
    ]
}