{
    "objects": [
        {
            "data": [
                [
                    436.0,
                    449.0
                ],
                [
                    454.765508680749,
                    444.43009465292926
                ],
                [
                    470.3537510042547,
                    433.026803365231
                ],
                [
                    480.3915583845328,
                    416.5261738643644
                ],
                [
                    483.35076564088604,
                    397.44027741325726
                ],
                [
                    478.78086029381575,
                    378.6747687325087
                ],
                [
                    467.377569006117,
                    363.08652640900254
                ],
                [
                    450.87693950525045,
                    353.04871902872446
                ],
                [
                    431.7910430541433,
                    350.0895117723712
                ],
                [
                    413.0255343733943,
                    354.65941711944197
                ],
                [
                    397.4372920498886,
                    366.06270840714024
                ],
                [
                    387.39948466961096,
                    382.5633379080068
                ],
                [
                    384.44027741325726,
                    401.64923435911396
                ],
                [
                    389.01018276032755,
                    420.4147430398625
                ],
                [
                    400.4134740480263,
                    436.0029853633687
                ],
                [
                    416.9141035488933,
                    446.04079274364676
                ]
            ],
            "tags": [
                "mirror ball"
            ],
            "type": "region"
        }
    ],
    "size": [
        2592,
        1728
    ]
}