{
    "objects": [
        {
            "data": [
                [
                    382.0,
                    481.0
                ],
                [
                    399.4807849053632,
                    476.9301133302424
                ],
                [
                    414.07344609154006,
                    466.4804215683928
                ],
                [
                    423.5563831757395,
                    451.2417955585008
                ],
                [
                    426.48590494993005,
                    433.53417797208385
                ],
                [
                    422.416018280172,
                    416.0533930667209
                ],
                [
                    411.9663265183226,
                    401.46073188054356
                ],
                [
                    396.72770050843064,
                    391.97779479634437
                ],
                [
                    379.0200829220139,
                    389.0482730221538
                ],
                [
                    361.5392980166507,
                    393.1181596919114
                ],
                [
                    346.94663683047384,
                    403.567851453761
                ],
                [
                    337.4636997462744,
                    418.806477463653
                ],
                [
                    334.53417797208385,
                    436.51409505006995
                ],
                [
                    338.6040646418419,
                    453.9948799554329
                ],
                [
                    349.0537564036913,
                    468.58754114161025
                ],
                [
                    364.29238241358325,
                    478.07047822580944
                ]
            ],
            "tags": [
                "mirror ball"
            ],
            "type": "region"
        }
    ],
    "size": [
        2592,
        1728
    ]
}