{
    "objects": [
        {
            "data": [
                [
                    457.0,
                    552.0
                ],
                [
                    475.5419168765766,
                    548.2176650276883
                ],
                [
                    491.2249774428128,
                    537.6275587687117
                ],
                [
                    501.6615778947971,
                    521.8419289014464
                ],
                [
                    505.262840421733,
                    503.2639944760929
                ],
                [
                    501.4805054494218,
                    484.72207759951607
                ],
                [
                    490.89039919044444,
                    469.03901703328006
                ],
                [
                    475.1047693231794,
                    458.602416581296
                ],
                [
                    456.5268348978261,
                    455.00115405435963
                ],
                [
                    437.98491802124954,
                    458.7834890266713
                ],
                [
                    422.3018574550133,
                    469.373595285648
                ],
                [
                    411.865257003029,
                    485.1592251529132
                ],
                [
                    408.2639944760931,
                    503.73715957826676
                ],
                [
                    412.0463294484043,
                    522.2790764548436
                ],
                [
                    422.6364357073817,
                    537.9621370210796
                ],
                [
                    438.4220655746467,
                    548.3987374730639
                ]
            ],
            "tags": [
                "mirror ball"
            ],
            "type": "region"
        }
    ],
    "size": [
        2592,
        1728
    ]
}