{
    "objects": [
        {
            "data": [
                [
                    369.0,
                    513.0
                ],
                [
                    387.9263410317044,
                    509.15006934087637
                ],
                [
                    403.93869545722373,
                    498.3504000551993
                ],
                [
                    414.5993274676266,
                    482.24514389246747
                ],
                [
                    418.28525247819925,
                    463.2861801089464
                ],
                [
                    414.4353218190754,
                    444.359839077242
                ],
                [
                    403.63565253339857,
                    428.3474846517229
                ],
                [
                    387.5303963706674,
                    417.6868526413198
                ],
                [
                    368.57143258714586,
                    414.0009276307469
                ],
                [
                    349.64509155544147,
                    417.85085828987053
                ],
                [
                    333.63273712992213,
                    428.6505275755476
                ],
                [
                    322.97210511951926,
                    444.7557837382792
                ],
                [
                    319.2861801089466,
                    463.7147475218005
                ],
                [
                    323.13611076807047,
                    482.64108855350514
                ],
                [
                    333.9357800537473,
                    498.65344297902425
                ],
                [
                    350.04103621647846,
                    509.3140749894271
                ]
            ],
            "tags": [
                "mirror ball"
            ],
            "type": "region"
        }
    ],
    "size": [
        2592,
        1728
    ]
}