{
    "objects": [
        {
            "data": [
                [
                    409.0,
                    469.0
                ],
                [
                    427.1613341594734,
                    464.42517150748336
                ],
                [
                    442.1895080025106,
                    453.24853940602134
                ],
                [
                    451.7966182922455,
                    437.171644616639
                ],
                [
                    454.52006957573667,
                    418.6420486336058
                ],
                [
                    449.94524108322,
                    400.48071447413236
                ],
                [
                    438.768608981758,
                    385.45254063109496
                ],
                [
                    422.69171419237546,
                    375.8454303413605
                ],
                [
                    404.1621182093422,
                    373.12197905786934
                ],
                [
                    386.0007840498688,
                    377.696807550386
                ],
                [
                    370.97261020683163,
                    388.873439651848
                ],
                [
                    361.3654999170967,
                    404.9503344412303
                ],
                [
                    358.64204863360555,
                    423.47993042426356
                ],
                [
                    363.2168771261222,
                    441.641264583737
                ],
                [
                    374.3935092275842,
                    456.6694384267744
                ],
                [
                    390.47040401696677,
                    466.27654871650884
                ]
            ],
            "tags": [
                "mirror ball"
            ],
            "type": "region"
        }
    ],
    "size": [
        2592,
        1728
    ]
}