{
    "objects": [
        {
            "data": [
                [
                    357.0,
                    497.0
                ],
                [
                    375.5905462415958,
                    492.5365847919011
                ],
                [
                    391.05789636050486,
                    481.29863279076335
                ],
                [
                    401.04728651300184,
                    464.997020316471
                ],
                [
                    404.0379226024156,
                    446.11352009375014
                ],
                [
                    399.5745073943167,
                    427.5229738521541
                ],
                [
                    388.33655539317897,
                    412.05562373324483
                ],
                [
                    372.0349429188864,
                    402.0662335807483
                ],
                [
                    353.15144269616576,
                    399.0755974913345
                ],
                [
                    334.56089645456996,
                    403.53901269943344
                ],
                [
                    319.0935463356609,
                    414.77696470057117
                ],
                [
                    309.1041561831639,
                    431.07857717486354
                ],
                [
                    306.11352009375014,
                    449.9620773975844
                ],
                [
                    310.57693530184906,
                    468.5526236391804
                ],
                [
                    321.8148873029868,
                    484.0199737580897
                ],
                [
                    338.1164997772794,
                    494.0093639105862
                ]
            ],
            "tags": [
                "mirror ball"
            ],
            "type": "region"
        }
    ],
    "size": [
        2592,
        1728
    ]
}