{
    "objects": [
        {
            "data": [
                [
                    343.0,
                    498.0
                ],
                [
                    361.9916416805622,
                    493.536830305635
                ],
                [
                    377.8296496201542,
                    482.1456125503212
                ],
                [
                    388.1028306818739,
                    465.56055637565873
                ],
                [
                    391.24718617569033,
                    446.3065862403316
                ],
                [
                    386.7840164813256,
                    427.3149445597694
                ],
                [
                    375.39279872601173,
                    411.47693662017696
                ],
                [
                    358.80774255134975,
                    401.20375555845817
                ],
                [
                    339.5537724160222,
                    398.05940006464107
                ],
                [
                    320.56213073545996,
                    402.52256975900605
                ],
                [
                    304.72412279586797,
                    413.9137875143199
                ],
                [
                    294.4509417341483,
                    430.49884368898233
                ],
                [
                    291.30658624033185,
                    449.75281382430944
                ],
                [
                    295.7697559346966,
                    468.74445550487167
                ],
                [
                    307.16097369001045,
                    484.5824634444641
                ],
                [
                    323.7460298646729,
                    494.8556445061829
                ]
            ],
            "tags": [
                "mirror ball"
            ],
            "type": "region"
        }
    ],
    "size": [
        2592,
        1728
    ]
}