{
    "objects": [
        {
            "data": [
                [
                    471.0,
                    491.0
                ],
                [
                    489.99310659319735,
                    487.49425430644396
                ],
                [
                    506.19885823844834,
                    476.9870203916171
                ],
                [
                    517.1500761532675,
                    461.0779293707392
                ],
                [
                    521.179536683162,
                    442.1889961354698
                ],
                [
                    517.673790989606,
                    423.19588954227265
                ],
                [
                    507.1665570747791,
                    406.99013789702167
                ],
                [
                    491.2574660539017,
                    396.03891998220206
                ],
                [
                    472.36853281863205,
                    392.0094594523075
                ],
                [
                    453.3754262254347,
                    395.51520514586355
                ],
                [
                    437.1696745801837,
                    406.02243906069043
                ],
                [
                    426.21845666536456,
                    421.9315300815683
                ],
                [
                    422.18899613547,
                    440.82046331683773
                ],
                [
                    425.69474182902604,
                    459.81356991003486
                ],
                [
                    436.2019757438529,
                    476.01932155528584
                ],
                [
                    452.1110667647308,
                    486.97053947010545
                ]
            ],
            "tags": [
                "mirror ball"
            ],
            "type": "region"
        }
    ],
    "size": [
        2592,
        1728
    ]
}