{
    "objects": [
        {
            "data": [
                [
                    373.0,
                    472.0
                ],
                [
                    391.5433284214432,
                    468.2245913658053
                ],
                [
                    407.2303436799348,
                    457.64034403401547
                ],
                [
                    417.67283990551687,
                    441.85861371445435
                ],
                [
                    421.2810417093092,
                    423.2820257865337
                ],
                [
                    417.5056330751145,
                    404.7386973650905
                ],
                [
                    406.9213857433242,
                    389.05168210659895
                ],
                [
                    391.13965542376354,
                    378.6091858810164
                ],
                [
                    372.5630674958429,
                    375.00098407722453
                ],
                [
                    354.0197390743997,
                    378.77639271141925
                ],
                [
                    338.33272381590814,
                    389.36064004320906
                ],
                [
                    327.89022759032605,
                    405.1423703627702
                ],
                [
                    324.2820257865337,
                    423.7189582906908
                ],
                [
                    328.05743442072844,
                    442.262286712134
                ],
                [
                    338.6416817525187,
                    457.9493019706256
                ],
                [
                    354.4234120720794,
                    468.39179819620813
                ]
            ],
            "tags": [
                "mirror ball"
            ],
            "type": "region"
        }
    ],
    "size": [
        2592,
        1728
    ]
}