{
    "objects": [
        {
            "data": [
                [
                    414.0,
                    544.0
                ],
                [
                    432.578195268336,
                    540.4000833520442
                ],
                [
                    448.364581168682,
                    529.9646265098158
                ],
                [
                    458.95582355165425,
                    514.282333179892
                ],
                [
                    462.7395017742974,
                    495.7406903614103
                ],
                [
                    459.13958512634144,
                    477.1624950930743
                ],
                [
                    448.7041282841128,
                    461.37610919272856
                ],
                [
                    433.02183495418876,
                    450.78486680975607
                ],
                [
                    414.4801921357075,
                    447.0011885871131
                ],
                [
                    395.9019968673715,
                    450.60110523506864
                ],
                [
                    380.11561096702553,
                    461.0365620772973
                ],
                [
                    369.52436858405326,
                    476.7188554072211
                ],
                [
                    365.7406903614101,
                    495.2604982257028
                ],
                [
                    369.34060700936607,
                    513.8386934940388
                ],
                [
                    379.7760638515947,
                    529.6250793943846
                ],
                [
                    395.45835718151875,
                    540.2163217773573
                ]
            ],
            "tags": [
                "mirror ball"
            ],
            "type": "region"
        }
    ],
    "size": [
        2592,
        1728
    ]
}