{
    "objects": [
        {
            "data": [
                [
                    430.0,
                    497.0
                ],
                [
                    448.8929700694175,
                    492.9895096453745
                ],
                [
                    464.8130502105246,
                    482.0542730576667
                ],
                [
                    475.33655253772577,
                    465.85908087918847
                ],
                [
                    478.8613692174886,
                    446.8695043093303
                ],
                [
                    474.8508788628633,
                    427.976534239913
                ],
                [
                    463.9156422751553,
                    412.05645409880526
                ],
                [
                    447.7204500966768,
                    401.53295177160476
                ],
                [
                    428.73087352681887,
                    398.0081350918417
                ],
                [
                    409.83790345740135,
                    402.01862544646724
                ],
                [
                    393.9178233162943,
                    412.953862034175
                ],
                [
                    383.39432098909356,
                    429.14905421265325
                ],
                [
                    379.8695043093303,
                    448.1386307825114
                ],
                [
                    383.87999466395604,
                    467.0316008519287
                ],
                [
                    394.8152312516636,
                    482.95168099303646
                ],
                [
                    411.01042343014205,
                    493.47518332023697
                ]
            ],
            "tags": [
                "mirror ball"
            ],
            "type": "region"
        }
    ],
    "size": [
        2592,
        1728
    ]
}