{
    "objects": [
        {
            "data": [
                [
                    429.0,
                    562.0
                ],
                [
                    447.6287725107145,
                    557.6989164592119
                ],
                [
                    463.1935607368955,
                    546.5963108031078
                ],
                [
                    473.3247667662622,
                    530.3824540974588
                ],
                [
                    476.4800063204557,
                    511.52575904672267
                ],
                [
                    472.1789227796676,
                    492.8969865360077
                ],
                [
                    461.0763171235635,
                    477.33219830982716
                ],
                [
                    444.86246041791446,
                    467.20099228046047
                ],
                [
                    426.00576536717836,
                    464.045752726267
                ],
                [
                    407.37699285646386,
                    468.3468362670551
                ],
                [
                    391.81220463028285,
                    479.44944192315916
                ],
                [
                    381.68099860091615,
                    495.6632986288082
                ],
                [
                    378.52575904672267,
                    514.5199936795443
                ],
                [
                    382.8268425875108,
                    533.1487661902593
                ],
                [
                    393.92944824361484,
                    548.7135544164398
                ],
                [
                    410.1433049492639,
                    558.8447604458065
                ]
            ],
            "tags": [
                "mirror ball"
            ],
            "type": "region"
        }
    ],
    "size": [
        2592,
        1728
    ]
}