{
    "objects": [
        {
            "data": [
                [
                    435.0,
                    528.0
                ],
                [
                    453.08217419487437,
                    523.1216713339277
                ],
                [
                    467.9210692786842,
                    511.6949348409628
                ],
                [
                    477.2575979898397,
                    495.4594075685345
                ],
                [
                    479.6703584679103,
                    476.88680136844914
                ],
                [
                    474.79202980183845,
                    458.8046271735752
                ],
                [
                    463.3652933088729,
                    443.96573208976474
                ],
                [
                    447.12976603644483,
                    434.6292033786094
                ],
                [
                    428.55715983635946,
                    432.2164429005388
                ],
                [
                    410.4749856414851,
                    437.09477156661114
                ],
                [
                    395.6360905576753,
                    448.52150805957604
                ],
                [
                    386.29956184651974,
                    464.7570353320043
                ],
                [
                    383.88680136844914,
                    483.3296415320897
                ],
                [
                    388.765130034521,
                    501.4118157269636
                ],
                [
                    400.1918665274866,
                    516.2507108107741
                ],
                [
                    416.4273937999151,
                    525.5872395219294
                ]
            ],
            "tags": [
                "mirror ball"
            ],
            "type": "region"
        }
    ],
    "size": [
        2592,
        1728
    ]
}