{
    "objects": [
        {
            "data": [
                [
                    495.0,
                    501.0
                ],
                [
                    513.6506335519916,
                    496.79472319696583
                ],
                [
                    529.2722823980139,
                    485.77226556663845
                ],
                [
                    539.4866921118601,
                    469.6106963644081
                ],
                [
                    542.7388114084524,
                    450.77046799632467
                ],
                [
                    538.533534605418,
                    432.1198344443335
                ],
                [
                    527.5110769750909,
                    416.49818559831056
                ],
                [
                    511.3495077728603,
                    406.28377588446415
                ],
                [
                    492.50927940477686,
                    403.0316565878725
                ],
                [
                    473.85864585278523,
                    407.23693339090664
                ],
                [
                    458.236997006763,
                    418.259391021234
                ],
                [
                    448.0225872929168,
                    434.42096022346414
                ],
                [
                    444.77046799632444,
                    453.2611885915478
                ],
                [
                    448.97574479935884,
                    471.911822143539
                ],
                [
                    459.998202429686,
                    487.5334709895619
                ],
                [
                    476.15977163191656,
                    497.7478807034083
                ]
            ],
            "tags": [
                "mirror ball"
            ],
            "type": "region"
        }
    ],
    "size": [
        2592,
        1728
    ]
}