{
    "objects": [
        {
            "data": [
                [
                    380.0,
                    495.0
                ],
                [
                    399.0453071099191,
                    490.77168892671966
                ],
                [
                    415.0227719445352,
                    479.576915373754
                ],
                [
                    425.4999703188564,
                    463.11998213366724
                ],
                [
                    428.8818437564332,
                    443.90630810979087
                ],
                [
                    424.6535326831531,
                    424.8610009998715
                ],
                [
                    413.45875913018745,
                    408.8835361652557
                ],
                [
                    397.0018258901009,
                    398.406337790934
                ],
                [
                    377.7881518662243,
                    395.0244643533574
                ],
                [
                    358.7428447563052,
                    399.25277542663775
                ],
                [
                    342.76537992168915,
                    410.4475489796034
                ],
                [
                    332.2881815473679,
                    426.9044822196902
                ],
                [
                    328.9063081097911,
                    446.11815624356655
                ],
                [
                    333.1346191830712,
                    465.1634633534859
                ],
                [
                    344.3293927360369,
                    481.1409281881017
                ],
                [
                    360.7863259761234,
                    491.6181265624234
                ]
            ],
            "tags": [
                "mirror ball"
            ],
            "type": "region"
        }
    ],
    "size": [
        2592,
        1728
    ]
}