{
    "objects": [
        {
            "data": [
                [
                    453.0,
                    507.0
                ],
                [
                    472.00776996384593,
                    502.60602475597625
                ],
                [
                    487.8871580640157,
                    491.27256231029105
                ],
                [
                    498.2206714092699,
                    474.72502958220684
                ],
                [
                    501.4351262663258,
                    455.48263842581696
                ],
                [
                    497.0411510223021,
                    436.47486846197125
                ],
                [
                    485.7076885766169,
                    420.5954803618015
                ],
                [
                    469.16015584853267,
                    410.26196701654726
                ],
                [
                    449.91776469214255,
                    407.04751215949136
                ],
                [
                    430.9099947282966,
                    411.4414874035151
                ],
                [
                    415.03060662812686,
                    422.7749498492003
                ],
                [
                    404.69709328287263,
                    439.3224825772845
                ],
                [
                    401.48263842581673,
                    458.5648737336744
                ],
                [
                    405.8766136698405,
                    477.5726436975201
                ],
                [
                    417.21007611552614,
                    493.45203179768987
                ],
                [
                    433.7576088436099,
                    503.78554514294433
                ]
            ],
            "tags": [
                "mirror ball"
            ],
            "type": "region"
        }
    ],
    "size": [
        2592,
        1728
    ]
}