{
    "objects": [
        {
            "data": [
                [
                    433.0,
                    492.0
                ],
                [
                    451.98962598479784,
                    487.5282618143433
                ],
                [
                    467.8224926446719,
                    476.12989917867435
                ],
                [
                    478.0881895559496,
                    459.540209477859
                ],
                [
                    481.22385742266397,
                    440.28482258293457
                ],
                [
                    476.7521192370077,
                    421.29519659813695
                ],
                [
                    465.3537566013383,
                    405.4623299382629
                ],
                [
                    448.7640669005227,
                    395.1966330269847
                ],
                [
                    429.50868000559876,
                    392.06096516027037
                ],
                [
                    410.5190540208009,
                    396.5327033459271
                ],
                [
                    394.68618736092685,
                    407.931065981596
                ],
                [
                    384.42049044964915,
                    424.5207556824114
                ],
                [
                    381.2848225829348,
                    443.7761425773358
                ],
                [
                    385.75656076859104,
                    462.76576856213364
                ],
                [
                    397.15492340426044,
                    478.5986352220075
                ],
                [
                    413.74461310507604,
                    488.86433213328564
                ]
            ],
            "tags": [
                "mirror ball"
            ],
            "type": "region"
        }
    ],
    "size": [
        2592,
        1728
    ]
}