{
    "objects": [
        {
            "data": [
                [
                    438.0,
                    484.0
                ],
                [
                    457.13851393916775,
                    479.31281229024603
                ],
                [
                    473.02648616933857,
                    467.65842329555835
                ],
                [
                    483.2451169432961,
                    450.81110809307825
                ],
                [
                    486.2387123578237,
                    431.3357177010912
                ],
                [
                    481.55152464807,
                    412.1972037619237
                ],
                [
                    469.89713565338207,
                    396.30923153175263
                ],
                [
                    453.0498204509022,
                    386.0906007577953
                ],
                [
                    433.5744300589149,
                    383.0970053432675
                ],
                [
                    414.43591611974716,
                    387.78419305302145
                ],
                [
                    398.54794388957635,
                    399.43858204770913
                ],
                [
                    388.3293131156188,
                    416.28589725018924
                ],
                [
                    385.3357177010912,
                    435.7612876421763
                ],
                [
                    390.02290541084494,
                    454.8998015813438
                ],
                [
                    401.67729440553285,
                    470.78777381151485
                ],
                [
                    418.5246096080127,
                    481.0064045854722
                ]
            ],
            "tags": [
                "mirror ball"
            ],
            "type": "region"
        }
    ],
    "size": [
        2592,
        1728
    ]
}