{
    "objects": [
        {
            "data": [
                [
                    389.0,
                    414.0
                ],
                [
                    407.7229064809917,
                    409.2585736499989
                ],
                [
                    423.20615125797804,
                    397.7131207743266
                ],
                [
                    433.0925506696258,
                    381.1213319135136
                ],
                [
                    435.8769900259467,
                    362.0091565166779
                ],
                [
                    431.1355636759454,
                    343.2862500356864
                ],
                [
                    419.5901108002731,
                    327.8030052587003
                ],
                [
                    402.99832193945986,
                    317.9166058470521
                ],
                [
                    383.8861465426244,
                    315.1321664907314
                ],
                [
                    365.1632400616327,
                    319.8735928407325
                ],
                [
                    349.67999528464634,
                    331.41904571640475
                ],
                [
                    339.7935958729986,
                    348.0108345772178
                ],
                [
                    337.00915651667765,
                    367.1230099740535
                ],
                [
                    341.750582866679,
                    385.84591645504497
                ],
                [
                    353.29603574235125,
                    401.3291612320311
                ],
                [
                    369.8878246031645,
                    411.2155606436793
                ]
            ],
            "tags": [
                "mirror ball"
            ],
            "type": "region"
        }
    ],
    "size": [
        2592,
        1728
    ]
}