{
    "objects": [
        {
            "data": [
                [
                    432.0,
                    467.0
                ],
                [
                    451.13417161825464,
                    463.19397662556435
                ],
                [
                    467.35533905932743,
                    452.35533905932743
                ],
                [
                    478.1939766255641,
                    436.1341716182544
                ],
                [
                    482.0,
                    417.0
                ],
                [
                    478.1939766255641,
                    397.8658283817456
                ],
                [
                    467.35533905932743,
                    381.64466094067257
                ],
                [
                    451.13417161825464,
                    370.80602337443565
                ],
                [
                    432.0,
                    367.0
                ],
                [
                    412.86582838174536,
                    370.80602337443565
                ],
                [
                    396.64466094067257,
                    381.64466094067257
                ],
                [
                    385.8060233744359,
                    397.8658283817456
                ],
                [
                    382.0,
                    417.0
                ],
                [
                    385.8060233744359,
                    436.1341716182544
                ],
                [
                    396.64466094067257,
                    452.35533905932743
                ],
                [
                    412.86582838174536,
                    463.19397662556435
                ]
            ],
            "tags": [
                "mirror ball"
            ],
            "type": "region"
        }
    ],
    "size": [
        2592,
        1728
    ]
}