{
    "objects": [
        {
            "data": [
                [
                    399.0,
                    501.0
                ],
                [
                    418.33244250740563,
                    496.2845637981038
                ],
                [
                    434.3887711426082,
                    484.52986334957427
                ],
                [
                    444.72455542188027,
                    467.52544524107566
                ],
                [
                    447.7662658828199,
                    447.86007798419223
                ],
                [
                    443.05082968092347,
                    428.52763547678705
                ],
                [
                    431.2961292323939,
                    412.47130684158424
                ],
                [
                    414.2917111238953,
                    402.1355225623122
                ],
                [
                    394.6263438670121,
                    399.09381210137235
                ],
                [
                    375.2939013596065,
                    403.80924830326853
                ],
                [
                    359.2375727244039,
                    415.5639487517981
                ],
                [
                    348.90178844513184,
                    432.5683668602967
                ],
                [
                    345.86007798419223,
                    452.2337341171801
                ],
                [
                    350.57551418608864,
                    471.5661766245855
                ],
                [
                    362.3302146346182,
                    487.6225052597881
                ],
                [
                    379.3346327431168,
                    497.95828953906016
                ]
            ],
            "tags": [
                "mirror ball"
            ],
            "type": "region"
        }
    ],
    "size": [
        2592,
        1728
    ]
}