{
    "objects": [
        {
            "data": [
                [
                    386.0,
                    418.0
                ],
                [
                    405.021211043922,
                    414.6500923369417
                ],
                [
                    421.31256444837436,
                    404.27607888121065
                ],
                [
                    432.3938493390142,
                    388.4573091407756
                ],
                [
                    436.5780405433411,
                    369.6020474111133
                ],
                [
                    433.2281328802828,
                    350.5808363671913
                ],
                [
                    422.85411942455175,
                    334.2894829627394
                ],
                [
                    407.0353496841167,
                    323.20819807209864
                ],
                [
                    388.1800879544544,
                    319.0240068677722
                ],
                [
                    369.1588769105324,
                    322.37391453083046
                ],
                [
                    352.86752350608003,
                    332.74792798656154
                ],
                [
                    341.7862386154402,
                    348.5666977269964
                ],
                [
                    337.6020474111133,
                    367.4219594566589
                ],
                [
                    340.95195507417156,
                    386.4431705005811
                ],
                [
                    351.32596852990264,
                    402.7345239050328
                ],
                [
                    367.1447382703377,
                    413.81580879567355
                ]
            ],
            "tags": [
                "mirror ball"
            ],
            "type": "region"
        }
    ],
    "size": [
        2592,
        1728
    ]
}