{
    "objects": [
        {
            "data": [
                [
                    444.0,
                    484.0
                ],
                [
                    463.00776996384593,
                    479.60602475597625
                ],
                [
                    478.8871580640157,
                    468.27256231029105
                ],
                [
                    489.2206714092699,
                    451.72502958220684
                ],
                [
                    492.4351262663258,
                    432.48263842581696
                ],
                [
                    488.0411510223021,
                    413.47486846197125
                ],
                [
                    476.7076885766169,
                    397.5954803618015
                ],
                [
                    460.16015584853267,
                    387.26196701654726
                ],
                [
                    440.91776469214255,
                    384.04751215949136
                ],
                [
                    421.9099947282966,
                    388.4414874035151
                ],
                [
                    406.03060662812686,
                    399.7749498492003
                ],
                [
                    395.69709328287263,
                    416.3224825772845
                ],
                [
                    392.48263842581673,
                    435.5648737336744
                ],
                [
                    396.8766136698405,
                    454.5726436975201
                ],
                [
                    408.21007611552614,
                    470.45203179768987
                ],
                [
                    424.7576088436099,
                    480.78554514294433
                ]
            ],
            "tags": [
                "mirror ball"
            ],
            "type": "region"
        }
    ],
    "size": [
        2592,
        1728
    ]
}