{
    "objects": [
        {
            "data": [
                [
                    353.0,
                    438.0
                ],
                [
                    373.00624350773705,
                    433.59951164747895
                ],
                [
                    389.80560842014575,
                    421.8779325912576
                ],
                [
                    400.84054371593584,
                    404.61976698626745
                ],
                [
                    404.4310805282594,
                    384.4524141002073
                ],
                [
                    400.03059217573855,
                    364.4461705924707
                ],
                [
                    388.3090131195172,
                    347.6468056800611
                ],
                [
                    371.05084751452705,
                    336.61187038427147
                ],
                [
                    350.8834946284669,
                    333.0213335719477
                ],
                [
                    330.87725112072985,
                    337.42182192446876
                ],
                [
                    314.07788620832116,
                    349.1434009806901
                ],
                [
                    303.04295091253107,
                    366.40156658568026
                ],
                [
                    299.45241410020753,
                    386.5689194717404
                ],
                [
                    303.85290245272836,
                    406.575162979477
                ],
                [
                    315.5744815089497,
                    423.3745278918866
                ],
                [
                    332.83264711393986,
                    434.40946318767624
                ]
            ],
            "tags": [
                "mirror ball"
            ],
            "type": "region"
        }
    ],
    "size": [
        2592,
        1728
    ]
}