{
    "objects": [
        {
            "data": [
                [
                    344.0,
                    498.0
                ],
                [
                    363.2566830366204,
                    493.8247631380582
                ],
                [
                    379.4497443849459,
                    482.5981336975028
                ],
                [
                    390.11393724516074,
                    466.0292642410093
                ],
                [
                    393.6257349254465,
                    446.6406149461534
                ],
                [
                    389.4504980635047,
                    427.383931909533
                ],
                [
                    378.22386862294934,
                    411.19087056120725
                ],
                [
                    361.65499916645604,
                    400.5266777009924
                ],
                [
                    342.26634987160014,
                    397.01488002070664
                ],
                [
                    323.0096668349797,
                    401.19011688264845
                ],
                [
                    306.8166054866542,
                    412.4167463232038
                ],
                [
                    296.1524126264394,
                    428.98561577969735
                ],
                [
                    292.6406149461536,
                    448.37426507455325
                ],
                [
                    296.81585180809543,
                    467.63094811117367
                ],
                [
                    308.0424812486508,
                    483.8240094594994
                ],
                [
                    324.6113507051441,
                    494.4882023197142
                ]
            ],
            "tags": [
                "mirror ball"
            ],
            "type": "region"
        }
    ],
    "size": [
        2592,
        1728
    ]
}