{
    "objects": [
        {
            "data": [
                [
                    428.0,
                    441.0
                ],
                [
                    446.71696697927155,
                    437.10056004307626
                ],
                [
                    462.51693861509284,
                    426.3352741115259
                ],
                [
                    472.99451245301043,
                    410.34305940086756
                ],
                [
                    476.5545728556435,
                    391.55858563101174
                ],
                [
                    472.6551328987198,
                    372.84161865173996
                ],
                [
                    461.88984696716943,
                    357.04164701591844
                ],
                [
                    445.8976322565113,
                    346.5640731780013
                ],
                [
                    427.11315848665527,
                    343.0040127753682
                ],
                [
                    408.3961915073837,
                    346.90345273229195
                ],
                [
                    392.5962198715624,
                    357.6687386638423
                ],
                [
                    382.11864603364484,
                    373.66095337450065
                ],
                [
                    378.55858563101174,
                    392.4454271443565
                ],
                [
                    382.4580255879355,
                    411.16239412362825
                ],
                [
                    393.22331151948583,
                    426.96236575944977
                ],
                [
                    409.2155262301444,
                    437.4399395973669
                ]
            ],
            "tags": [
                "mirror ball"
            ],
            "type": "region"
        }
    ],
    "size": [
        2592,
        1728
    ]
}