{
    "objects": [
        {
            "data": [
                [
                    410.0,
                    481.0
                ],
                [
                    429.1022175173862,
                    476.16701641378313
                ],
                [
                    444.9008625599404,
                    464.3918196321765
                ],
                [
                    454.99073463500736,
                    447.46707662275503
                ],
                [
                    457.8357421840765,
                    427.9694260855256
                ],
                [
                    453.0027585978596,
                    408.8672085681392
                ],
                [
                    441.22756181625346,
                    393.068563525585
                ],
                [
                    424.3028188068315,
                    382.978691450518
                ],
                [
                    404.8051682696023,
                    380.1336839014489
                ],
                [
                    385.7029507522161,
                    384.96666748766575
                ],
                [
                    369.9043057096619,
                    396.74186426927236
                ],
                [
                    359.81443363459493,
                    413.66660727869385
                ],
                [
                    356.9694260855258,
                    433.1642578159233
                ],
                [
                    361.8024096717427,
                    452.2664753333097
                ],
                [
                    373.57760645334884,
                    468.0651203758639
                ],
                [
                    390.5023494627708,
                    478.1549924509309
                ]
            ],
            "tags": [
                "mirror ball"
            ],
            "type": "region"
        }
    ],
    "size": [
        2592,
        1728
    ]
}