{
    "objects": [
        {
            "data": [
                [
                    366.0,
                    399.0
                ],
                [
                    385.89953848298455,
                    395.04173569058685
                ],
                [
                    402.7695526217003,
                    383.76955262170054
                ],
                [
                    414.04173569058685,
                    366.8995384829848
                ],
                [
                    418.0,
                    347.0
                ],
                [
                    414.04173569058685,
                    327.10046151701545
                ],
                [
                    402.7695526217003,
                    310.23044737829946
                ],
                [
                    385.89953848298455,
                    298.95826430941315
                ],
                [
                    366.0,
                    295.0
                ],
                [
                    346.10046151701545,
                    298.95826430941315
                ],
                [
                    329.2304473782997,
                    310.23044737829946
                ],
                [
                    317.95826430941315,
                    327.1004615170152
                ],
                [
                    314.0,
                    347.0
                ],
                [
                    317.95826430941315,
                    366.8995384829848
                ],
                [
                    329.2304473782997,
                    383.76955262170054
                ],
                [
                    346.10046151701545,
                    395.04173569058685
                ]
            ],
            "tags": [
                "mirror ball"
            ],
            "type": "region"
        }
    ],
    "size": [
        2592,
        1728
    ]
}