{
    "objects": [
        {
            "data": [
                [
                    419.0,
                    469.0
                ],
                [
                    437.9915905227904,
                    465.4860506060693
                ],
                [
                    454.19280208140435,
                    454.97181763540243
                ],
                [
                    465.1371470803929,
                    439.0579977460243
                ],
                [
                    469.1584482043936,
                    420.16732575695664
                ],
                [
                    465.64449881046266,
                    401.1757352341665
                ],
                [
                    455.1302658397958,
                    384.97452367555184
                ],
                [
                    439.2164459504179,
                    374.03017867656376
                ],
                [
                    420.32577396135,
                    370.00887755256326
                ],
                [
                    401.33418343855965,
                    373.522826946494
                ],
                [
                    385.13297187994567,
                    384.03705991716083
                ],
                [
                    374.18862688095714,
                    399.95087980653875
                ],
                [
                    370.1673257569564,
                    418.8415517956066
                ],
                [
                    373.68127515088736,
                    437.83314231839677
                ],
                [
                    384.1955081215542,
                    454.0343538770114
                ],
                [
                    400.10932801093213,
                    464.9786988759995
                ]
            ],
            "tags": [
                "mirror ball"
            ],
            "type": "region"
        }
    ],
    "size": [
        2592,
        1728
    ]
}