{
    "objects": [
        {
            "data": [
                [
                    359.0,
                    455.0
                ],
                [
                    378.96031595498744,
                    451.3605941204571
                ],
                [
                    396.00850299450485,
                    440.3597392971001
                ],
                [
                    407.54912918398713,
                    423.6722159537876
                ],
                [
                    411.8252388021224,
                    403.83854824676337
                ],
                [
                    408.1858329225797,
                    383.8782322917764
                ],
                [
                    397.18497809922246,
                    366.8300452522585
                ],
                [
                    380.49745475591,
                    355.289419062776
                ],
                [
                    360.66378704888575,
                    351.013309444641
                ],
                [
                    340.7034710938983,
                    354.6527153241839
                ],
                [
                    323.6552840543809,
                    365.6535701475409
                ],
                [
                    312.1146578648986,
                    382.3410934908534
                ],
                [
                    307.83854824676337,
                    402.1747611978776
                ],
                [
                    311.47795412630603,
                    422.1350771528646
                ],
                [
                    322.4788089496633,
                    439.18326419238247
                ],
                [
                    339.1663322929762,
                    450.723890381865
                ]
            ],
            "tags": [
                "mirror ball"
            ],
            "type": "region"
        }
    ],
    "size": [
        2592,
        1728
    ]
}