{
    "objects": [
        {
            "data": [
                [
                    334.0,
                    422.0
                ],
                [
                    353.89051570601987,
                    417.10291290866553
                ],
                [
                    370.3929219612032,
                    404.96682355416533
                ],
                [
                    380.99487700788313,
                    387.4393415267973
                ],
                [
                    384.0823292971654,
                    367.1888670782089
                ],
                [
                    379.1852422058314,
                    347.29835137218925
                ],
                [
                    367.04915285133075,
                    330.7959451170059
                ],
                [
                    349.5216708239632,
                    320.1939900703255
                ],
                [
                    329.27119637537453,
                    317.10653778104324
                ],
                [
                    309.38068066935466,
                    322.0036248723777
                ],
                [
                    292.8782744141713,
                    334.1397142268779
                ],
                [
                    282.2763193674914,
                    351.6671962542457
                ],
                [
                    279.1888670782091,
                    371.91767070283436
                ],
                [
                    284.08595416954313,
                    391.808186408854
                ],
                [
                    296.2220435240438,
                    408.31059266403736
                ],
                [
                    313.74952555141135,
                    418.9125477107177
                ]
            ],
            "tags": [
                "mirror ball"
            ],
            "type": "region"
        }
    ],
    "size": [
        2592,
        1728
    ]
}