{
    "objects": [
        {
            "data": [
                [
                    395.0,
                    477.0
                ],
                [
                    414.09828192220584,
                    473.0177939451221
                ],
                [
                    430.2188694147967,
                    462.030119198512
                ],
                [
                    440.90754916551487,
                    445.70974963682147
                ],
                [
                    444.53706657543626,
                    426.5413135812994
                ],
                [
                    440.5548605205586,
                    407.4430316590933
                ],
                [
                    429.5671857739485,
                    391.3224441665027
                ],
                [
                    413.2468162122582,
                    380.6337644157845
                ],
                [
                    394.0783801567359,
                    377.0042470058629
                ],
                [
                    374.98009823453003,
                    380.9864530607408
                ],
                [
                    358.8595107419392,
                    391.9741278073509
                ],
                [
                    348.170830991221,
                    408.29449736904144
                ],
                [
                    344.5413135812996,
                    427.4629334245635
                ],
                [
                    348.5235196361773,
                    446.5612153467696
                ],
                [
                    359.5111943827874,
                    462.6818028393602
                ],
                [
                    375.8315639444777,
                    473.3704825900784
                ]
            ],
            "tags": [
                "mirror ball"
            ],
            "type": "region"
        }
    ],
    "size": [
        2592,
        1728
    ]
}