{
    "objects": [
        {
            "data": [
                [
                    417.0,
                    507.0
                ],
                [
                    436.08074820536376,
                    502.9346112895473
                ],
                [
                    452.15330403168673,
                    491.876795652935
                ],
                [
                    462.77076655249175,
                    475.51000528148893
                ],
                [
                    466.31672334652467,
                    456.32593564393756
                ],
                [
                    462.25133463607153,
                    437.245187438574
                ],
                [
                    451.1935189994597,
                    421.1726316122513
                ],
                [
                    434.8267286280138,
                    410.5551690914458
                ],
                [
                    415.6426589904622,
                    407.0092122974129
                ],
                [
                    396.56191078509846,
                    411.07460100786557
                ],
                [
                    380.4893549587755,
                    422.13241664447787
                ],
                [
                    369.8718924379705,
                    438.49920701592396
                ],
                [
                    366.32593564393756,
                    457.68327665347533
                ],
                [
                    370.3913243543907,
                    476.76402485883887
                ],
                [
                    381.449139991003,
                    492.8365806851616
                ],
                [
                    397.8159303624484,
                    503.4540432059671
                ]
            ],
            "tags": [
                "mirror ball"
            ],
            "type": "region"
        }
    ],
    "size": [
        2592,
        1728
    ]
}