{
    "objects": [
        {
            "data": [
                [
                    472.0,
                    517.0
                ],
                [
                    490.3912175687515,
                    512.5422140428809
                ],
                [
                    505.6765662276639,
                    501.3857425721992
                ],
                [
                    515.5289902054487,
                    485.2290572357008
                ],
                [
                    518.448547263933,
                    466.53186691514975
                ],
                [
                    513.990761306814,
                    448.14064934639805
                ],
                [
                    502.8342898361325,
                    432.8553006874856
                ],
                [
                    486.6776044996336,
                    423.002876709701
                ],
                [
                    467.9804141790828,
                    420.0833196512167
                ],
                [
                    449.5891966103313,
                    424.5411056083358
                ],
                [
                    434.3038479514189,
                    435.6975770790175
                ],
                [
                    424.45142397363406,
                    451.8542624155159
                ],
                [
                    421.53186691514975,
                    470.55145273606695
                ],
                [
                    425.98965287226883,
                    488.94267030481865
                ],
                [
                    437.1461243429503,
                    504.2280189637311
                ],
                [
                    453.3028096794492,
                    514.0804429415157
                ]
            ],
            "tags": [
                "mirror ball"
            ],
            "type": "region"
        }
    ],
    "size": [
        2592,
        1728
    ]
}