{
    "objects": [
        {
            "data": [
                [
                    399.0,
                    490.0
                ],
                [
                    418.2916578537388,
                    485.98946616016656
                ],
                [
                    434.5800608375753,
                    474.9016181876184
                ],
                [
                    445.3854472519606,
                    458.42448042458454
                ],
                [
                    449.0627949663758,
                    439.06654772986053
                ],
                [
                    445.05226112654236,
                    419.7748898761215
                ],
                [
                    433.9644131539949,
                    403.48648689228526
                ],
                [
                    417.48727539096035,
                    392.68110047790015
                ],
                [
                    398.12934269623656,
                    389.0037527634845
                ],
                [
                    378.83768484249777,
                    393.01428660331794
                ],
                [
                    362.5492818586613,
                    404.1021345758661
                ],
                [
                    351.74389544427595,
                    420.57927233889995
                ],
                [
                    348.06654772986076,
                    439.93720503362397
                ],
                [
                    352.0770815696942,
                    459.228862887363
                ],
                [
                    363.1649295422417,
                    475.51726587119924
                ],
                [
                    379.6420673052762,
                    486.32265228558435
                ]
            ],
            "tags": [
                "mirror ball"
            ],
            "type": "region"
        }
    ],
    "size": [
        2592,
        1728
    ]
}