{
    "objects": [
        {
            "data": [
                [
                    376.0,
                    492.0
                ],
                [
                    395.0083635134474,
                    487.608593165716
                ],
                [
                    410.88928286980126,
                    476.2772764796214
                ],
                [
                    421.22503205794783,
                    459.73114018853244
                ],
                [
                    424.4420869577925,
                    440.4891835516685
                ],
                [
                    420.05068012350876,
                    421.4808200382206
                ],
                [
                    408.7193634374139,
                    405.59990068186744
                ],
                [
                    392.17322714632473,
                    395.26415149372065
                ],
                [
                    372.9312705094608,
                    392.0470965938762
                ],
                [
                    353.92290699601335,
                    396.4385034281602
                ],
                [
                    338.0419876396595,
                    407.7698201142548
                ],
                [
                    327.70623845151295,
                    424.31595640534374
                ],
                [
                    324.48918355166825,
                    443.5579130422077
                ],
                [
                    328.880590385952,
                    462.5662765556556
                ],
                [
                    340.21190707204687,
                    478.44719591200874
                ],
                [
                    356.75804336313604,
                    488.78294510015553
                ]
            ],
            "tags": [
                "mirror ball"
            ],
            "type": "region"
        }
    ],
    "size": [
        2592,
        1728
    ]
}