{
    "objects": [
        {
            "data": [
                [
                    355.0,
                    438.0
                ],
                [
                    374.6218906679492,
                    433.6684383406298
                ],
                [
                    391.0925369619331,
                    422.15762470942377
                ],
                [
                    401.90443229047287,
                    405.2199761359475
                ],
                [
                    405.41156359987326,
                    385.43409607534613
                ],
                [
                    401.0800019405033,
                    365.81220540739696
                ],
                [
                    389.56918830929726,
                    349.34155911341327
                ],
                [
                    372.63153973582075,
                    338.5296637848735
                ],
                [
                    352.8456596752194,
                    335.0225324754729
                ],
                [
                    333.2237690072702,
                    339.3540941348431
                ],
                [
                    316.7531227132863,
                    350.8649077660491
                ],
                [
                    305.9412273847465,
                    367.8025563395254
                ],
                [
                    302.43409607534613,
                    387.58843640012674
                ],
                [
                    306.7656577347161,
                    407.2103270680759
                ],
                [
                    318.27647136592213,
                    423.6809733620596
                ],
                [
                    335.21411993939864,
                    434.4928686905994
                ]
            ],
            "tags": [
                "mirror ball"
            ],
            "type": "region"
        }
    ],
    "size": [
        2592,
        1728
    ]
}