{
    "objects": [
        {
            "data": [
                [
                    394.0,
                    478.0
                ],
                [
                    413.10050315084527,
                    474.0284616547094
                ],
                [
                    429.22722514683346,
                    463.0497925592458
                ],
                [
                    439.92501875317384,
                    446.7353955615106
                ],
                [
                    443.56524186904153,
                    427.5689897140319
                ],
                [
                    439.5937035237507,
                    408.4684865631864
                ],
                [
                    428.61503442828734,
                    392.3417645671984
                ],
                [
                    412.3006374305519,
                    381.64397096085827
                ],
                [
                    393.1342315830734,
                    378.00374784499036
                ],
                [
                    374.03372843222814,
                    381.97528619028094
                ],
                [
                    357.90700643623995,
                    392.95395528574454
                ],
                [
                    347.20921282989957,
                    409.26835228347977
                ],
                [
                    343.5689897140319,
                    428.43475813095847
                ],
                [
                    347.5405280593227,
                    447.53526128180397
                ],
                [
                    358.51919715478607,
                    463.66198327779193
                ],
                [
                    374.8335941525215,
                    474.3597768841321
                ]
            ],
            "tags": [
                "mirror ball"
            ],
            "type": "region"
        }
    ],
    "size": [
        2592,
        1728
    ]
}