{
    "objects": [
        {
            "data": [
                [
                    340.0,
                    460.0
                ],
                [
                    358.99138136284773,
                    456.48492036230755
                ],
                [
                    375.19196715731005,
                    445.9697232246074
                ],
                [
                    386.13536505485627,
                    430.05525203061507
                ],
                [
                    390.15554192773425,
                    411.1643407545748
                ],
                [
                    386.6404622900418,
                    392.1729593917271
                ],
                [
                    376.1252651523414,
                    375.97237359726455
                ],
                [
                    360.21079395834886,
                    365.0289756997181
                ],
                [
                    341.31988268230907,
                    361.0087988268406
                ],
                [
                    322.32850131946134,
                    364.523878464533
                ],
                [
                    306.127915524999,
                    375.0390756022332
                ],
                [
                    295.1845176274528,
                    390.9535467962255
                ],
                [
                    291.1643407545748,
                    409.84445807226575
                ],
                [
                    294.6794203922673,
                    428.8358394351135
                ],
                [
                    305.1946175299677,
                    445.036425229576
                ],
                [
                    321.1090887239602,
                    455.9798231271225
                ]
            ],
            "tags": [
                "mirror ball"
            ],
            "type": "region"
        }
    ],
    "size": [
        2592,
        1728
    ]
}