{
    "objects": [
        {
            "data": [
                [
                    363.0,
                    405.0
                ],
                [
                    382.1511111656978,
                    400.3645512034675
                ],
                [
                    398.07052134052446,
                    388.75314198185265
                ],
                [
                    408.33464463517566,
                    371.9335041314596
                ],
                [
                    411.3808613225501,
                    352.46627504461344
                ],
                [
                    406.74541252601784,
                    333.3151638789159
                ],
                [
                    395.13400330440254,
                    317.395753704089
                ],
                [
                    378.3143654540095,
                    307.1316304094378
                ],
                [
                    358.84713636716333,
                    304.08541372206355
                ],
                [
                    339.69602520146555,
                    308.72086251859605
                ],
                [
                    323.77661502663886,
                    320.3322717402109
                ],
                [
                    313.51249173198767,
                    337.15190959060396
                ],
                [
                    310.4662750446132,
                    356.6191386774501
                ],
                [
                    315.1017238411455,
                    375.7702498431479
                ],
                [
                    326.7131330627608,
                    391.6896600179746
                ],
                [
                    343.53277091315385,
                    401.9537833126258
                ]
            ],
            "tags": [
                "mirror ball"
            ],
            "type": "region"
        }
    ],
    "size": [
        2592,
        1728
    ]
}