{
    "objects": [
        {
            "data": [
                [
                    450.0,
                    481.0
                ],
                [
                    469.0298539612354,
                    476.7026757560509
                ],
                [
                    484.9666317510387,
                    465.4500560112099
                ],
                [
                    495.3841034181637,
                    448.9552501163771
                ],
                [
                    498.6963033359066,
                    429.729442743253
                ],
                [
                    494.39897909195724,
                    410.69958878201805
                ],
                [
                    483.1463593471167,
                    394.7628109922141
                ],
                [
                    466.6515534522837,
                    384.34533932508907
                ],
                [
                    447.4257460791596,
                    381.0331394073464
                ],
                [
                    428.3958921179242,
                    385.33046365129553
                ],
                [
                    412.4591143281209,
                    396.58308339613654
                ],
                [
                    402.0416426609959,
                    413.0778892909693
                ],
                [
                    398.729442743253,
                    432.3036966640934
                ],
                [
                    403.02676698720234,
                    451.33355062532837
                ],
                [
                    414.2793867320429,
                    467.2703284151323
                ],
                [
                    430.77419262687636,
                    477.68780008225735
                ]
            ],
            "tags": [
                "mirror ball"
            ],
            "type": "region"
        }
    ],
    "size": [
        2592,
        1728
    ]
}