{
    "objects": [
        {
            "data": [
                [
                    424.0,
                    476.0
                ],
                [
                    443.00717081494486,
                    471.60343371992826
                ],
                [
                    458.8850138271405,
                    460.267806753428
                ],
                [
                    469.21627137098403,
                    443.71886554843445
                ],
                [
                    472.4281031385094,
                    424.47603638688224
                ],
                [
                    468.0315368584379,
                    405.46886557193716
                ],
                [
                    456.6959098919374,
                    389.59102255974176
                ],
                [
                    440.14696868694364,
                    379.259765015898
                ],
                [
                    420.90413952539166,
                    376.04793324837283
                ],
                [
                    401.8969687104468,
                    380.44449952844457
                ],
                [
                    386.0191256982512,
                    391.78012649494485
                ],
                [
                    375.6878681544076,
                    408.3290676999384
                ],
                [
                    372.47603638688224,
                    427.5718968614906
                ],
                [
                    376.87260266695375,
                    446.57906767643567
                ],
                [
                    388.20822963345427,
                    462.45691068863107
                ],
                [
                    404.757170838448,
                    472.78816823247485
                ]
            ],
            "tags": [
                "mirror ball"
            ],
            "type": "region"
        }
    ],
    "size": [
        2592,
        1728
    ]
}