{
    "objects": [
        {
            "data": [
                [
                    357.0,
                    506.0
                ],
                [
                    375.645894260771,
                    501.7737591056657
                ],
                [
                    391.25514196222184,
                    490.7337468286996
                ],
                [
                    401.45137663998867,
                    474.5607049603093
                ],
                [
                    404.6823139934795,
                    455.71683251596755
                ],
                [
                    400.4560730991452,
                    437.07093825519655
                ],
                [
                    389.4160608221787,
                    421.46169055374594
                ],
                [
                    373.2430189537886,
                    411.2654558759791
                ],
                [
                    354.39914650944684,
                    408.03451852248827
                ],
                [
                    335.75325224867584,
                    412.26075941682257
                ],
                [
                    320.144004547225,
                    423.30077169378865
                ],
                [
                    309.94776986945817,
                    439.473813562179
                ],
                [
                    306.7168325159673,
                    458.3176860065207
                ],
                [
                    310.9430734103016,
                    476.9635802672917
                ],
                [
                    321.98308568726816,
                    492.57282796874233
                ],
                [
                    338.15612755565826,
                    502.76906264650916
                ]
            ],
            "tags": [
                "mirror ball"
            ],
            "type": "region"
        }
    ],
    "size": [
        2592,
        1728
    ]
}