{
    "objects": [
        {
            "data": [
                [
                    504.0,
                    475.0
                ],
                [
                    522.304811585042,
                    471.0380576702687
                ],
                [
                    537.700082665363,
                    460.37275211668
                ],
                [
                    547.842022777465,
                    444.62777942853177
                ],
                [
                    551.1866134761958,
                    426.20016896906213
                ],
                [
                    547.224671146465,
                    407.8953573840206
                ],
                [
                    536.559365592876,
                    392.50008630369916
                ],
                [
                    520.8143929047278,
                    382.35814619159737
                ],
                [
                    502.3867824452582,
                    379.0135554928661
                ],
                [
                    484.0819708602162,
                    382.9754978225974
                ],
                [
                    468.6866997798952,
                    393.6408033761861
                ],
                [
                    458.5447596677932,
                    409.3857760643343
                ],
                [
                    455.20016896906236,
                    427.81338652380396
                ],
                [
                    459.1621112987932,
                    446.1181981088455
                ],
                [
                    469.82741685238216,
                    461.5134691891669
                ],
                [
                    485.5723895405308,
                    471.6554093012687
                ]
            ],
            "tags": [
                "mirror ball"
            ],
            "type": "region"
        }
    ],
    "size": [
        2592,
        1728
    ]
}