{
    "objects": [
        {
            "data": [
                [
                    439.0,
                    512.0
                ],
                [
                    457.75148818588923,
                    508.270097093053
                ],
                [
                    473.64823227814077,
                    497.64823227814077
                ],
                [
                    484.2700970930532,
                    481.75148818588946
                ],
                [
                    488.0,
                    463.0
                ],
                [
                    484.2700970930532,
                    444.24851181411054
                ],
                [
                    473.64823227814077,
                    428.35176772185923
                ],
                [
                    457.75148818588923,
                    417.729902906947
                ],
                [
                    439.0,
                    414.0
                ],
                [
                    420.24851181411077,
                    417.729902906947
                ],
                [
                    404.35176772185923,
                    428.35176772185923
                ],
                [
                    393.7299029069468,
                    444.24851181411054
                ],
                [
                    390.0,
                    463.0
                ],
                [
                    393.7299029069468,
                    481.75148818588946
                ],
                [
                    404.35176772185923,
                    497.64823227814077
                ],
                [
                    420.24851181411077,
                    508.270097093053
                ]
            ],
            "tags": [
                "mirror ball"
            ],
            "type": "region"
        }
    ],
    "size": [
        2592,
        1728
    ]
}