{
    "objects": [
        {
            "data": [
                [
                    492.0,
                    483.0
                ],
                [
                    510.29967576159515,
                    479.01440328075137
                ],
                [
                    525.6811498167804,
                    468.32920931537797
                ],
                [
                    535.8027321740637,
                    452.57114202358343
                ],
                [
                    539.1235036719208,
                    434.13922430330786
                ],
                [
                    535.137906952672,
                    415.83954854171316
                ],
                [
                    524.452712987299,
                    400.4580744865277
                ],
                [
                    508.6946456955043,
                    390.33649212924433
                ],
                [
                    490.2627279752287,
                    387.015720631387
                ],
                [
                    471.96305221363355,
                    391.00131735063565
                ],
                [
                    456.58157815844834,
                    401.68651131600905
                ],
                [
                    446.45999580116495,
                    417.44457860780335
                ],
                [
                    443.13922430330786,
                    435.87649632807916
                ],
                [
                    447.1248210225567,
                    454.1761720896741
                ],
                [
                    457.8100149879301,
                    469.5576461448593
                ],
                [
                    473.5680822797244,
                    479.6792285021427
                ]
            ],
            "tags": [
                "mirror ball"
            ],
            "type": "region"
        }
    ],
    "size": [
        2592,
        1728
    ]
}