{
    "objects": [
        {
            "data": [
                [
                    385.0,
                    493.0
                ],
                [
                    403.6663822037617,
                    488.8651892057933
                ],
                [
                    419.3295470809426,
                    477.9018069306451
                ],
                [
                    429.60491976593585,
                    461.7789287426383
                ],
                [
                    432.9281679139358,
                    442.9511166916427
                ],
                [
                    428.7933571197291,
                    424.28473448788077
                ],
                [
                    417.82997484458065,
                    408.6215696106999
                ],
                [
                    401.7070966565743,
                    398.34619692570686
                ],
                [
                    382.8792846055785,
                    395.0229487777069
                ],
                [
                    364.2129024018168,
                    399.15775957191363
                ],
                [
                    348.54973752463593,
                    410.12114184706184
                ],
                [
                    338.27436483964266,
                    426.2440200350686
                ],
                [
                    334.9511166916427,
                    445.0718320860642
                ],
                [
                    339.0859274858494,
                    463.73821428982615
                ],
                [
                    350.04930976099786,
                    479.401379167007
                ],
                [
                    366.1721879490042,
                    489.67675185200005
                ]
            ],
            "tags": [
                "mirror ball"
            ],
            "type": "region"
        }
    ],
    "size": [
        2592,
        1728
    ]
}