{
    "objects": [
        {
            "data": [
                [
                    363.0,
                    528.0
                ],
                [
                    381.4295284450395,
                    523.7033477457305
                ],
                [
                    396.811934936904,
                    512.6810834674748
                ],
                [
                    406.8053875290675,
                    496.61124698452227
                ],
                [
                    409.88847365524725,
                    477.9403252279724
                ],
                [
                    405.59182140097846,
                    459.5107967829324
                ],
                [
                    394.569557122722,
                    444.1283902910686
                ],
                [
                    378.49972063976975,
                    434.1349376989049
                ],
                [
                    359.82879888321986,
                    431.0518515727249
                ],
                [
                    341.39927043818034,
                    435.3485038269944
                ],
                [
                    326.0168639463159,
                    446.37076810525014
                ],
                [
                    316.02341135415236,
                    462.44060458820263
                ],
                [
                    312.9403252279726,
                    481.1115263447525
                ],
                [
                    317.2369774822414,
                    499.5410547897925
                ],
                [
                    328.25924176049784,
                    514.9234612816563
                ],
                [
                    344.3290782434501,
                    524.91691387382
                ]
            ],
            "tags": [
                "mirror ball"
            ],
            "type": "region"
        }
    ],
    "size": [
        2592,
        1728
    ]
}