{
    "objects": [
        {
            "data": [
                [
                    390.0,
                    500.0
                ],
                [
                    409.0073591803016,
                    496.572369926693
                ],
                [
                    425.2561720527424,
                    486.1318512056305
                ],
                [
                    436.2727041533476,
                    470.26791816855643
                ],
                [
                    440.379788334913,
                    451.3957108134541
                ],
                [
                    436.95215826160575,
                    432.3883516331523
                ],
                [
                    426.51163954054346,
                    416.1395387607122
                ],
                [
                    410.6477065034692,
                    405.12300666010674
                ],
                [
                    391.7754991483671,
                    401.01592247854114
                ],
                [
                    372.7681399680655,
                    404.44355255184814
                ],
                [
                    356.5193270956247,
                    414.88407127291066
                ],
                [
                    345.5027949950195,
                    430.7480043099847
                ],
                [
                    341.3957108134541,
                    449.620211665087
                ],
                [
                    344.82334088676134,
                    468.62757084538885
                ],
                [
                    355.26385960782363,
                    484.87638371782896
                ],
                [
                    371.1277926448979,
                    495.8929158184344
                ]
            ],
            "tags": [
                "mirror ball"
            ],
            "type": "region"
        }
    ],
    "size": [
        2592,
        1728
    ]
}