{
    "objects": [
        {
            "data": [
                [
                    385.0,
                    441.0
                ],
                [
                    404.06112792299837,
                    436.8435905222582
                ],
                [
                    420.08072483237856,
                    425.7091910187137
                ],
                [
                    430.6199523166961,
                    409.2919128801982
                ],
                [
                    434.07430852979724,
                    390.0911378803037
                ],
                [
                    429.9178990520559,
                    371.03000995730554
                ],
                [
                    418.7834995485114,
                    355.0104130479249
                ],
                [
                    402.36622140999543,
                    344.47118556360783
                ],
                [
                    383.16544641010114,
                    341.0168293505062
                ],
                [
                    364.1043184871028,
                    345.17323882824803
                ],
                [
                    348.0847215777226,
                    356.30763833179253
                ],
                [
                    337.54549409340507,
                    372.724916470308
                ],
                [
                    334.0911378803039,
                    391.92569147020254
                ],
                [
                    338.24754735804527,
                    410.9868193932007
                ],
                [
                    349.38194686158977,
                    427.00641630258133
                ],
                [
                    365.7992250001057,
                    437.5456437868984
                ]
            ],
            "tags": [
                "mirror ball"
            ],
            "type": "region"
        }
    ],
    "size": [
        2592,
        1728
    ]
}