{
    "objects": [
        {
            "data": [
                [
                    420.0,
                    502.0
                ],
                [
                    438.71934568730876,
                    498.11199512348276
                ],
                [
                    454.5258909786198,
                    487.35636353651626
                ],
                [
                    465.0132326400194,
                    471.3705526481731
                ],
                [
                    468.5847679715489,
                    452.58825725446695
                ],
                [
                    464.69676309503166,
                    433.86891156715774
                ],
                [
                    453.94113150806515,
                    418.0623662758476
                ],
                [
                    437.955320619722,
                    407.57502461444756
                ],
                [
                    419.17302522601585,
                    404.00348928291805
                ],
                [
                    400.4536795387071,
                    407.8914941594353
                ],
                [
                    384.647134247396,
                    418.6471257464018
                ],
                [
                    374.15979258599646,
                    434.63293663474496
                ],
                [
                    370.58825725446695,
                    453.4152320284511
                ],
                [
                    374.4762621309842,
                    472.1345777157603
                ],
                [
                    385.2318937179507,
                    487.9411230070705
                ],
                [
                    401.21770460629386,
                    498.4284646684705
                ]
            ],
            "tags": [
                "mirror ball"
            ],
            "type": "region"
        }
    ],
    "size": [
        2592,
        1728
    ]
}