{
    "objects": [
        {
            "data": [
                [
                    354.0,
                    426.0
                ],
                [
                    372.97357080180655,
                    422.39001911954165
                ],
                [
                    389.1213846501432,
                    411.79396047267164
                ],
                [
                    399.9850832668981,
                    395.8249779348653
                ],
                [
                    403.91076701734255,
                    376.91420433831627
                ],
                [
                    400.3007861368842,
                    357.9406335365097
                ],
                [
                    389.7047274900142,
                    341.79281968817304
                ],
                [
                    373.73574495220737,
                    330.92912107141865
                ],
                [
                    354.8249713556588,
                    327.0034373209737
                ],
                [
                    335.8514005538523,
                    330.61341820143207
                ],
                [
                    319.7035867055156,
                    341.2094768483021
                ],
                [
                    308.83988808876074,
                    357.17845938610844
                ],
                [
                    304.91420433831627,
                    376.08923298265745
                ],
                [
                    308.5241852187746,
                    395.062803784464
                ],
                [
                    319.1202438656446,
                    411.2106176328007
                ],
                [
                    335.08922640345145,
                    422.07431624955507
                ]
            ],
            "tags": [
                "mirror ball"
            ],
            "type": "region"
        }
    ],
    "size": [
        2592,
        1728
    ]
}