{
    "objects": [
        {
            "data": [
                [
                    320.0,
                    411.0
                ],
                [
                    338.9305065782801,
                    406.2842542336052
                ],
                [
                    354.61537636997764,
                    394.6830820057203
                ],
                [
                    364.66673013300624,
                    377.9626566231527
                ],
                [
                    367.55434037269333,
                    358.66851127936457
                ],
                [
                    362.838594606299,
                    339.7380047010847
                ],
                [
                    351.2374223784136,
                    324.0531349093867
                ],
                [
                    334.51699699584606,
                    314.0017811463581
                ],
                [
                    315.2228516520581,
                    311.114170906671
                ],
                [
                    296.29234507377805,
                    315.8299166730658
                ],
                [
                    280.6074752820805,
                    327.4310889009507
                ],
                [
                    270.5561215190519,
                    344.1515142835183
                ],
                [
                    267.6685112793648,
                    363.44565962730644
                ],
                [
                    272.3842570457591,
                    382.3761662055863
                ],
                [
                    283.9854292736445,
                    398.0610359972843
                ],
                [
                    300.70585465621207,
                    408.1123897603129
                ]
            ],
            "tags": [
                "mirror ball"
            ],
            "type": "region"
        }
    ],
    "size": [
        2592,
        1728
    ]
}