{
    "objects": [
        {
            "data": [
                [
                    412.0,
                    497.0
                ],
                [
                    431.4654843139451,
                    492.8679796346282
                ],
                [
                    447.86799112599556,
                    481.6013722412322
                ],
                [
                    458.7103874631107,
                    464.9154166634057
                ],
                [
                    462.3420167695331,
                    445.3503983793096
                ],
                [
                    458.2099964041613,
                    425.8849140653647
                ],
                [
                    446.94338901076526,
                    409.48240725331425
                ],
                [
                    430.25743343293925,
                    398.64001091619866
                ],
                [
                    410.6924151488429,
                    395.0083816097763
                ],
                [
                    391.22693083489776,
                    399.14040197514805
                ],
                [
                    374.8244240228473,
                    410.4070093685441
                ],
                [
                    363.9820276857322,
                    427.09296494637033
                ],
                [
                    360.3503983793098,
                    446.6579832304667
                ],
                [
                    364.4824187446816,
                    466.1234675444116
                ],
                [
                    375.7490261380776,
                    482.52597435646203
                ],
                [
                    392.43498171590363,
                    493.3683706935776
                ]
            ],
            "tags": [
                "mirror ball"
            ],
            "type": "region"
        }
    ],
    "size": [
        2592,
        1728
    ]
}