{
    "objects": [
        {
            "data": [
                [
                    393.0,
                    563.0
                ],
                [
                    411.7762891903071,
                    558.4745922647357
                ],
                [
                    427.3915199047624,
                    547.1082858874304
                ],
                [
                    437.4684148195088,
                    530.6314979782053
                ],
                [
                    440.4728580310566,
                    511.5526701337849
                ],
                [
                    435.94745029579235,
                    492.77638094347753
                ],
                [
                    424.5811439184872,
                    477.16115022902227
                ],
                [
                    408.10435600926166,
                    467.08425531427565
                ],
                [
                    389.0255281648415,
                    464.0798121027283
                ],
                [
                    370.24923897453436,
                    468.60521983799254
                ],
                [
                    354.6340082600791,
                    479.9715262152979
                ],
                [
                    344.5571133453327,
                    496.448314124523
                ],
                [
                    341.5526701337849,
                    515.5271419689434
                ],
                [
                    346.07807786904914,
                    534.3034311592507
                ],
                [
                    357.4443842463543,
                    549.918661873706
                ],
                [
                    373.9211721555798,
                    559.9955567884526
                ]
            ],
            "tags": [
                "mirror ball"
            ],
            "type": "region"
        }
    ],
    "size": [
        2592,
        1728
    ]
}