{
    "objects": [
        {
            "data": [
                [
                    448.0,
                    553.0
                ],
                [
                    466.8188620261303,
                    548.6550278516527
                ],
                [
                    482.542474621966,
                    537.4391303010987
                ],
                [
                    492.77706030469335,
                    521.059826078045
                ],
                [
                    495.9644961808681,
                    502.0107157716891
                ],
                [
                    491.619524032521,
                    483.1918537455588
                ],
                [
                    480.40362648196697,
                    467.46824114972355
                ],
                [
                    464.0243222589129,
                    457.23365546699574
                ],
                [
                    444.9752119525574,
                    454.0462195908208
                ],
                [
                    426.1563499264271,
                    458.3911917391681
                ],
                [
                    410.4327373305914,
                    469.6070892897221
                ],
                [
                    400.19815164786405,
                    485.98639351277575
                ],
                [
                    397.0107157716893,
                    505.0355038191317
                ],
                [
                    401.3556879200364,
                    523.854365845262
                ],
                [
                    412.57158547059043,
                    539.5779784410972
                ],
                [
                    428.9508896936445,
                    549.812564123825
                ]
            ],
            "tags": [
                "mirror ball"
            ],
            "type": "region"
        }
    ],
    "size": [
        2592,
        1728
    ]
}