{
    "objects": [
        {
            "data": [
                [
                    466.0,
                    508.0
                ],
                [
                    484.43387986068956,
                    504.6901378473326
                ],
                [
                    500.1979347595143,
                    494.57788353215506
                ],
                [
                    510.89223023964223,
                    479.2027361061396
                ],
                [
                    514.8886567582531,
                    460.9054223888386
                ],
                [
                    511.57879460558615,
                    442.47154252814926
                ],
                [
                    501.4665402904084,
                    426.7074876293243
                ],
                [
                    486.09139286439313,
                    416.0131921491966
                ],
                [
                    467.7940791470919,
                    412.01676563058527
                ],
                [
                    449.36019928640235,
                    415.32662778325266
                ],
                [
                    433.5961443875776,
                    425.4388820984302
                ],
                [
                    422.9018489074497,
                    440.8140295244457
                ],
                [
                    418.9054223888388,
                    459.1113432417467
                ],
                [
                    422.21528454150575,
                    477.545223102436
                ],
                [
                    432.32753885668353,
                    493.30927800126096
                ],
                [
                    447.7026862826988,
                    504.0035734813887
                ]
            ],
            "tags": [
                "mirror ball"
            ],
            "type": "region"
        }
    ],
    "size": [
        2592,
        1728
    ]
}