{
    "objects": [
        {
            "data": [
                [
                    455.0,
                    526.0
                ],
                [
                    473.78506733441145,
                    522.4430729382766
                ],
                [
                    489.7790295048685,
                    511.968166782573
                ],
                [
                    500.54695075654627,
                    496.16999103983403
                ],
                [
                    504.4495126903266,
                    477.45367475607236
                ],
                [
                    500.8925856286037,
                    458.6686074216607
                ],
                [
                    490.41767947289964,
                    442.67464525120386
                ],
                [
                    474.6195037301609,
                    431.9067239995261
                ],
                [
                    455.903187446399,
                    428.00416206574573
                ],
                [
                    437.11812011198754,
                    431.56108912746913
                ],
                [
                    421.1241579415305,
                    442.0359952831727
                ],
                [
                    410.3562366898527,
                    457.8341710259117
                ],
                [
                    406.45367475607236,
                    476.5504873096734
                ],
                [
                    410.0106018177953,
                    495.33555464408505
                ],
                [
                    420.48550797349935,
                    511.3295168145419
                ],
                [
                    436.2836837162381,
                    522.0974380662196
                ]
            ],
            "tags": [
                "mirror ball"
            ],
            "type": "region"
        }
    ],
    "size": [
        2592,
        1728
    ]
}