{
    "objects": [
        {
            "data": [
                [
                    374.0,
                    409.0
                ],
                [
                    392.3742940663169,
                    404.4729637879559
                ],
                [
                    407.61750652246474,
                    393.2589897681271
                ],
                [
                    417.40899645205945,
                    377.065303830105
                ],
                [
                    420.258098273398,
                    358.35724786182504
                ],
                [
                    415.7310620613539,
                    339.98295379550814
                ],
                [
                    404.51708804152486,
                    324.7397413393603
                ],
                [
                    388.3234021035032,
                    314.94825140976536
                ],
                [
                    369.61534613522326,
                    312.0991495884268
                ],
                [
                    351.24105206890636,
                    316.6261858004709
                ],
                [
                    335.9978396127585,
                    327.84015982029973
                ],
                [
                    326.2063496831638,
                    344.03384575832183
                ],
                [
                    323.3572478618253,
                    362.7419017266018
                ],
                [
                    327.88428407386937,
                    381.1161957929187
                ],
                [
                    339.0982580936984,
                    396.3594082490665
                ],
                [
                    355.29194403172005,
                    406.15089817866146
                ]
            ],
            "tags": [
                "mirror ball"
            ],
            "type": "region"
        }
    ],
    "size": [
        2592,
        1728
    ]
}