{
    "objects": [
        {
            "data": [
                [
                    439.0,
                    506.0
                ],
                [
                    458.1996322984419,
                    502.5392981856014
                ],
                [
                    474.6134263619897,
                    491.99464542303826
                ],
                [
                    485.7425308358802,
                    475.9713695078956
                ],
                [
                    489.8926404495478,
                    456.90886894689606
                ],
                [
                    486.43193863514944,
                    437.7092366484537
                ],
                [
                    475.8872858725863,
                    421.2954425849068
                ],
                [
                    459.8640099574436,
                    410.1663381110159
                ],
                [
                    440.8015093964441,
                    406.01622849734804
                ],
                [
                    421.6018770980022,
                    409.4769303117466
                ],
                [
                    405.1880830344544,
                    420.0215830743098
                ],
                [
                    394.0589785605639,
                    436.04485898945245
                ],
                [
                    389.9088689468963,
                    455.107359550452
                ],
                [
                    393.36957076129465,
                    474.3069918488943
                ],
                [
                    403.9142235238578,
                    490.7207859124412
                ],
                [
                    419.9374994390005,
                    501.84989038633216
                ]
            ],
            "tags": [
                "mirror ball"
            ],
            "type": "region"
        }
    ],
    "size": [
        2592,
        1728
    ]
}