{
    "objects": [
        {
            "data": [
                [
                    438.0,
                    520.0
                ],
                [
                    456.89184688608384,
                    515.9842220976252
                ],
                [
                    472.80886588417707,
                    505.04453027642785
                ],
                [
                    483.3278351399572,
                    488.84639344763195
                ],
                [
                    486.84733693892395,
                    469.8558311069453
                ],
                [
                    482.8315590365496,
                    450.96398422086145
                ],
                [
                    471.89186721535225,
                    435.046965222768
                ],
                [
                    455.6937303865561,
                    424.5279959669883
                ],
                [
                    436.70316804586946,
                    421.0084941680211
                ],
                [
                    417.8113211597856,
                    425.0242720703959
                ],
                [
                    401.8943021616924,
                    435.96396389159327
                ],
                [
                    391.3753329059123,
                    452.16210072038916
                ],
                [
                    387.8558311069455,
                    471.1526630610758
                ],
                [
                    391.87160900931985,
                    490.04450994715967
                ],
                [
                    402.8113008305172,
                    505.9615289452531
                ],
                [
                    419.00943765931333,
                    516.4804982010328
                ]
            ],
            "tags": [
                "mirror ball"
            ],
            "type": "region"
        }
    ],
    "size": [
        2592,
        1728
    ]
}