{
    "objects": [
        {
            "data": [
                [
                    429.0,
                    485.0
                ],
                [
                    447.38141317605096,
                    480.50195720874626
                ],
                [
                    462.64229813375596,
                    469.312045251615
                ],
                [
                    472.4593234785707,
                    453.133826787275
                ],
                [
                    475.3379360933036,
                    434.4302889210062
                ],
                [
                    470.83989330204986,
                    416.048875744955
                ],
                [
                    459.6499813449186,
                    400.78799078725024
                ],
                [
                    443.47176288057835,
                    390.9709654424355
                ],
                [
                    424.7682250143098,
                    388.0923528277026
                ],
                [
                    406.38681183825884,
                    392.59039561895634
                ],
                [
                    391.12592688055383,
                    403.7803075760876
                ],
                [
                    381.3089015357391,
                    419.9585260404276
                ],
                [
                    378.4302889210062,
                    438.6620639066964
                ],
                [
                    382.92833171225993,
                    457.0434770827476
                ],
                [
                    394.1182436693912,
                    472.30436204045236
                ],
                [
                    410.29646213373144,
                    482.1213873852671
                ]
            ],
            "tags": [
                "mirror ball"
            ],
            "type": "region"
        }
    ],
    "size": [
        2592,
        1728
    ]
}