{
    "objects": [
        {
            "data": [
                [
                    312.0,
                    353.0
                ],
                [
                    331.58330696012354,
                    348.4972110531962
                ],
                [
                    347.952780710089,
                    336.8429693814669
                ],
                [
                    358.6163172611132,
                    319.81152763336877
                ],
                [
                    361.9504898385021,
                    299.9957684246465
                ],
                [
                    357.44770089169833,
                    280.41246146452295
                ],
                [
                    345.79345921996855,
                    264.0429877145576
                ],
                [
                    328.7620174718709,
                    253.37945116353342
                ],
                [
                    308.9462582631486,
                    250.04527858614438
                ],
                [
                    289.36295130302506,
                    254.54806753294827
                ],
                [
                    272.9934775530596,
                    266.2023092046776
                ],
                [
                    262.3299410020354,
                    283.2337509527756
                ],
                [
                    258.9957684246465,
                    303.0495101614979
                ],
                [
                    263.49855737145026,
                    322.63281712162143
                ],
                [
                    275.15279904318004,
                    339.00229087158687
                ],
                [
                    292.1842407912777,
                    349.6658274226111
                ]
            ],
            "tags": [
                "mirror ball"
            ],
            "type": "region"
        }
    ],
    "size": [
        2592,
        1728
    ]
}