{
    "objects": [
        {
            "data": [
                [
                    436.0,
                    497.0
                ],
                [
                    454.4866297088988,
                    492.12403785013976
                ],
                [
                    469.7000985904742,
                    480.54470930872026
                ],
                [
                    479.32429391794585,
                    464.02486217929845
                ],
                [
                    481.8940191962538,
                    445.07949343454106
                ],
                [
                    477.018057046394,
                    426.5928637256425
                ],
                [
                    465.4387285049743,
                    411.37939484406684
                ],
                [
                    448.91888137555225,
                    401.755199516595
                ],
                [
                    429.9735126307951,
                    399.18547423828704
                ],
                [
                    411.48688292189627,
                    404.0614363881473
                ],
                [
                    396.27341404032086,
                    415.6407649295668
                ],
                [
                    386.64921871284923,
                    432.1606120589886
                ],
                [
                    384.0794934345413,
                    451.105980803746
                ],
                [
                    388.9554555844011,
                    469.59261051264457
                ],
                [
                    400.5347841258208,
                    484.8060793942202
                ],
                [
                    417.05463125524284,
                    494.43027472169206
                ]
            ],
            "tags": [
                "mirror ball"
            ],
            "type": "region"
        }
    ],
    "size": [
        2592,
        1728
    ]
}