{
    "objects": [
        {
            "data": [
                [
                    403.0,
                    545.0
                ],
                [
                    422.11780268478105,
                    541.1125898146274
                ],
                [
                    438.2927018190908,
                    530.2050247591953
                ],
                [
                    449.0622156355553,
                    513.9378827360695
                ],
                [
                    452.7867832815041,
                    494.78768865626125
                ],
                [
                    448.8993730961315,
                    475.66988597147997
                ],
                [
                    437.9918080406992,
                    459.4949868371707
                ],
                [
                    421.7246660175733,
                    448.725473020706
                ],
                [
                    402.57447193776534,
                    445.00090537475717
                ],
                [
                    383.4566692529843,
                    448.88831556012974
                ],
                [
                    367.28177011867456,
                    459.7958806155618
                ],
                [
                    356.51225630221006,
                    476.0630226386877
                ],
                [
                    352.78768865626125,
                    495.2132167184959
                ],
                [
                    356.6750988416338,
                    514.3310194032772
                ],
                [
                    367.58266389706614,
                    530.5059185375865
                ],
                [
                    383.849805920192,
                    541.2754323540512
                ]
            ],
            "tags": [
                "mirror ball"
            ],
            "type": "region"
        }
    ],
    "size": [
        2592,
        1728
    ]
}