{
    "objects": [
        {
            "data": [
                [
                    396.0,
                    493.0
                ],
                [
                    414.57666146627935,
                    489.3921768241901
                ],
                [
                    430.3586046210803,
                    478.9500022633397
                ],
                [
                    440.9431716827562,
                    463.2632027357897
                ],
                [
                    444.71895826550553,
                    444.7199512684181
                ],
                [
                    441.11113508969584,
                    426.1432898021387
                ],
                [
                    430.6689605288457,
                    410.36134664733754
                ],
                [
                    414.9821610012955,
                    399.77677958566187
                ],
                [
                    396.43890953392383,
                    396.0009930029123
                ],
                [
                    377.8622480676445,
                    399.60881617872224
                ],
                [
                    362.08030491284353,
                    410.0509907395726
                ],
                [
                    351.49573785116763,
                    425.7377902671226
                ],
                [
                    347.7199512684183,
                    444.28104173449424
                ],
                [
                    351.327774444228,
                    462.8577032007736
                ],
                [
                    361.76994900507816,
                    478.63964635557477
                ],
                [
                    377.45674853262835,
                    489.22421341725067
                ]
            ],
            "tags": [
                "mirror ball"
            ],
            "type": "region"
        }
    ],
    "size": [
        2592,
        1728
    ]
}