{
    "objects": [
        {
            "data": [
                [
                    429.0,
                    547.0
                ],
                [
                    447.99310659319735,
                    543.494254306444
                ],
                [
                    464.19885823844834,
                    532.9870203916171
                ],
                [
                    475.1500761532675,
                    517.0779293707392
                ],
                [
                    479.17953668316204,
                    498.1889961354698
                ],
                [
                    475.673790989606,
                    479.19588954227265
                ],
                [
                    465.1665570747791,
                    462.99013789702167
                ],
                [
                    449.2574660539017,
                    452.03891998220206
                ],
                [
                    430.36853281863205,
                    448.0094594523075
                ],
                [
                    411.3754262254347,
                    451.51520514586355
                ],
                [
                    395.1696745801837,
                    462.02243906069043
                ],
                [
                    384.21845666536456,
                    477.9315300815683
                ],
                [
                    380.18899613547,
                    496.82046331683773
                ],
                [
                    383.69474182902604,
                    515.8135699100349
                ],
                [
                    394.2019757438529,
                    532.0193215552858
                ],
                [
                    410.1110667647308,
                    542.9705394701055
                ]
            ],
            "tags": [
                "mirror ball"
            ],
            "type": "region"
        }
    ],
    "size": [
        2592,
        1728
    ]
}