{
    "objects": [
        {
            "data": [
                [
                    443.0,
                    493.0
                ],
                [
                    462.16560754459806,
                    489.35557619231645
                ],
                [
                    478.477659471479,
                    478.6542071500719
                ],
                [
                    489.45279374389384,
                    462.5250793017958
                ],
                [
                    493.42014565870704,
                    443.4237061514805
                ],
                [
                    489.7757218510237,
                    424.2580986068824
                ],
                [
                    479.07435280877917,
                    407.9460466800017
                ],
                [
                    462.94522496050286,
                    396.97091240758687
                ],
                [
                    443.8438518101875,
                    393.00356049277343
                ],
                [
                    424.67824426558946,
                    396.647984300457
                ],
                [
                    408.3661923387085,
                    407.34935334270153
                ],
                [
                    397.3910580662937,
                    423.4784811909776
                ],
                [
                    393.4237061514805,
                    442.57985434129296
                ],
                [
                    397.0681299591638,
                    461.745461885891
                ],
                [
                    407.76949900140835,
                    478.05751381277173
                ],
                [
                    423.89862684968466,
                    489.03264808518657
                ]
            ],
            "tags": [
                "mirror ball"
            ],
            "type": "region"
        }
    ],
    "size": [
        2592,
        1728
    ]
}