{
    "objects": [
        {
            "data": [
                [
                    398.0,
                    503.0
                ],
                [
                    416.70169317762566,
                    499.0279530251071
                ],
                [
                    432.45976815787253,
                    488.2014319865775
                ],
                [
                    442.8752008723036,
                    472.16867656987006
                ],
                [
                    446.36233610627914,
                    453.3705284498885
                ],
                [
                    442.390289131386,
                    434.6688352722631
                ],
                [
                    431.56376809285666,
                    418.9107602920162
                ],
                [
                    415.5310126761492,
                    408.4953275775854
                ],
                [
                    396.73286455616744,
                    405.0081923436096
                ],
                [
                    378.0311713785418,
                    408.9802393185025
                ],
                [
                    362.2730963982949,
                    419.8067603570321
                ],
                [
                    351.85766368386385,
                    435.8395157737393
                ],
                [
                    348.3705284498883,
                    454.6376638937211
                ],
                [
                    352.34257542478144,
                    473.3393570713465
                ],
                [
                    363.1690964633108,
                    489.0974320515936
                ],
                [
                    379.20185188001824,
                    499.51286476602445
                ]
            ],
            "tags": [
                "mirror ball"
            ],
            "type": "region"
        }
    ],
    "size": [
        2592,
        1728
    ]
}