{
    "objects": [
        {
            "data": [
                [
                    342.0,
                    375.0
                ],
                [
                    361.4500306387313,
                    370.7958377732648
                ],
                [
                    377.81065262142556,
                    359.4684938561911
                ],
                [
                    388.5911095606252,
                    342.7424536775252
                ],
                [
                    392.15017461242314,
                    323.1641052325374
                ],
                [
                    387.94601238568794,
                    303.71407459380634
                ],
                [
                    376.61866846861403,
                    287.35345261111195
                ],
                [
                    359.8926282899488,
                    276.57299567191205
                ],
                [
                    340.31427984496077,
                    273.013930620114
                ],
                [
                    320.8642492062295,
                    277.21809284684934
                ],
                [
                    304.5036272235352,
                    288.545436763923
                ],
                [
                    293.72317028433554,
                    305.27147694258883
                ],
                [
                    290.1641052325376,
                    324.84982538757663
                ],
                [
                    294.36826745927283,
                    344.2998560263077
                ],
                [
                    305.69561137634673,
                    360.6604780090022
                ],
                [
                    322.42165155501243,
                    371.4409349482021
                ]
            ],
            "tags": [
                "mirror ball"
            ],
            "type": "region"
        }
    ],
    "size": [
        2592,
        1728
    ]
}