{
    "objects": [
        {
            "data": [
                [
                    427.0,
                    487.0
                ],
                [
                    445.415683866353,
                    483.59035164239344
                ],
                [
                    461.12474133102796,
                    473.3928702004132
                ],
                [
                    471.735610797989,
                    457.9600297832021
                ],
                [
                    475.6328835786617,
                    439.641340445233
                ],
                [
                    472.22323522105535,
                    421.2256565788798
                ],
                [
                    462.02575377907533,
                    405.51659911420484
                ],
                [
                    446.5929133618638,
                    394.905729647244
                ],
                [
                    428.27422402389493,
                    391.0084568665711
                ],
                [
                    409.85854015754194,
                    394.4181052241777
                ],
                [
                    394.14948269286697,
                    404.6155866661579
                ],
                [
                    383.5386132259059,
                    420.048427083369
                ],
                [
                    379.64134044523325,
                    438.3671164213381
                ],
                [
                    383.0509888028396,
                    456.7828002876913
                ],
                [
                    393.2484702448196,
                    472.4918577523663
                ],
                [
                    408.68131066203114,
                    483.1027272193271
                ]
            ],
            "tags": [
                "mirror ball"
            ],
            "type": "region"
        }
    ],
    "size": [
        2592,
        1728
    ]
}