{
    "objects": [
        {
            "data": [
                [
                    450.0,
                    481.0
                ],
                [
                    468.71712591044525,
                    477.1013229765306
                ],
                [
                    484.51753634151873,
                    466.3366810832563
                ],
                [
                    494.99576203616607,
                    450.34489346670625
                ],
                [
                    498.556588117729,
                    431.56056482558483
                ],
                [
                    494.6579110942598,
                    412.84343891513936
                ],
                [
                    483.8932692009853,
                    397.0430284840663
                ],
                [
                    467.9014815844357,
                    386.5648027894192
                ],
                [
                    449.11715294331407,
                    383.0039767078556
                ],
                [
                    430.4000270328688,
                    386.902653731325
                ],
                [
                    414.59961660179533,
                    397.6672956245993
                ],
                [
                    404.121390907148,
                    413.6590832411491
                ],
                [
                    400.56056482558506,
                    432.44341188227077
                ],
                [
                    404.45924184905425,
                    451.16053779271647
                ],
                [
                    415.2238837423288,
                    466.9609482237895
                ],
                [
                    431.21567135887835,
                    477.4391739184364
                ]
            ],
            "tags": [
                "mirror ball"
            ],
            "type": "region"
        }
    ],
    "size": [
        2592,
        1728
    ]
}