{
    "objects": [
        {
            "data": [
                [
                    350.0,
                    344.0
                ],
                [
                    369.7081967668023,
                    340.07979592433117
                ],
                [
                    386.415999231107,
                    328.9159992311072
                ],
                [
                    397.5797959243314,
                    312.2081967668021
                ],
                [
                    401.5,
                    292.5
                ],
                [
                    397.5797959243314,
                    272.7918032331979
                ],
                [
                    386.415999231107,
                    256.0840007688928
                ],
                [
                    369.7081967668023,
                    244.92020407566872
                ],
                [
                    350.0,
                    241.0
                ],
                [
                    330.2918032331977,
                    244.92020407566872
                ],
                [
                    313.584000768893,
                    256.0840007688928
                ],
                [
                    302.4202040756686,
                    272.7918032331978
                ],
                [
                    298.5,
                    292.5
                ],
                [
                    302.4202040756686,
                    312.2081967668021
                ],
                [
                    313.584000768893,
                    328.9159992311072
                ],
                [
                    330.29180323319815,
                    340.0797959243314
                ]
            ],
            "tags": [
                "mirror ball"
            ],
            "type": "region"
        }
    ],
    "size": [
        2592,
        1728
    ]
}