{
    "objects": [
        {
            "data": [
                [
                    326.0,
                    417.0
                ],
                [
                    345.5494579873939,
                    413.28551964934377
                ],
                [
                    362.18933200359425,
                    402.37253359596434
                ],
                [
                    373.386352070469,
                    385.9224450400234
                ],
                [
                    377.4358733840754,
                    366.4396308437392
                ],
                [
                    373.7213930334192,
                    346.89017285634554
                ],
                [
                    362.80840698003976,
                    330.25029884014475
                ],
                [
                    346.3583184240988,
                    319.05327877327045
                ],
                [
                    326.8755042278144,
                    315.00375745966403
                ],
                [
                    307.3260462404205,
                    318.71823781032026
                ],
                [
                    290.6861722242202,
                    329.6312238636997
                ],
                [
                    279.4891521573454,
                    346.08131241964065
                ],
                [
                    275.439630843739,
                    365.5641266159248
                ],
                [
                    279.1541111943952,
                    385.1135846033185
                ],
                [
                    290.06709724777465,
                    401.7534586195193
                ],
                [
                    306.5171858037156,
                    412.9504786863936
                ]
            ],
            "tags": [
                "mirror ball"
            ],
            "type": "region"
        }
    ],
    "size": [
        2592,
        1728
    ]
}