{
    "objects": [
        {
            "data": [
                [
                    430.0,
                    482.0
                ],
                [
                    449.0835852579685,
                    477.9479497602558
                ],
                [
                    465.163866590879,
                    466.9013715706976
                ],
                [
                    475.7927669339083,
                    450.5420068232047
                ],
                [
                    479.3521325610527,
                    431.3604205025724
                ],
                [
                    475.3000823213083,
                    412.2768352446037
                ],
                [
                    464.2535041317501,
                    396.19655391169385
                ],
                [
                    447.89413938425696,
                    385.5676535686641
                ],
                [
                    428.7125530636249,
                    382.00828794151994
                ],
                [
                    409.62896780565643,
                    386.0603381812641
                ],
                [
                    393.5486864727459,
                    397.1069163708223
                ],
                [
                    382.9197861297166,
                    413.46628111831524
                ],
                [
                    379.3604205025722,
                    432.6478674389475
                ],
                [
                    383.4124707423166,
                    451.7314526969162
                ],
                [
                    394.4590489318748,
                    467.8117340298261
                ],
                [
                    410.81841367936795,
                    478.4406343728558
                ]
            ],
            "tags": [
                "mirror ball"
            ],
            "type": "region"
        }
    ],
    "size": [
        2592,
        1728
    ]
}