{
    "objects": [
        {
            "data": [
                [
                    452.0,
                    512.0
                ],
                [
                    470.73480079040974,
                    508.187163231338
                ],
                [
                    486.5843903246664,
                    497.4950635088146
                ],
                [
                    497.1358122730662,
                    481.5514760910585
                ],
                [
                    500.7827082928429,
                    462.7836676334432
                ],
                [
                    496.96987152418114,
                    444.04886684303324
                ],
                [
                    486.2777718016573,
                    428.199277308777
                ],
                [
                    470.3341843839012,
                    417.6478553603772
                ],
                [
                    451.5663759262861,
                    414.0009593406003
                ],
                [
                    432.8315751358764,
                    417.8137961092623
                ],
                [
                    416.9819856016197,
                    428.50589583178566
                ],
                [
                    406.4305636532199,
                    444.4494832495418
                ],
                [
                    402.7836676334432,
                    463.2172917071571
                ],
                [
                    406.596504402105,
                    481.95209249756704
                ],
                [
                    417.2886041246288,
                    497.80168203182325
                ],
                [
                    433.23219154238495,
                    508.35310398022307
                ]
            ],
            "tags": [
                "mirror ball"
            ],
            "type": "region"
        }
    ],
    "size": [
        2592,
        1728
    ]
}