{
    "objects": [
        {
            "data": [
                [
                    398.0,
                    509.0
                ],
                [
                    417.1471034057822,
                    504.34802454924034
                ],
                [
                    433.0564864164867,
                    492.7228803933647
                ],
                [
                    443.30608968764955,
                    475.89439034791053
                ],
                [
                    446.3355040341221,
                    456.42453947165654
                ],
                [
                    441.6835285833622,
                    437.2774360658743
                ],
                [
                    430.05838442748654,
                    421.36805305516987
                ],
                [
                    413.2298943820324,
                    411.118449784007
                ],
                [
                    393.7600435057784,
                    408.0890354375347
                ],
                [
                    374.6129400999962,
                    412.74101088829434
                ],
                [
                    358.70355708929173,
                    424.36615504417
                ],
                [
                    348.45395381812887,
                    441.19464508962415
                ],
                [
                    345.4245394716563,
                    460.66449596587813
                ],
                [
                    350.0765149224162,
                    479.81159937166035
                ],
                [
                    361.70165907829187,
                    495.7209823823648
                ],
                [
                    378.530149123746,
                    505.9705856535277
                ]
            ],
            "tags": [
                "mirror ball"
            ],
            "type": "region"
        }
    ],
    "size": [
        2592,
        1728
    ]
}