{
    "objects": [
        {
            "data": [
                [
                    342.0,
                    416.0
                ],
                [
                    360.42253218077303,
                    411.67344856161094
                ],
                [
                    375.78703304487317,
                    400.62623839353137
                ],
                [
                    385.754396615288,
                    384.54020710064174
                ],
                [
                    388.8071821427975,
                    365.86430712704805
                ],
                [
                    384.4806307044082,
                    347.4417749462748
                ],
                [
                    373.4334205363284,
                    332.0772740821749
                ],
                [
                    357.347389243439,
                    322.1099105117603
                ],
                [
                    338.67148926984555,
                    319.05712498425055
                ],
                [
                    320.2489570890725,
                    323.3836764226396
                ],
                [
                    304.8844562249724,
                    334.4308865907192
                ],
                [
                    294.91709265455756,
                    350.5169178836088
                ],
                [
                    291.86430712704805,
                    369.1928178572025
                ],
                [
                    296.19085856543734,
                    387.61535003797576
                ],
                [
                    307.23806873351714,
                    402.97985090207567
                ],
                [
                    323.32410002640654,
                    412.94721447249026
                ]
            ],
            "tags": [
                "mirror ball"
            ],
            "type": "region"
        }
    ],
    "size": [
        2592,
        1728
    ]
}