{
    "objects": [
        {
            "data": [
                [
                    435.0,
                    494.0
                ],
                [
                    453.34152234066505,
                    489.34196419855584
                ],
                [
                    468.50432629772786,
                    478.01950353577035
                ],
                [
                    478.1800124198862,
                    461.75636000919076
                ],
                [
                    480.89554520535376,
                    443.0284497949756
                ],
                [
                    476.2375094039098,
                    424.68692745431053
                ],
                [
                    464.91504874112434,
                    409.5241234972475
                ],
                [
                    448.6519052145445,
                    399.8484373750896
                ],
                [
                    429.92399500032934,
                    397.13290458962183
                ],
                [
                    411.5824726596643,
                    401.790940391066
                ],
                [
                    396.4196687026015,
                    413.1134010538515
                ],
                [
                    386.7439825804431,
                    429.3765445804311
                ],
                [
                    384.0284497949756,
                    448.10445479464624
                ],
                [
                    388.6864855964195,
                    466.4459771353113
                ],
                [
                    400.008946259205,
                    481.60878109237433
                ],
                [
                    416.27208978578483,
                    491.28446721453224
                ]
            ],
            "tags": [
                "mirror ball"
            ],
            "type": "region"
        }
    ],
    "size": [
        2592,
        1728
    ]
}