{
    "objects": [
        {
            "data": [
                [
                    436.0,
                    533.0
                ],
                [
                    454.67886223739015,
                    528.921937911533
                ],
                [
                    470.3752739517008,
                    518.0062087020083
                ],
                [
                    480.6995987477535,
                    501.9146331922452
                ],
                [
                    484.080051765588,
                    483.0970078831099
                ],
                [
                    480.0019896771205,
                    464.4181456457195
                ],
                [
                    469.0862604675963,
                    448.7217339314093
                ],
                [
                    452.9946849578332,
                    438.39740913535616
                ],
                [
                    434.17705964869765,
                    435.0169561175221
                ],
                [
                    415.4981974113075,
                    439.09501820598916
                ],
                [
                    399.80178569699683,
                    450.01074741551383
                ],
                [
                    389.47746090094415,
                    466.1023229252769
                ],
                [
                    386.09700788310965,
                    484.91994823441223
                ],
                [
                    390.17506997157716,
                    503.5988104718026
                ],
                [
                    401.0907991811014,
                    519.2952221861128
                ],
                [
                    417.18237469086444,
                    529.619546982166
                ]
            ],
            "tags": [
                "mirror ball"
            ],
            "type": "region"
        }
    ],
    "size": [
        2592,
        1728
    ]
}