{
    "objects": [
        {
            "data": [
                [
                    451.0,
                    479.0
                ],
                [
                    469.81675949989676,
                    475.6147309111607
                ],
                [
                    485.9056920756416,
                    465.2862879765298
                ],
                [
                    496.81740358911566,
                    449.58708300533704
                ],
                [
                    500.89068487730265,
                    430.90717764079864
                ],
                [
                    497.50541578846287,
                    412.0904181409021
                ],
                [
                    487.17697285383247,
                    396.0014855651566
                ],
                [
                    471.47776788263945,
                    385.089774051683
                ],
                [
                    452.7978625181013,
                    381.016492763496
                ],
                [
                    433.9811030182045,
                    384.4017618523353
                ],
                [
                    417.8921704424597,
                    394.73020478696617
                ],
                [
                    406.9804589289856,
                    410.42940975815895
                ],
                [
                    402.90717764079864,
                    429.10931512269735
                ],
                [
                    406.2924467296384,
                    447.9260746225939
                ],
                [
                    416.6208896642688,
                    464.0150071983394
                ],
                [
                    432.3200946354618,
                    474.926718711813
                ]
            ],
            "tags": [
                "mirror ball"
            ],
            "type": "region"
        }
    ],
    "size": [
        2592,
        1728
    ]
}