{
    "objects": [
        {
            "data": [
                [
                    429.0,
                    496.0
                ],
                [
                    447.3688047535243,
                    492.34621756054185
                ],
                [
                    462.9411254969541,
                    481.9411254969543
                ],
                [
                    473.34621756054185,
                    466.3688047535243
                ],
                [
                    477.0,
                    448.0
                ],
                [
                    473.34621756054185,
                    429.6311952464757
                ],
                [
                    462.9411254969541,
                    414.0588745030457
                ],
                [
                    447.3688047535243,
                    403.65378243945815
                ],
                [
                    429.0,
                    400.0
                ],
                [
                    410.6311952464757,
                    403.65378243945815
                ],
                [
                    395.0588745030459,
                    414.0588745030457
                ],
                [
                    384.65378243945815,
                    429.6311952464757
                ],
                [
                    381.0,
                    448.0
                ],
                [
                    384.65378243945815,
                    466.3688047535243
                ],
                [
                    395.0588745030459,
                    481.9411254969543
                ],
                [
                    410.6311952464757,
                    492.34621756054185
                ]
            ],
            "tags": [
                "mirror ball"
            ],
            "type": "region"
        }
    ],
    "size": [
        2592,
        1728
    ]
}