{
    "objects": [
        {
            "data": [
                [
                    305.0,
                    409.0
                ],
                [
                    324.1501269201772,
                    405.2750870634777
                ],
                [
                    340.4170747589128,
                    394.5052799409975
                ],
                [
                    351.3243481680088,
                    378.3301841384125
                ],
                [
                    355.21141364560935,
                    359.212311364058
                ],
                [
                    351.48650070908707,
                    340.0621844438808
                ],
                [
                    340.71669358660665,
                    323.7952366051452
                ],
                [
                    324.5415977840221,
                    312.88796319604944
                ],
                [
                    305.4237250096676,
                    309.0008977184484
                ],
                [
                    286.2735980894904,
                    312.7258106549707
                ],
                [
                    270.0066502507548,
                    323.4956177774509
                ],
                [
                    259.0993768416588,
                    339.6707135800359
                ],
                [
                    255.21231136405822,
                    358.7885863543904
                ],
                [
                    258.9372243005805,
                    377.9387132745676
                ],
                [
                    269.7070314230609,
                    394.2056611133032
                ],
                [
                    285.8821272256455,
                    405.112934522399
                ]
            ],
            "tags": [
                "mirror ball"
            ],
            "type": "region"
        }
    ],
    "size": [
        2592,
        1728
    ]
}