{
    "objects": [
        {
            "data": [
                [
                    468.0,
                    508.0
                ],
                [
                    486.8474160015721,
                    504.7897983015896
                ],
                [
                    503.03166688161855,
                    494.61136481050085
                ],
                [
                    514.0888471542517,
                    479.0142737580227
                ],
                [
                    518.3356013565517,
                    460.3730408689123
                ],
                [
                    515.1253996581413,
                    441.52562486733996
                ],
                [
                    504.9469661670528,
                    425.34137398729354
                ],
                [
                    489.3498751145744,
                    414.28419371466043
                ],
                [
                    470.70864222546425,
                    410.0374395123604
                ],
                [
                    451.8612262238921,
                    413.2476412107708
                ],
                [
                    435.6769753438457,
                    423.42607470185953
                ],
                [
                    424.6197950712126,
                    439.0231657543377
                ],
                [
                    420.37304086891254,
                    457.66439864344807
                ],
                [
                    423.58324256732294,
                    476.5118146450204
                ],
                [
                    433.76167605841147,
                    492.69606552506707
                ],
                [
                    449.35876711088986,
                    503.75324579769995
                ]
            ],
            "tags": [
                "mirror ball"
            ],
            "type": "region"
        }
    ],
    "size": [
        2592,
        1728
    ]
}