{
    "objects": [
        {
            "data": [
                [
                    328.0,
                    397.0
                ],
                [
                    347.00252178713936,
                    391.7887995475635
                ],
                [
                    362.5643226564962,
                    379.7023278486488
                ],
                [
                    372.3162594937876,
                    362.5806406552772
                ],
                [
                    374.7736883170628,
                    343.03035963415846
                ],
                [
                    369.56248786462584,
                    324.0278378470191
                ],
                [
                    357.47601616571137,
                    308.46603697766204
                ],
                [
                    340.3543289723398,
                    298.7141001403711
                ],
                [
                    320.80404795122104,
                    296.2566713170959
                ],
                [
                    301.8015261640817,
                    301.4678717695324
                ],
                [
                    286.23972529472485,
                    313.55434346844686
                ],
                [
                    276.48778845743345,
                    330.6760306618187
                ],
                [
                    274.03035963415823,
                    350.2263116829374
                ],
                [
                    279.2415600865952,
                    369.2288334700768
                ],
                [
                    291.32803178550967,
                    384.79063433943384
                ],
                [
                    308.44971897888126,
                    394.5425711767248
                ]
            ],
            "tags": [
                "mirror ball"
            ],
            "type": "region"
        }
    ],
    "size": [
        2592,
        1728
    ]
}