{
    "objects": [
        {
            "data": [
                [
                    432.0,
                    491.0
                ],
                [
                    450.66520440002523,
                    486.8598756557228
                ],
                [
                    466.3252477208621,
                    475.8920350263959
                ],
                [
                    476.59603032555924,
                    459.7662324241112
                ],
                [
                    479.9139186674274,
                    440.93747511430206
                ],
                [
                    475.7737943231509,
                    422.27227071427683
                ],
                [
                    464.805953693824,
                    406.61222739344
                ],
                [
                    448.68015109153885,
                    396.3414447887428
                ],
                [
                    429.8513937817297,
                    393.0235564468744
                ],
                [
                    411.1861893817045,
                    397.1636807911516
                ],
                [
                    395.52614606086763,
                    408.1315214204785
                ],
                [
                    385.25536345617047,
                    424.257324022763
                ],
                [
                    381.9374751143023,
                    443.08608133257235
                ],
                [
                    386.0775994585788,
                    461.7512857325978
                ],
                [
                    397.0454400879057,
                    477.41132905343466
                ],
                [
                    413.17124269019087,
                    487.6821116581316
                ]
            ],
            "tags": [
                "mirror ball"
            ],
            "type": "region"
        }
    ],
    "size": [
        2592,
        1728
    ]
}