{
    "objects": [
        {
            "data": [
                [
                    461.0,
                    562.0
                ],
                [
                    480.03891770951077,
                    558.7522371732348
                ],
                [
                    496.3857190764402,
                    548.4658171935432
                ],
                [
                    507.55175177679666,
                    532.7067542562042
                ],
                [
                    511.83708855228906,
                    513.8742228371664
                ],
                [
                    508.58932572552385,
                    494.8353051276556
                ],
                [
                    498.3029057458325,
                    478.4885037607262
                ],
                [
                    482.543842808494,
                    467.32247106036994
                ],
                [
                    463.71131138945566,
                    463.0371342848771
                ],
                [
                    444.6723936799449,
                    466.2848971116423
                ],
                [
                    428.3255923130155,
                    476.57131709133387
                ],
                [
                    417.159559612659,
                    492.33038002867283
                ],
                [
                    412.8742228371666,
                    511.1629114477107
                ],
                [
                    416.1219856639318,
                    530.2018291572215
                ],
                [
                    426.40840564362315,
                    546.5486305241509
                ],
                [
                    442.1674685809621,
                    557.7146632245071
                ]
            ],
            "tags": [
                "mirror ball"
            ],
            "type": "region"
        }
    ],
    "size": [
        2592,
        1728
    ]
}