{
    "objects": [
        {
            "data": [
                [
                    319.0,
                    436.0
                ],
                [
                    338.357527910101,
                    432.32052209738345
                ],
                [
                    354.83347651317445,
                    421.5133225500881
                ],
                [
                    365.9195319892483,
                    405.2236995216815
                ],
                [
                    369.9279428874338,
                    385.9316004524385
                ],
                [
                    366.248464984817,
                    366.5740725423377
                ],
                [
                    355.44126543752145,
                    350.09812393926404
                ],
                [
                    339.15164240911554,
                    339.01206846318996
                ],
                [
                    319.8595433398723,
                    335.0036575650047
                ],
                [
                    300.5020154297713,
                    338.68313546762124
                ],
                [
                    284.02606682669784,
                    349.4903350149166
                ],
                [
                    272.940011350624,
                    365.77995804332295
                ],
                [
                    268.9316004524385,
                    385.0720571125662
                ],
                [
                    272.61107835505527,
                    404.42958502266697
                ],
                [
                    283.41827790235084,
                    420.90553362574065
                ],
                [
                    299.70790093075675,
                    431.9915891018147
                ]
            ],
            "tags": [
                "mirror ball"
            ],
            "type": "region"
        }
    ],
    "size": [
        2592,
        1728
    ]
}