{
    "objects": [
        {
            "data": [
                [
                    360.0,
                    492.0
                ],
                [
                    379.01291937876067,
                    487.62836024582134
                ],
                [
                    394.90561233989183,
                    476.31356250627846
                ],
                [
                    405.2585604476826,
                    459.7781821683193
                ],
                [
                    408.495621202429,
                    440.53958099480224
                ],
                [
                    404.12398144825056,
                    421.52666161604157
                ],
                [
                    392.8091837087072,
                    405.6339686549102
                ],
                [
                    376.2738033707483,
                    395.28102054711985
                ],
                [
                    357.03520219723123,
                    392.04395979237324
                ],
                [
                    338.02228281847056,
                    396.4155995465519
                ],
                [
                    322.1295898573394,
                    407.7303972860948
                ],
                [
                    311.7766417495486,
                    424.26577762405395
                ],
                [
                    308.53958099480224,
                    443.504378797571
                ],
                [
                    312.91122074898067,
                    462.5172981763317
                ],
                [
                    324.226018488524,
                    478.40999113746307
                ],
                [
                    340.76139882648295,
                    488.7629392452534
                ]
            ],
            "tags": [
                "mirror ball"
            ],
            "type": "region"
        }
    ],
    "size": [
        2592,
        1728
    ]
}