{
    "objects": [
        {
            "data": [
                [
                    411.0,
                    520.0
                ],
                [
                    429.507588913194,
                    516.05311617591
                ],
                [
                    445.0959644572781,
                    505.3241233435299
                ],
                [
                    455.3919377646407,
                    489.44641340302746
                ],
                [
                    458.8280402324672,
                    470.8372237610456
                ],
                [
                    454.88115640837714,
                    452.32963484785137
                ],
                [
                    444.15216357599684,
                    436.7412593037677
                ],
                [
                    428.27445363549487,
                    426.4452859964049
                ],
                [
                    409.6652639935128,
                    423.00918352857843
                ],
                [
                    391.15767508031877,
                    426.95606735266847
                ],
                [
                    375.56929953623467,
                    437.68506018504854
                ],
                [
                    365.27332622887207,
                    453.56277012555097
                ],
                [
                    361.8372237610456,
                    472.1719597675328
                ],
                [
                    365.78410758513564,
                    490.67954868072707
                ],
                [
                    376.51310041751594,
                    506.2679242248107
                ],
                [
                    392.3908103580179,
                    516.5638975321735
                ]
            ],
            "tags": [
                "mirror ball"
            ],
            "type": "region"
        }
    ],
    "size": [
        2592,
        1728
    ]
}