{
    "objects": [
        {
            "data": [
                [
                    378.0,
                    483.0
                ],
                [
                    396.4909506408576,
                    478.9758872160421
                ],
                [
                    412.03440018223364,
                    468.18191131948925
                ],
                [
                    422.26399933317316,
                    452.261357292957
                ],
                [
                    425.6223843544949,
                    433.63798516680276
                ],
                [
                    421.5982715705368,
                    415.1470345259452
                ],
                [
                    410.80429567398414,
                    399.60358498456935
                ],
                [
                    394.88374164745164,
                    389.37398583362915
                ],
                [
                    376.26036952129743,
                    386.0156008123081
                ],
                [
                    357.76941888043984,
                    390.039713596266
                ],
                [
                    342.2259693390638,
                    400.83368949281885
                ],
                [
                    331.9963701881243,
                    416.7542435193511
                ],
                [
                    328.63798516680254,
                    435.37761564550533
                ],
                [
                    332.66209795076065,
                    453.8685662863629
                ],
                [
                    343.4560738473133,
                    469.41201582773874
                ],
                [
                    359.3766278738458,
                    479.64161497867894
                ]
            ],
            "tags": [
                "mirror ball"
            ],
            "type": "region"
        }
    ],
    "size": [
        2592,
        1728
    ]
}