{
    "objects": [
        {
            "data": [
                [
                    381.0,
                    516.0
                ],
                [
                    399.5025193974757,
                    510.46058424791136
                ],
                [
                    414.4767757353893,
                    498.2622237820585
                ],
                [
                    423.6430742282664,
                    481.2620084049547
                ],
                [
                    425.6059290232688,
                    462.0480668004277
                ],
                [
                    420.06651327118016,
                    443.5455474029525
                ],
                [
                    407.86815280532755,
                    428.5712910650384
                ],
                [
                    390.8679374282233,
                    419.4049925721615
                ],
                [
                    371.6539958236963,
                    417.44213777715913
                ],
                [
                    353.1514764262206,
                    422.9815535292478
                ],
                [
                    338.17722008830697,
                    435.1799139951006
                ],
                [
                    329.01092159542986,
                    452.1801293722044
                ],
                [
                    327.0480668004275,
                    471.3940709767314
                ],
                [
                    332.5874825525161,
                    489.89659037420665
                ],
                [
                    344.7858430183687,
                    504.87084671212074
                ],
                [
                    361.786058395473,
                    514.0371452049976
                ]
            ],
            "tags": [
                "mirror ball"
            ],
            "type": "region"
        }
    ],
    "size": [
        2592,
        1728
    ]
}