{
    "objects": [
        {
            "data": [
                [
                    324.0,
                    370.0
                ],
                [
                    343.30912168899204,
                    366.07440908576973
                ],
                [
                    359.64616540310226,
                    355.05835502320156
                ],
                [
                    370.52396433252807,
                    338.6289321825427
                ],
                [
                    374.2864721977571,
                    319.2873712581945
                ],
                [
                    370.36088128352685,
                    299.9782495692027
                ],
                [
                    359.34482722095845,
                    283.64120585509215
                ],
                [
                    342.9154043802996,
                    272.76340692566646
                ],
                [
                    323.57384345595165,
                    269.0008990604374
                ],
                [
                    304.2647217669596,
                    272.9264899746677
                ],
                [
                    287.9276780528494,
                    283.94254403723596
                ],
                [
                    277.0498791234236,
                    300.3719668778947
                ],
                [
                    273.2873712581945,
                    319.7135278022429
                ],
                [
                    277.2129621724248,
                    339.0226494912347
                ],
                [
                    288.2290162349932,
                    355.35969320534537
                ],
                [
                    304.65843907565204,
                    366.23749213477095
                ]
            ],
            "tags": [
                "mirror ball"
            ],
            "type": "region"
        }
    ],
    "size": [
        2592,
        1728
    ]
}