{
    "objects": [
        {
            "data": [
                [
                    415.0,
                    562.0
                ],
                [
                    433.3688047535243,
                    558.3462175605418
                ],
                [
                    448.9411254969541,
                    547.9411254969543
                ],
                [
                    459.34621756054185,
                    532.3688047535243
                ],
                [
                    463.0,
                    514.0
                ],
                [
                    459.34621756054185,
                    495.6311952464757
                ],
                [
                    448.9411254969541,
                    480.0588745030457
                ],
                [
                    433.3688047535243,
                    469.65378243945815
                ],
                [
                    415.0,
                    466.0
                ],
                [
                    396.6311952464757,
                    469.65378243945815
                ],
                [
                    381.0588745030459,
                    480.0588745030457
                ],
                [
                    370.65378243945815,
                    495.6311952464757
                ],
                [
                    367.0,
                    514.0
                ],
                [
                    370.65378243945815,
                    532.3688047535243
                ],
                [
                    381.0588745030459,
                    547.9411254969543
                ],
                [
                    396.6311952464757,
                    558.3462175605418
                ]
            ],
            "tags": [
                "mirror ball"
            ],
            "type": "region"
        }
    ],
    "size": [
        2592,
        1728
    ]
}