{
    "objects": [
        {
            "data": [
                [
                    437.0,
                    486.0
                ],
                [
                    455.457558143984,
                    481.82539982008984
                ],
                [
                    470.9125680077477,
                    470.9051704538351
                ],
                [
                    481.0121444395468,
                    454.9018178301221
                ],
                [
                    484.21871848052797,
                    436.25170731515846
                ],
                [
                    480.04411830061827,
                    417.79414917117447
                ],
                [
                    469.1238889343631,
                    402.33913930741073
                ],
                [
                    453.1205363106501,
                    392.2395628756117
                ],
                [
                    434.4704257956864,
                    389.0329888346305
                ],
                [
                    416.01286765170244,
                    393.20758901454064
                ],
                [
                    400.5578577879387,
                    404.12781838079536
                ],
                [
                    390.45828135613965,
                    420.13117100450836
                ],
                [
                    387.25170731515846,
                    438.78128151947203
                ],
                [
                    391.42630749506816,
                    457.238839663456
                ],
                [
                    402.34653686132333,
                    472.69384952721975
                ],
                [
                    418.34988948503633,
                    482.7934259590188
                ]
            ],
            "tags": [
                "mirror ball"
            ],
            "type": "region"
        }
    ],
    "size": [
        2592,
        1728
    ]
}