{
    "objects": [
        {
            "data": [
                [
                    455.0,
                    480.0
                ],
                [
                    473.5882188002606,
                    475.52690188857287
                ],
                [
                    489.04971315707553,
                    464.2808947244739
                ],
                [
                    499.0306107134161,
                    447.9740811531276
                ],
                [
                    502.0114102933908,
                    429.08902571913904
                ],
                [
                    497.53831218196365,
                    410.50080691887865
                ],
                [
                    486.29230501786424,
                    395.0393125620635
                ],
                [
                    469.9854914465186,
                    385.05841500572296
                ],
                [
                    451.1004360125298,
                    382.07761542574826
                ],
                [
                    432.5122172122692,
                    386.55071353717517
                ],
                [
                    417.0507228554543,
                    397.79672070127435
                ],
                [
                    407.06982529911375,
                    414.10353427262066
                ],
                [
                    404.08902571913904,
                    432.9885897066092
                ],
                [
                    408.5621238305662,
                    451.5768085068696
                ],
                [
                    419.8081309946656,
                    467.03830286368475
                ],
                [
                    436.1149445660117,
                    477.0192004200255
                ]
            ],
            "tags": [
                "mirror ball"
            ],
            "type": "region"
        }
    ],
    "size": [
        2592,
        1728
    ]
}