{
    "objects": [
        {
            "data": [
                [
                    388.0,
                    514.0
                ],
                [
                    407.0238308620578,
                    509.6760901055434
                ],
                [
                    422.9448701458218,
                    498.401213362607
                ],
                [
                    433.33928394491886,
                    481.89186754829007
                ],
                [
                    436.62461698403285,
                    462.66145090523014
                ],
                [
                    432.30070708957646,
                    443.6376200431723
                ],
                [
                    421.0258303466394,
                    427.7165807594083
                ],
                [
                    404.5164845323229,
                    417.32216696031105
                ],
                [
                    385.286067889263,
                    414.0368339211973
                ],
                [
                    366.2622370272052,
                    418.3607438156539
                ],
                [
                    350.34119774344117,
                    429.6356205585903
                ],
                [
                    339.94678394434413,
                    446.1449663729072
                ],
                [
                    336.66145090523014,
                    465.37538301596715
                ],
                [
                    340.98536079968653,
                    484.39921387802497
                ],
                [
                    352.2602375426236,
                    500.32025316178897
                ],
                [
                    368.7695833569401,
                    510.71466696088623
                ]
            ],
            "tags": [
                "mirror ball"
            ],
            "type": "region"
        }
    ],
    "size": [
        2592,
        1728
    ]
}