{
    "objects": [
        {
            "data": [
                [
                    416.0,
                    488.0
                ],
                [
                    435.13417161825464,
                    484.19397662556435
                ],
                [
                    451.35533905932743,
                    473.35533905932743
                ],
                [
                    462.1939766255641,
                    457.1341716182544
                ],
                [
                    466.0,
                    438.0
                ],
                [
                    462.1939766255641,
                    418.8658283817456
                ],
                [
                    451.35533905932743,
                    402.64466094067257
                ],
                [
                    435.13417161825464,
                    391.80602337443565
                ],
                [
                    416.0,
                    388.0
                ],
                [
                    396.86582838174536,
                    391.80602337443565
                ],
                [
                    380.64466094067257,
                    402.64466094067257
                ],
                [
                    369.8060233744359,
                    418.8658283817456
                ],
                [
                    366.0,
                    438.0
                ],
                [
                    369.8060233744359,
                    457.1341716182544
                ],
                [
                    380.64466094067257,
                    473.35533905932743
                ],
                [
                    396.86582838174536,
                    484.19397662556435
                ]
            ],
            "tags": [
                "mirror ball"
            ],
            "type": "region"
        }
    ],
    "size": [
        2592,
        1728
    ]
}