{
    "objects": [
        {
            "data": [
                [
                    390.0,
                    545.0
                ],
                [
                    408.9707219256443,
                    540.448731268817
                ],
                [
                    424.7556884900455,
                    528.9841262601694
                ],
                [
                    434.9517816248508,
                    512.3515671597204
                ],
                [
                    438.00673857810216,
                    493.0832103159894
                ],
                [
                    433.4554698469192,
                    474.1124883903451
                ],
                [
                    421.99086483827114,
                    458.32752182594413
                ],
                [
                    405.3583057378223,
                    448.13142869113835
                ],
                [
                    386.0899488940913,
                    445.07647173788746
                ],
                [
                    367.11922696844704,
                    449.62774046907043
                ],
                [
                    351.33426040404584,
                    461.092345477718
                ],
                [
                    341.1381672692405,
                    477.72490457816707
                ],
                [
                    338.08321031598916,
                    496.99326142189807
                ],
                [
                    342.63447904717214,
                    515.9639833475424
                ],
                [
                    354.0990840558202,
                    531.7489499119433
                ],
                [
                    370.73164315626946,
                    541.9450430467493
                ]
            ],
            "tags": [
                "mirror ball"
            ],
            "type": "region"
        }
    ],
    "size": [
        2592,
        1728
    ]
}