{
    "objects": [
        {
            "data": [
                [
                    417.0,
                    515.0
                ],
                [
                    435.89207554873656,
                    510.98529797005267
                ],
                [
                    451.80971752212827,
                    500.04651261996173
                ],
                [
                    462.3296092235096,
                    483.8489748589425
                ],
                [
                    465.8501925044011,
                    464.85861298006444
                ],
                [
                    461.83549047445376,
                    445.9665374313279
                ],
                [
                    450.8967051243626,
                    430.04889545793617
                ],
                [
                    434.69916736334335,
                    419.5290037565551
                ],
                [
                    415.7088054844653,
                    416.00842047566357
                ],
                [
                    396.81672993572874,
                    420.0231225056109
                ],
                [
                    380.89908796233703,
                    430.96190785570184
                ],
                [
                    370.3791962609557,
                    447.15944561672086
                ],
                [
                    366.8586129800642,
                    466.14980749559913
                ],
                [
                    370.87331501001154,
                    485.0418830443359
                ],
                [
                    381.8121003601027,
                    500.9595250177274
                ],
                [
                    398.00963812112195,
                    511.4794167191087
                ]
            ],
            "tags": [
                "mirror ball"
            ],
            "type": "region"
        }
    ],
    "size": [
        2592,
        1728
    ]
}