{
    "objects": [
        {
            "data": [
                [
                    334.0,
                    447.0
                ],
                [
                    352.9899659579405,
                    443.47728175343264
                ],
                [
                    369.1863209197163,
                    432.9555691133444
                ],
                [
                    380.12331666272075,
                    417.03669744962576
                ],
                [
                    384.13589472919375,
                    398.1441706681469
                ],
                [
                    380.61317648262684,
                    379.1542047102064
                ],
                [
                    370.09146384253836,
                    362.9578497484306
                ],
                [
                    354.1725921788193,
                    352.0208540054264
                ],
                [
                    335.2800653973409,
                    348.0082759389529
                ],
                [
                    316.29009943940036,
                    351.5309941855203
                ],
                [
                    300.09374447762457,
                    362.05270682560854
                ],
                [
                    289.1567487346201,
                    377.97157848932716
                ],
                [
                    285.1441706681471,
                    396.864105270806
                ],
                [
                    288.66688891471404,
                    415.85407122874653
                ],
                [
                    299.1886015548025,
                    432.05042619052233
                ],
                [
                    315.1074732185216,
                    442.9874219335268
                ]
            ],
            "tags": [
                "mirror ball"
            ],
            "type": "region"
        }
    ],
    "size": [
        2592,
        1728
    ]
}