{
    "objects": [
        {
            "data": [
                [
                    354.0,
                    479.0
                ],
                [
                    372.4675958634948,
                    474.0524361647947
                ],
                [
                    387.636078986166,
                    462.41424022908177
                ],
                [
                    397.19618531522883,
                    445.8572220235651
                ],
                [
                    399.69247532466306,
                    426.90203748029035
                ],
                [
                    394.744911489458,
                    408.43444161679554
                ],
                [
                    383.1067155537453,
                    393.26595849412433
                ],
                [
                    366.54969734822816,
                    383.70585216506174
                ],
                [
                    347.5945128049534,
                    381.2095621556273
                ],
                [
                    329.1269169414586,
                    386.1571259908326
                ],
                [
                    313.9584338187874,
                    397.7953219265455
                ],
                [
                    304.3983274897246,
                    414.3523401320622
                ],
                [
                    301.90203748029035,
                    433.30752467533694
                ],
                [
                    306.8496013154954,
                    451.77512053883174
                ],
                [
                    318.4877972512081,
                    466.94360366150295
                ],
                [
                    335.04481545672525,
                    476.50370999056554
                ]
            ],
            "tags": [
                "mirror ball"
            ],
            "type": "region"
        }
    ],
    "size": [
        2592,
        1728
    ]
}