{
    "objects": [
        {
            "data": [
                [
                    484.0,
                    485.0
                ],
                [
                    502.19991685666537,
                    480.5811607181904
                ],
                [
                    517.3234309505128,
                    469.533878896802
                ],
                [
                    527.0681243557515,
                    453.5400030492817
                ],
                [
                    529.9504558372983,
                    435.03445578856895
                ],
                [
                    525.5316165554891,
                    416.8345389319036
                ],
                [
                    514.4843347341007,
                    401.7110248380559
                ],
                [
                    498.4904588865802,
                    391.9663314328177
                ],
                [
                    479.9849116258674,
                    389.08399995127047
                ],
                [
                    461.78499476920206,
                    393.50283923308007
                ],
                [
                    446.6614806753546,
                    404.5501210544685
                ],
                [
                    436.91678727011595,
                    420.54399690198875
                ],
                [
                    434.0344557885692,
                    439.0495441627015
                ],
                [
                    438.4532950703783,
                    457.2494610193669
                ],
                [
                    449.50057689176674,
                    472.3729751132146
                ],
                [
                    465.4944527392872,
                    482.1176685184528
                ]
            ],
            "tags": [
                "mirror ball"
            ],
            "type": "region"
        }
    ],
    "size": [
        2592,
        1728
    ]
}