{
    "objects": [
        {
            "data": [
                [
                    333.0,
                    408.0
                ],
                [
                    352.66816654513786,
                    403.01776024947753
                ],
                [
                    368.93256244961776,
                    390.8880894360839
                ],
                [
                    379.3170808740997,
                    373.4576199854189
                ],
                [
                    382.240773024349,
                    353.37998286374705
                ],
                [
                    377.2585332738263,
                    333.7118163186094
                ],
                [
                    365.1288624604331,
                    317.44742041412906
                ],
                [
                    347.69839300976764,
                    307.06290198964757
                ],
                [
                    327.620755888096,
                    304.13920983939806
                ],
                [
                    307.95258934295816,
                    309.12144958992053
                ],
                [
                    291.68819343847827,
                    321.2511204033142
                ],
                [
                    281.3036750139963,
                    338.6815898539792
                ],
                [
                    278.37998286374705,
                    358.759226975651
                ],
                [
                    283.36222261426974,
                    378.42739352078866
                ],
                [
                    295.49189342766294,
                    394.691789425269
                ],
                [
                    312.9223628783284,
                    405.0763078497505
                ]
            ],
            "tags": [
                "mirror ball"
            ],
            "type": "region"
        }
    ],
    "size": [
        2592,
        1728
    ]
}