{
    "objects": [
        {
            "data": [
                [
                    386.0,
                    535.0
                ],
                [
                    404.95903315444593,
                    531.314431824391
                ],
                [
                    421.06448996238396,
                    520.6541029394041
                ],
                [
                    431.86446062113464,
                    504.6419517816562
                ],
                [
                    435.71474749988147,
                    485.71568321440327
                ],
                [
                    432.02917932427226,
                    466.75665005995734
                ],
                [
                    421.3688504392858,
                    450.65119325201954
                ],
                [
                    405.35669928153766,
                    439.8512225932684
                ],
                [
                    386.43043071428474,
                    436.0009357145218
                ],
                [
                    367.4713975598388,
                    439.6865038901308
                ],
                [
                    351.3659407519008,
                    450.3468327751177
                ],
                [
                    340.5659700931501,
                    466.3589839328656
                ],
                [
                    336.71568321440327,
                    485.28525250011853
                ],
                [
                    340.4012513900125,
                    504.24428565456446
                ],
                [
                    351.0615802749994,
                    520.3497424625023
                ],
                [
                    367.0737314327471,
                    531.1497131212534
                ]
            ],
            "tags": [
                "mirror ball"
            ],
            "type": "region"
        }
    ],
    "size": [
        2592,
        1728
    ]
}