{
    "objects": [
        {
            "data": [
                [
                    386.0,
                    503.0
                ],
                [
                    405.12273435911175,
                    498.2488448712943
                ],
                [
                    420.97164888679345,
                    486.54139627134623
                ],
                [
                    431.13389001697306,
                    469.6600071212122
                ],
                [
                    434.0623486585264,
                    450.1747158888263
                ],
                [
                    429.31119352982114,
                    431.05198152971457
                ],
                [
                    417.60374492987285,
                    415.20306700203287
                ],
                [
                    400.7223557797388,
                    405.04082587185303
                ],
                [
                    381.23706454735293,
                    402.1123672302997
                ],
                [
                    362.1143301882412,
                    406.8635223590054
                ],
                [
                    346.2654156605595,
                    418.57097095895347
                ],
                [
                    336.1031745303799,
                    435.4523601090875
                ],
                [
                    333.17471588882654,
                    454.9376513414734
                ],
                [
                    337.9258710175318,
                    474.06038570058513
                ],
                [
                    349.6333196174801,
                    489.90930022826683
                ],
                [
                    366.51470876761414,
                    500.07154135844667
                ]
            ],
            "tags": [
                "mirror ball"
            ],
            "type": "region"
        }
    ],
    "size": [
        2592,
        1728
    ]
}