{
    "objects": [
        {
            "data": [
                [
                    334.0,
                    417.0
                ],
                [
                    352.3993183076436,
                    412.5757684153434
                ],
                [
                    367.7049917758409,
                    401.44719712404253
                ],
                [
                    377.586870365335,
                    385.3085102244481
                ],
                [
                    380.54052764032804,
                    366.6166764994616
                ],
                [
                    376.1162960556712,
                    348.2173581918182
                ],
                [
                    364.98772476437034,
                    332.91168472362074
                ],
                [
                    348.8490378647757,
                    323.0298061341266
                ],
                [
                    330.1572041397894,
                    320.0761488591338
                ],
                [
                    311.7578858321458,
                    324.5003804437904
                ],
                [
                    296.45221236394855,
                    335.6289517350913
                ],
                [
                    286.5703337744544,
                    351.7676386346857
                ],
                [
                    283.6166764994614,
                    370.4594723596722
                ],
                [
                    288.0409080841182,
                    388.8587906673156
                ],
                [
                    299.1694793754191,
                    404.1644641355133
                ],
                [
                    315.3081662750137,
                    414.04634272500743
                ]
            ],
            "tags": [
                "mirror ball"
            ],
            "type": "region"
        }
    ],
    "size": [
        2592,
        1728
    ]
}