{
    "objects": [
        {
            "data": [
                [
                    414.0,
                    507.0
                ],
                [
                    433.237401136711,
                    502.7368037892386
                ],
                [
                    449.378987746848,
                    491.43628937025574
                ],
                [
                    459.9673495928637,
                    474.81885762392335
                ],
                [
                    463.39050456744235,
                    455.41436189622664
                ],
                [
                    459.12730835668117,
                    436.1769607595154
                ],
                [
                    447.8267939376983,
                    420.03537414937887
                ],
                [
                    431.20936219136547,
                    409.4470123033627
                ],
                [
                    411.804866463669,
                    406.0238573287843
                ],
                [
                    392.567465326958,
                    410.2870535395457
                ],
                [
                    376.425878716821,
                    421.58756795852855
                ],
                [
                    365.8375168708053,
                    438.20499970486094
                ],
                [
                    362.41436189622664,
                    457.60949543255765
                ],
                [
                    366.6775581069878,
                    476.8468965692689
                ],
                [
                    377.9780725259707,
                    492.9884831794054
                ],
                [
                    394.5955042723035,
                    503.57684502542156
                ]
            ],
            "tags": [
                "mirror ball"
            ],
            "type": "region"
        }
    ],
    "size": [
        2592,
        1728
    ]
}