{
    "objects": [
        {
            "data": [
                [
                    460.0,
                    497.0
                ],
                [
                    478.79115335889355,
                    492.536715741634
                ],
                [
                    494.44389039984344,
                    481.22211570206946
                ],
                [
                    504.5752238007799,
                    464.77874517022565
                ],
                [
                    507.64274989217574,
                    445.7099582500505
                ],
                [
                    503.17946563380974,
                    426.9188048911569
                ],
                [
                    491.8648655942452,
                    411.26606785020704
                ],
                [
                    475.4214950624014,
                    401.1347344492706
                ],
                [
                    456.3527081422262,
                    398.06720835787473
                ],
                [
                    437.56155478333267,
                    402.53049261624074
                ],
                [
                    421.9088177423828,
                    413.8450926558053
                ],
                [
                    411.7774843414463,
                    430.2884631876491
                ],
                [
                    408.7099582500505,
                    449.35725010782426
                ],
                [
                    413.1732425084165,
                    468.1484034667178
                ],
                [
                    424.487842547981,
                    483.8011405076677
                ],
                [
                    440.93121307982483,
                    493.93247390860415
                ]
            ],
            "tags": [
                "mirror ball"
            ],
            "type": "region"
        }
    ],
    "size": [
        2592,
        1728
    ]
}