{
    "objects": [
        {
            "data": [
                [
                    400.0,
                    500.0
                ],
                [
                    418.9254957270691,
                    495.26418444951037
                ],
                [
                    434.5980557220287,
                    483.6463877286185
                ],
                [
                    444.63167479775575,
                    466.9153140724911
                ],
                [
                    447.49882540495537,
                    447.618117777713
                ],
                [
                    442.7630098544655,
                    428.6926220506439
                ],
                [
                    431.1452131335741,
                    413.02006205568455
                ],
                [
                    414.4141394774465,
                    402.986442979957
                ],
                [
                    395.11694318266836,
                    400.1192923727576
                ],
                [
                    376.19144745559925,
                    404.85510792324726
                ],
                [
                    360.5188874606397,
                    416.47290464413913
                ],
                [
                    350.4852683849126,
                    433.2039783002665
                ],
                [
                    347.618117777713,
                    452.50117459504463
                ],
                [
                    352.35393332820286,
                    471.42667032211375
                ],
                [
                    363.97173004909473,
                    487.0992303170731
                ],
                [
                    380.70280370522187,
                    497.1328493928006
                ]
            ],
            "tags": [
                "mirror ball"
            ],
            "type": "region"
        }
    ],
    "size": [
        2592,
        1728
    ]
}