{
    "objects": [
        {
            "data": [
                [
                    415.0,
                    492.0
                ],
                [
                    433.4882616023151,
                    487.96355078998636
                ],
                [
                    449.02450585015276,
                    477.1592065723962
                ],
                [
                    459.24348039318465,
                    461.2318308127328
                ],
                [
                    462.5894389924697,
                    442.60622208838436
                ],
                [
                    458.5529897824563,
                    424.1179604860695
                ],
                [
                    447.74864556486546,
                    408.5817162382318
                ],
                [
                    431.82126980520206,
                    398.3627416951997
                ],
                [
                    413.1956610808538,
                    395.0167830959149
                ],
                [
                    394.7073994785387,
                    399.0532323059283
                ],
                [
                    379.17115523070106,
                    409.8575765235187
                ],
                [
                    368.95218068766917,
                    425.78495228318207
                ],
                [
                    365.60622208838413,
                    444.41056100753053
                ],
                [
                    369.64267129839754,
                    462.8988226098454
                ],
                [
                    380.44701551598837,
                    478.43506685768307
                ],
                [
                    396.37439127565176,
                    488.6540414007154
                ]
            ],
            "tags": [
                "mirror ball"
            ],
            "type": "region"
        }
    ],
    "size": [
        2592,
        1728
    ]
}