{
    "objects": [
        {
            "data": [
                [
                    451.0,
                    512.0
                ],
                [
                    469.96429552562813,
                    507.4220274509112
                ],
                [
                    485.7331057618926,
                    495.93521060827607
                ],
                [
                    495.90577229494374,
                    479.2883132081324
                ],
                [
                    498.9335988605749,
                    460.0156744751507
                ],
                [
                    494.35562631148605,
                    441.0513789495226
                ],
                [
                    482.86880946885094,
                    425.2825687132581
                ],
                [
                    466.2219120687073,
                    415.1099021802074
                ],
                [
                    446.9492733357256,
                    412.08207561457584
                ],
                [
                    427.98497781009746,
                    416.66004816366467
                ],
                [
                    412.216167573833,
                    428.1468650062998
                ],
                [
                    402.04350104078185,
                    444.7937624064434
                ],
                [
                    399.0156744751507,
                    464.0664011394251
                ],
                [
                    403.59364702423954,
                    483.03069666505326
                ],
                [
                    415.08046386687465,
                    498.7995069013177
                ],
                [
                    431.7273612670183,
                    508.9721734343684
                ]
            ],
            "tags": [
                "mirror ball"
            ],
            "type": "region"
        }
    ],
    "size": [
        2592,
        1728
    ]
}