{
    "objects": [
        {
            "data": [
                [
                    472.0,
                    484.0
                ],
                [
                    490.7346501452016,
                    480.18642309403594
                ],
                [
                    506.5838172631502,
                    469.4936972232333
                ],
                [
                    517.1346093331963,
                    453.54969297162006
                ],
                [
                    520.7807639058428,
                    434.7817404537461
                ],
                [
                    516.9671869998788,
                    416.04709030854474
                ],
                [
                    506.27446112907637,
                    400.19792319059593
                ],
                [
                    490.33045687746335,
                    389.64713112055006
                ],
                [
                    471.5625043595892,
                    386.00097654790306
                ],
                [
                    452.82785421438757,
                    389.8145534538671
                ],
                [
                    436.978687096439,
                    400.50727932466975
                ],
                [
                    426.4278950263929,
                    416.451283576283
                ],
                [
                    422.78174045374635,
                    435.21923609415694
                ],
                [
                    426.5953173597104,
                    453.9538862393583
                ],
                [
                    437.2880432305128,
                    469.80305335730714
                ],
                [
                    453.2320474821263,
                    480.353845427353
                ]
            ],
            "tags": [
                "mirror ball"
            ],
            "type": "region"
        }
    ],
    "size": [
        2592,
        1728
    ]
}