{
    "objects": [
        {
            "data": [
                [
                    382.0,
                    540.0
                ],
                [
                    401.00656598748947,
                    535.600819757411
                ],
                [
                    416.8828498918292,
                    524.2630092618888
                ],
                [
                    427.2118314074555,
                    507.7126473838691
                ],
                [
                    430.42101673106527,
                    488.46937668987584
                ],
                [
                    426.0218364884763,
                    469.4628107023866
                ],
                [
                    414.68402599295405,
                    453.5865267980471
                ],
                [
                    398.13366411493416,
                    443.2575452824203
                ],
                [
                    378.8903934209411,
                    440.0483599588106
                ],
                [
                    359.88382743345164,
                    444.44754020139953
                ],
                [
                    344.0075435291119,
                    455.7853506969218
                ],
                [
                    333.6785620134856,
                    472.33571257494145
                ],
                [
                    330.46937668987584,
                    491.57898326893473
                ],
                [
                    334.8685569324648,
                    510.585549256424
                ],
                [
                    346.20636742798706,
                    526.4618331607637
                ],
                [
                    362.75672930600695,
                    536.7908146763903
                ]
            ],
            "tags": [
                "mirror ball"
            ],
            "type": "region"
        }
    ],
    "size": [
        2592,
        1728
    ]
}