{
    "objects": [
        {
            "data": [
                [
                    448.0,
                    493.0
                ],
                [
                    467.0288960279422,
                    488.69843593546193
                ],
                [
                    482.9631662936881,
                    477.4422656923575
                ],
                [
                    493.3769625937962,
                    460.9451391527623
                ],
                [
                    496.6848788428747,
                    441.71859428550533
                ],
                [
                    492.3833147783366,
                    422.6896982575631
                ],
                [
                    481.1271445352322,
                    406.75542799181767
                ],
                [
                    464.630017995637,
                    396.34163169170915
                ],
                [
                    445.40347312838,
                    393.03371544263064
                ],
                [
                    426.3745771004378,
                    397.3352795071687
                ],
                [
                    410.4403068346919,
                    408.5914497502731
                ],
                [
                    400.02651053458385,
                    425.0885762898681
                ],
                [
                    396.71859428550533,
                    444.3151211571253
                ],
                [
                    401.0201583500434,
                    463.3440171850675
                ],
                [
                    412.2763285931478,
                    479.27828745081297
                ],
                [
                    428.77345513274304,
                    489.6920837509215
                ]
            ],
            "tags": [
                "mirror ball"
            ],
            "type": "region"
        }
    ],
    "size": [
        2592,
        1728
    ]
}