{
    "objects": [
        {
            "data": [
                [
                    398.0,
                    522.0
                ],
                [
                    416.8572449317967,
                    517.8247557543693
                ],
                [
                    432.68127076495466,
                    506.7509778371466
                ],
                [
                    443.0630130115287,
                    490.4645485521821
                ],
                [
                    446.42194552520414,
                    471.4449291212625
                ],
                [
                    442.24670127957324,
                    452.587684189466
                ],
                [
                    431.1729233623505,
                    436.76365835630736
                ],
                [
                    414.88649407738603,
                    426.38191610973377
                ],
                [
                    395.8668746464664,
                    423.02298359605857
                ],
                [
                    377.0096297146697,
                    427.19822784168923
                ],
                [
                    361.1856038815117,
                    438.272005758912
                ],
                [
                    350.8038616349377,
                    454.55843504387644
                ],
                [
                    347.44492912126225,
                    473.5780544747961
                ],
                [
                    351.62017336689314,
                    492.4352994065928
                ],
                [
                    362.6939512841159,
                    508.2593252397512
                ],
                [
                    378.98038056908035,
                    518.6410674863246
                ]
            ],
            "tags": [
                "mirror ball"
            ],
            "type": "region"
        }
    ],
    "size": [
        2592,
        1728
    ]
}