{
    "objects": [
        {
            "data": [
                [
                    360.0,
                    400.0
                ],
                [
                    377.3737785655662,
                    395.4951540795598
                ],
                [
                    391.701127085566,
                    384.68456192192616
                ],
                [
                    400.8008366255676,
                    369.21403818483736
                ],
                [
                    403.2875588971783,
                    351.4388298666174
                ],
                [
                    398.7827129767379,
                    334.0650513010512
                ],
                [
                    387.9721208191045,
                    319.7377027810512
                ],
                [
                    372.50159708201545,
                    310.6379932410498
                ],
                [
                    354.7263887637955,
                    308.15127096943934
                ],
                [
                    337.3526101982293,
                    312.6561168898795
                ],
                [
                    323.0252616782295,
                    323.4667090475132
                ],
                [
                    313.9255521382279,
                    338.937232784602
                ],
                [
                    311.4388298666172,
                    356.7124411028219
                ],
                [
                    315.9436757870576,
                    374.08621966838814
                ],
                [
                    326.75426794469104,
                    388.41356818838835
                ],
                [
                    342.22479168178006,
                    397.51327772838977
                ]
            ],
            "tags": [
                "mirror ball"
            ],
            "type": "region"
        }
    ],
    "size": [
        2592,
        1728
    ]
}