{
    "objects": [
        {
            "data": [
                [
                    397.0,
                    524.0
                ],
                [
                    415.7817765321229,
                    519.4974206030508
                ],
                [
                    431.4108129162314,
                    508.1501049454755
                ],
                [
                    441.50773004041275,
                    491.6855789724675
                ],
                [
                    444.53536380129117,
                    472.61041751211724
                ],
                [
                    440.03278440434224,
                    453.82864097999413
                ],
                [
                    428.6854687467667,
                    438.19960459588583
                ],
                [
                    412.22094277375845,
                    428.1026874717047
                ],
                [
                    393.1457813134084,
                    425.07505371082607
                ],
                [
                    374.36400478128553,
                    429.5776331077752
                ],
                [
                    358.734968397177,
                    440.92494876535056
                ],
                [
                    348.63805127299565,
                    457.38947473835856
                ],
                [
                    345.61041751211724,
                    476.46463619870883
                ],
                [
                    350.11299690906617,
                    495.24641273083193
                ],
                [
                    361.46031256664173,
                    510.87544911494047
                ],
                [
                    377.92483853964995,
                    520.9723662391214
                ]
            ],
            "tags": [
                "mirror ball"
            ],
            "type": "region"
        }
    ],
    "size": [
        2592,
        1728
    ]
}