{
    "objects": [
        {
            "data": [
                [
                    477.0,
                    539.0
                ],
                [
                    495.45259859029784,
                    534.8035318938448
                ],
                [
                    510.8946579308472,
                    523.864997137141
                ],
                [
                    520.9752644696646,
                    507.84968848853214
                ],
                [
                    524.159737242142,
                    489.195791510635
                ],
                [
                    519.9632691359866,
                    470.7431929203367
                ],
                [
                    509.024734379283,
                    455.3011335797878
                ],
                [
                    493.00942573067414,
                    445.2205270409702
                ],
                [
                    474.355528752777,
                    442.036054268493
                ],
                [
                    455.90293016247915,
                    446.23252237464817
                ],
                [
                    440.4608708219298,
                    457.171057131352
                ],
                [
                    430.3802642831124,
                    473.18636577996085
                ],
                [
                    427.195791510635,
                    491.840262757858
                ],
                [
                    431.3922596167904,
                    510.2928613481563
                ],
                [
                    442.330794373494,
                    525.7349206887052
                ],
                [
                    458.34610302210285,
                    535.8155272275228
                ]
            ],
            "tags": [
                "mirror ball"
            ],
            "type": "region"
        }
    ],
    "size": [
        2592,
        1728
    ]
}