{
    "objects": [
        {
            "data": [
                [
                    428.0,
                    537.0
                ],
                [
                    446.98962598479784,
                    532.5282618143433
                ],
                [
                    462.8224926446719,
                    521.1298991786743
                ],
                [
                    473.0881895559496,
                    504.540209477859
                ],
                [
                    476.22385742266397,
                    485.28482258293457
                ],
                [
                    471.7521192370077,
                    466.29519659813695
                ],
                [
                    460.3537566013383,
                    450.4623299382629
                ],
                [
                    443.7640669005227,
                    440.1966330269847
                ],
                [
                    424.50868000559876,
                    437.06096516027037
                ],
                [
                    405.5190540208009,
                    441.5327033459271
                ],
                [
                    389.68618736092685,
                    452.931065981596
                ],
                [
                    379.42049044964915,
                    469.5207556824114
                ],
                [
                    376.2848225829348,
                    488.7761425773358
                ],
                [
                    380.75656076859104,
                    507.76576856213364
                ],
                [
                    392.15492340426044,
                    523.5986352220075
                ],
                [
                    408.74461310507604,
                    533.8643321332856
                ]
            ],
            "tags": [
                "mirror ball"
            ],
            "type": "region"
        }
    ],
    "size": [
        2592,
        1728
    ]
}