{
    "objects": [
        {
            "data": [
                [
                    337.0,
                    438.0
                ],
                [
                    355.8010662597908,
                    433.57865875289076
                ],
                [
                    371.4790125224995,
                    422.29901550001796
                ],
                [
                    381.64701359056426,
                    405.87829367641143
                ],
                [
                    384.757083474532,
                    386.8163993255009
                ],
                [
                    380.33574222742254,
                    368.0153330657099
                ],
                [
                    369.0560989745504,
                    352.33738680300166
                ],
                [
                    352.6353771509439,
                    342.16938573493667
                ],
                [
                    333.57348280003316,
                    339.0593158509687
                ],
                [
                    314.7724165402424,
                    343.4806570980779
                ],
                [
                    299.0944702775337,
                    354.76030035095073
                ],
                [
                    288.9264692094689,
                    371.18102217455726
                ],
                [
                    285.81639932550115,
                    390.24291652546776
                ],
                [
                    290.2377405726106,
                    409.0439827852588
                ],
                [
                    301.51738382548274,
                    424.721929047967
                ],
                [
                    317.93810564908927,
                    434.889930116032
                ]
            ],
            "tags": [
                "mirror ball"
            ],
            "type": "region"
        }
    ],
    "size": [
        2592,
        1728
    ]
}