{
  "objects": [
    {
      "data": [
        [
          484.0,
          286.0
        ],
        [
          503.4678591687957,
          281.87918318045695
        ],
        [
          519.8768474720073,
          270.62201769613796
        ],
        [
          530.728845188321,
          253.94230494557144
        ],
        [
          534.3717340390317,
          234.37937999305848
        ],
        [
          530.2509172194891,
          214.911520824263
        ],
        [
          518.99375173517,
          198.50253252105097
        ],
        [
          502.3140389846035,
          187.6505348047374
        ],
        [
          482.7511140320903,
          184.00764595402666
        ],
        [
          463.2832548632946,
          188.1284627735697
        ],
        [
          446.874266560083,
          199.3856282578887
        ],
        [
          436.0222688437693,
          216.0653410084551
        ],
        [
          432.3793799930586,
          235.62826596096818
        ],
        [
          436.5001968126012,
          255.09612512976378
        ],
        [
          447.7573622969203,
          271.5051134329757
        ],
        [
          464.43707504748727,
          282.35711114928927
        ]
      ],
      "tags": [
        "mirror ball"
      ],
      "type": "region"
    }
  ],
  "size": [
    700,
    1000
  ]
}