{
    "objects": [
        {
            "data": [
                [
                    422.0,
                    504.0
                ],
                [
                    440.33718715786654,
                    499.3249271194943
                ],
                [
                    455.4894661203789,
                    487.98838525070346
                ],
                [
                    465.1500397712457,
                    471.7162601271425
                ],
                [
                    467.8481733454414,
                    452.9858352916922
                ],
                [
                    463.17310046493594,
                    434.6486481338261
                ],
                [
                    451.83655859614464,
                    419.4963691713135
                ],
                [
                    435.5644334725839,
                    409.83579552044625
                ],
                [
                    416.8340086371336,
                    407.1376619462508
                ],
                [
                    398.4968214792675,
                    411.81273482675647
                ],
                [
                    383.3445425167547,
                    423.1492766955473
                ],
                [
                    373.6839688658879,
                    439.42140181910827
                ],
                [
                    370.9858352916922,
                    458.1518266545586
                ],
                [
                    375.66090817219765,
                    476.4890138124247
                ],
                [
                    386.99745004098895,
                    491.64129277493726
                ],
                [
                    403.26957516455013,
                    501.3018664258045
                ]
            ],
            "tags": [
                "mirror ball"
            ],
            "type": "region"
        }
    ],
    "size": [
        2592,
        1728
    ]
}