{
    "objects": [
        {
            "data": [
                [
                    419.0,
                    485.0
                ],
                [
                    437.09102987708366,
                    480.9740532133071
                ],
                [
                    452.2642989677206,
                    470.33142596972016
                ],
                [
                    462.20981459888844,
                    454.6923617914192
                ],
                [
                    465.413462172065,
                    436.4377664310805
                ],
                [
                    461.38751538537235,
                    418.3467365539966
                ],
                [
                    450.74488814178494,
                    403.17346746335966
                ],
                [
                    435.10582396348445,
                    393.2279518321923
                ],
                [
                    416.8512286031455,
                    390.0243042590155
                ],
                [
                    398.76019872606184,
                    394.05025104570836
                ],
                [
                    383.5869296354249,
                    404.6928782892953
                ],
                [
                    373.64141400425706,
                    420.33194246759626
                ],
                [
                    370.4377664310805,
                    438.586537827935
                ],
                [
                    374.46371321777315,
                    456.6775677050189
                ],
                [
                    385.10634046136056,
                    471.8508367956558
                ],
                [
                    400.74540463966105,
                    481.7963524268232
                ]
            ],
            "tags": [
                "mirror ball"
            ],
            "type": "region"
        }
    ],
    "size": [
        2592,
        1728
    ]
}