{
    "objects": [
        {
            "data": [
                [
                    472.0,
                    508.0
                ],
                [
                    490.21480714795325,
                    503.6429465517542
                ],
                [
                    505.3757224920141,
                    492.6470491296154
                ],
                [
                    515.1746341050903,
                    476.68633343804595
                ],
                [
                    518.1197465214454,
                    458.19067375683903
                ],
                [
                    513.7626930731994,
                    439.975866608886
                ],
                [
                    502.7667956510609,
                    424.8149512648247
                ],
                [
                    486.8060799594914,
                    415.01603965174877
                ],
                [
                    468.31042027828425,
                    412.0709272353938
                ],
                [
                    450.095613130331,
                    416.4279806836396
                ],
                [
                    434.93469778627014,
                    427.4238781057784
                ],
                [
                    425.135786173194,
                    443.38459379734786
                ],
                [
                    422.1906737568388,
                    461.8802534785548
                ],
                [
                    426.5477272050848,
                    480.0950606265078
                ],
                [
                    437.5436246272234,
                    495.2559759705691
                ],
                [
                    453.5043403187933,
                    505.05488758364504
                ]
            ],
            "tags": [
                "mirror ball"
            ],
            "type": "region"
        }
    ],
    "size": [
        2592,
        1728
    ]
}