{
    "objects": [
        {
            "data": [
                [
                    314.0,
                    449.0
                ],
                [
                    332.57644279830356,
                    445.3910510862577
                ],
                [
                    348.35775312898204,
                    434.94792015978373
                ],
                [
                    358.94136955212343,
                    419.2604792369159
                ],
                [
                    362.7160324080269,
                    400.7169989911554
                ],
                [
                    359.1070834942848,
                    382.1405561928516
                ],
                [
                    348.66395256781016,
                    366.35924586217334
                ],
                [
                    332.976511644943,
                    355.7756294390317
                ],
                [
                    314.43303139918225,
                    352.0009665831285
                ],
                [
                    295.8565886008787,
                    355.6099154968708
                ],
                [
                    280.0752782702002,
                    366.05304642334477
                ],
                [
                    269.4916618470588,
                    381.7404873462126
                ],
                [
                    265.7169989911554,
                    400.2839675919731
                ],
                [
                    269.3259479048975,
                    418.8604103902769
                ],
                [
                    279.7690788313721,
                    434.64172072095516
                ],
                [
                    295.45651975423925,
                    445.2253371440968
                ]
            ],
            "tags": [
                "mirror ball"
            ],
            "type": "region"
        }
    ],
    "size": [
        2592,
        1728
    ]
}