{
    "objects": [
        {
            "data": [
                [
                    419.0,
                    492.0
                ],
                [
                    437.643871939124,
                    487.7648466381538
                ],
                [
                    453.24784060533784,
                    476.71737422385854
                ],
                [
                    463.43634321953914,
                    460.53946028660425
                ],
                [
                    466.6582726177221,
                    441.6940455701824
                ],
                [
                    462.4231192558759,
                    423.05017363105867
                ],
                [
                    451.3756468415804,
                    407.4462049648448
                ],
                [
                    435.19773290432613,
                    397.2577023506433
                ],
                [
                    416.35231818790453,
                    394.0357729524603
                ],
                [
                    397.70844624878055,
                    398.2709263143065
                ],
                [
                    382.1044775825667,
                    409.3183987286018
                ],
                [
                    371.9159749683654,
                    425.49631266585607
                ],
                [
                    368.6940455701824,
                    444.3417273822779
                ],
                [
                    372.9291989320286,
                    462.98559932140165
                ],
                [
                    383.9766713463241,
                    478.5895679876155
                ],
                [
                    400.1545852835784,
                    488.77807060181703
                ]
            ],
            "tags": [
                "mirror ball"
            ],
            "type": "region"
        }
    ],
    "size": [
        2592,
        1728
    ]
}