{
    "objects": [
        {
            "data": [
                [
                    412.0,
                    505.0
                ],
                [
                    430.61075612002105,
                    501.57239209626505
                ],
                [
                    446.4931640264649,
                    491.2836672776109
                ],
                [
                    457.22927108996146,
                    475.70019063015525
                ],
                [
                    461.18460233314545,
                    457.19440520890544
                ],
                [
                    457.7569944294105,
                    438.58364908888416
                ],
                [
                    447.4682696107566,
                    422.7012411824405
                ],
                [
                    431.8847929633007,
                    411.9651341189442
                ],
                [
                    413.3790075420511,
                    408.00980287575976
                ],
                [
                    394.76825142203006,
                    411.4374107794947
                ],
                [
                    378.8858435155862,
                    421.72613559814886
                ],
                [
                    368.14973645208966,
                    437.3096122456045
                ],
                [
                    364.19440520890566,
                    455.8153976668543
                ],
                [
                    367.6220131126406,
                    474.4261537868756
                ],
                [
                    377.91073793129453,
                    490.30856169331923
                ],
                [
                    393.4942145787504,
                    501.04466875681555
                ]
            ],
            "tags": [
                "mirror ball"
            ],
            "type": "region"
        }
    ],
    "size": [
        2592,
        1728
    ]
}