{
    "objects": [
        {
            "data": [
                [
                    407.0,
                    503.0
                ],
                [
                    425.7962761889494,
                    498.5583390092013
                ],
                [
                    441.46202097398736,
                    487.2617558417792
                ],
                [
                    451.6122667219229,
                    470.83005288119216
                ],
                [
                    454.70173052983955,
                    451.764807949432
                ],
                [
                    450.2600695390406,
                    432.96853176048285
                ],
                [
                    438.9634863716187,
                    417.30278697544463
                ],
                [
                    422.53178341103194,
                    407.1525412275089
                ],
                [
                    403.46653847927155,
                    404.06307741959245
                ],
                [
                    384.67026229032217,
                    408.50473841039116
                ],
                [
                    369.0045175052842,
                    419.80132157781327
                ],
                [
                    358.85427175734867,
                    436.23302453840006
                ],
                [
                    355.764807949432,
                    455.29826947016045
                ],
                [
                    360.20646894023093,
                    474.0945456591098
                ],
                [
                    371.5030521076528,
                    489.7602904441478
                ],
                [
                    387.9347550682396,
                    499.91053619208355
                ]
            ],
            "tags": [
                "mirror ball"
            ],
            "type": "region"
        }
    ],
    "size": [
        2592,
        1728
    ]
}