{
    "objects": [
        {
            "data": [
                [
                    342.0,
                    504.0
                ],
                [
                    360.6162117313138,
                    499.64487133878947
                ],
                [
                    376.14871313830736,
                    488.49714130426946
                ],
                [
                    386.232821684242,
                    472.25395073977097
                ],
                [
                    389.3333232556706,
                    453.38817816385017
                ],
                [
                    384.9781945944601,
                    434.7719664325364
                ],
                [
                    373.8304645599401,
                    419.2394650255428
                ],
                [
                    357.5872739954416,
                    409.15535647960814
                ],
                [
                    338.7215014195208,
                    406.05485490817955
                ],
                [
                    320.105289688207,
                    410.4099835693901
                ],
                [
                    304.57278828121343,
                    421.5577136039101
                ],
                [
                    294.48867973527877,
                    437.8009041684086
                ],
                [
                    291.38817816385017,
                    456.6666767443294
                ],
                [
                    295.7433068250607,
                    475.2828884756432
                ],
                [
                    306.8910368595807,
                    490.81538988263674
                ],
                [
                    323.1342274240792,
                    500.8994984285714
                ]
            ],
            "tags": [
                "mirror ball"
            ],
            "type": "region"
        }
    ],
    "size": [
        2592,
        1728
    ]
}