{
    "objects": [
        {
            "data": [
                [
                    375.0,
                    504.0
                ],
                [
                    393.6057113130296,
                    499.60022825398914
                ],
                [
                    409.1114274295651,
                    488.4152717232639
                ],
                [
                    419.15654363053045,
                    472.147938647744
                ],
                [
                    422.21178203353384,
                    453.2747830244357
                ],
                [
                    417.8120102875232,
                    434.6690717114061
                ],
                [
                    406.627053756798,
                    419.1633555948704
                ],
                [
                    390.35972068127785,
                    409.118239393905
                ],
                [
                    371.48656505796953,
                    406.06300099090186
                ],
                [
                    352.88085374493994,
                    410.4627727369127
                ],
                [
                    337.37513762840445,
                    421.64772926763794
                ],
                [
                    327.3300214274391,
                    437.91506234315784
                ],
                [
                    324.2747830244357,
                    456.78821796646616
                ],
                [
                    328.6745547704463,
                    475.39392927949575
                ],
                [
                    339.85951130117155,
                    490.8996453960315
                ],
                [
                    356.1268443766917,
                    500.94476159699684
                ]
            ],
            "tags": [
                "mirror ball"
            ],
            "type": "region"
        }
    ],
    "size": [
        2592,
        1728
    ]
}