{
    "objects": [
        {
            "data": [
                [
                    368.0,
                    493.0
                ],
                [
                    387.14290875733286,
                    488.3307935647888
                ],
                [
                    403.0418224059158,
                    476.69133527751933
                ],
                [
                    413.2762754667633,
                    459.8536271504763
                ],
                [
                    416.28816523690966,
                    440.3810576117978
                ],
                [
                    411.6189588016982,
                    421.2381488544652
                ],
                [
                    399.97950051442876,
                    405.339235205882
                ],
                [
                    383.1417923873855,
                    395.1047821450345
                ],
                [
                    363.66922284870725,
                    392.0928923748884
                ],
                [
                    344.5263140913744,
                    396.7620988100996
                ],
                [
                    328.62740044279144,
                    408.40155709736905
                ],
                [
                    318.39294738194394,
                    425.23926522441207
                ],
                [
                    315.3810576117976,
                    444.71183476309056
                ],
                [
                    320.050264047009,
                    463.8547435204232
                ],
                [
                    331.6897223342785,
                    479.7536571690064
                ],
                [
                    348.5274304613217,
                    489.9881102298539
                ]
            ],
            "tags": [
                "mirror ball"
            ],
            "type": "region"
        }
    ],
    "size": [
        2592,
        1728
    ]
}