{
    "objects": [
        {
            "data": [
                [
                    443.0,
                    524.0
                ],
                [
                    461.3888022808005,
                    519.5322612007556
                ],
                [
                    476.6681107168238,
                    508.36751879362737
                ],
                [
                    486.5117891059608,
                    492.20550360145876
                ],
                [
                    489.421226646632,
                    473.50673592822477
                ],
                [
                    484.9534878473878,
                    455.117933647424
                ],
                [
                    473.7887454402594,
                    439.838625211401
                ],
                [
                    457.626730248091,
                    429.9949468222642
                ],
                [
                    438.9279625748568,
                    427.08550928159275
                ],
                [
                    420.5391602940563,
                    431.5532480808372
                ],
                [
                    405.259851858033,
                    442.7179904879654
                ],
                [
                    395.416173468896,
                    458.880005680134
                ],
                [
                    392.50673592822477,
                    477.578773353368
                ],
                [
                    396.974474727469,
                    495.9675756341687
                ],
                [
                    408.1392171345974,
                    511.24688407019175
                ],
                [
                    424.3012323267658,
                    521.0905624593286
                ]
            ],
            "tags": [
                "mirror ball"
            ],
            "type": "region"
        }
    ],
    "size": [
        2592,
        1728
    ]
}