{
    "objects": [
        {
            "data": [
                [
                    380.0,
                    504.0
                ],
                [
                    399.241253093091,
                    499.7542228233465
                ],
                [
                    415.3930644226484,
                    488.4683274135632
                ],
                [
                    425.9964671302814,
                    471.8604890398931
                ],
                [
                    429.4371892738368,
                    452.4591005442976
                ],
                [
                    425.1914120971833,
                    433.21784745120635
                ],
                [
                    413.90551668740045,
                    417.0660361216492
                ],
                [
                    397.29767831372965,
                    406.46263341401664
                ],
                [
                    377.8962898181344,
                    403.0219112704608
                ],
                [
                    358.6550367250434,
                    407.2676884471143
                ],
                [
                    342.50322539548597,
                    418.5535838568976
                ],
                [
                    331.899822687853,
                    435.1614222305677
                ],
                [
                    328.4591005442976,
                    454.5628107261632
                ],
                [
                    332.7048777209511,
                    473.80406381925445
                ],
                [
                    343.9907731307344,
                    489.95587514881163
                ],
                [
                    360.59861150440474,
                    500.55927785644417
                ]
            ],
            "tags": [
                "mirror ball"
            ],
            "type": "region"
        }
    ],
    "size": [
        2592,
        1728
    ]
}