{
    "objects": [
        {
            "data": [
                [
                    293.0,
                    406.0
                ],
                [
                    312.5168550506196,
                    402.1178561580757
                ],
                [
                    329.0624458405141,
                    391.0624458405139
                ],
                [
                    340.1178561580755,
                    374.5168550506196
                ],
                [
                    344.0,
                    355.0
                ],
                [
                    340.1178561580755,
                    335.4831449493804
                ],
                [
                    329.0624458405141,
                    318.9375541594861
                ],
                [
                    312.5168550506196,
                    307.8821438419243
                ],
                [
                    293.0,
                    304.0
                ],
                [
                    273.4831449493804,
                    307.8821438419243
                ],
                [
                    256.9375541594859,
                    318.9375541594861
                ],
                [
                    245.88214384192452,
                    335.4831449493804
                ],
                [
                    242.0,
                    355.0
                ],
                [
                    245.88214384192452,
                    374.5168550506196
                ],
                [
                    256.9375541594859,
                    391.0624458405139
                ],
                [
                    273.4831449493804,
                    402.1178561580757
                ]
            ],
            "tags": [
                "mirror ball"
            ],
            "type": "region"
        }
    ],
    "size": [
        2592,
        1728
    ]
}