{
    "objects": [
        {
            "data": [
                [
                    341.0,
                    480.0
                ],
                [
                    360.9468858913242,
                    476.2876919015989
                ],
                [
                    377.9547666985641,
                    465.22462367322373
                ],
                [
                    389.4343467456406,
                    448.4950471656807
                ],
                [
                    393.6379640330383,
                    428.6458887482554
                ],
                [
                    389.92565593463723,
                    408.6990028569312
                ],
                [
                    378.8625877062618,
                    391.69112204969156
                ],
                [
                    362.13301119871903,
                    380.21154200261526
                ],
                [
                    342.2838527812937,
                    376.0079247152171
                ],
                [
                    322.3369668899695,
                    379.72023281361817
                ],
                [
                    305.32908608272965,
                    390.78330104199335
                ],
                [
                    293.8495060356531,
                    407.51287754953637
                ],
                [
                    289.6458887482554,
                    427.3620359669617
                ],
                [
                    293.3581968466565,
                    447.3089218582859
                ],
                [
                    304.4212650750319,
                    464.31680266552553
                ],
                [
                    321.1508415825747,
                    475.7963827126018
                ]
            ],
            "tags": [
                "mirror ball"
            ],
            "type": "region"
        }
    ],
    "size": [
        2592,
        1728
    ]
}