{
    "objects": [
        {
            "data": [
                [
                    451.0,
                    474.0
                ],
                [
                    469.49159181383084,
                    469.9788345605634
                ],
                [
                    485.03676162171087,
                    459.1873362890153
                ],
                [
                    495.2688982377058,
                    443.2684129720235
                ],
                [
                    498.63025161657924,
                    424.6455763792005
                ],
                [
                    494.6090861771427,
                    406.1539845653699
                ],
                [
                    483.81758790559434,
                    390.6088147574899
                ],
                [
                    467.89866458860297,
                    380.3766781414952
                ],
                [
                    449.27582799577976,
                    377.0153247626213
                ],
                [
                    430.7842361819489,
                    381.03649020205785
                ],
                [
                    415.2390663740689,
                    391.82798847360596
                ],
                [
                    405.00692975807397,
                    407.7469117905978
                ],
                [
                    401.6455763792005,
                    426.36974838342076
                ],
                [
                    405.6667418186371,
                    444.86134019725137
                ],
                [
                    416.4582400901854,
                    460.4065100051314
                ],
                [
                    432.37716340717725,
                    470.6386466211261
                ]
            ],
            "tags": [
                "mirror ball"
            ],
            "type": "region"
        }
    ],
    "size": [
        2592,
        1728
    ]
}