{
    "objects": [
        {
            "data": [
                [
                    436.0,
                    436.0
                ],
                [
                    454.3688047535243,
                    432.34621756054185
                ],
                [
                    469.9411254969541,
                    421.9411254969543
                ],
                [
                    480.34621756054185,
                    406.3688047535243
                ],
                [
                    484.0,
                    388.0
                ],
                [
                    480.34621756054185,
                    369.6311952464757
                ],
                [
                    469.9411254969541,
                    354.0588745030457
                ],
                [
                    454.3688047535243,
                    343.65378243945815
                ],
                [
                    436.0,
                    340.0
                ],
                [
                    417.6311952464757,
                    343.65378243945815
                ],
                [
                    402.0588745030459,
                    354.0588745030457
                ],
                [
                    391.65378243945815,
                    369.6311952464757
                ],
                [
                    388.0,
                    388.0
                ],
                [
                    391.65378243945815,
                    406.3688047535243
                ],
                [
                    402.0588745030459,
                    421.9411254969543
                ],
                [
                    417.6311952464757,
                    432.34621756054185
                ]
            ],
            "tags": [
                "mirror ball"
            ],
            "type": "region"
        }
    ],
    "size": [
        2592,
        1728
    ]
}