{
    "objects": [
        {
            "data": [
                [
                    355.0,
                    461.0
                ],
                [
                    373.9542210476161,
                    456.38049332485934
                ],
                [
                    389.6978292579274,
                    444.8591592890891
                ],
                [
                    399.8340029970768,
                    428.1900165584825
                ],
                [
                    402.81960169792364,
                    408.9107910076191
                ],
                [
                    398.200095022783,
                    389.956569960003
                ],
                [
                    386.678760987013,
                    374.2129617496919
                ],
                [
                    370.00961825640616,
                    364.07678801054226
                ],
                [
                    350.7303927055427,
                    361.09118930969544
                ],
                [
                    331.7761716579266,
                    365.7106959848361
                ],
                [
                    316.0325634476153,
                    377.2320300206063
                ],
                [
                    305.8963897084659,
                    393.9011727512127
                ],
                [
                    302.9107910076191,
                    413.18039830207636
                ],
                [
                    307.53029768275974,
                    432.13461934969246
                ],
                [
                    319.05163171852973,
                    447.87822756000355
                ],
                [
                    335.72077444913657,
                    458.0144012991532
                ]
            ],
            "tags": [
                "mirror ball"
            ],
            "type": "region"
        }
    ],
    "size": [
        2592,
        1728
    ]
}