{
    "objects": [
        {
            "data": [
                [
                    405.0,
                    492.0
                ],
                [
                    423.8482404293077,
                    488.79464236007743
                ],
                [
                    440.03510672219363,
                    478.62036870064435
                ],
                [
                    451.0962952198747,
                    463.026119956329
                ],
                [
                    455.3478402435012,
                    444.38597913623653
                ],
                [
                    452.1424826035786,
                    425.5377387069286
                ],
                [
                    441.9682089441458,
                    409.35087241404267
                ],
                [
                    426.37396019983,
                    398.28968391636226
                ],
                [
                    407.7338193797377,
                    394.03813889273533
                ],
                [
                    388.88557895043004,
                    397.2434965326579
                ],
                [
                    372.6987126575441,
                    407.417770192091
                ],
                [
                    361.637524159863,
                    423.0120189364063
                ],
                [
                    357.38597913623653,
                    441.6521597564988
                ],
                [
                    360.5913367761591,
                    460.5004001858067
                ],
                [
                    370.76561043559195,
                    476.68726647869266
                ],
                [
                    386.35985917990774,
                    487.74845497637307
                ]
            ],
            "tags": [
                "mirror ball"
            ],
            "type": "region"
        }
    ],
    "size": [
        2592,
        1728
    ]
}