{
    "objects": [
        {
            "data": [
                [
                    353.0,
                    446.0
                ],
                [
                    372.30932870442984,
                    442.07542748691503
                ],
                [
                    388.6469534011121,
                    431.0602350829424
                ],
                [
                    399.5256188309145,
                    414.6313859786194
                ],
                [
                    403.2891467974955,
                    395.29002352219095
                ],
                [
                    399.36457428441054,
                    375.9806948177609
                ],
                [
                    388.34938188043816,
                    359.6430701210786
                ],
                [
                    371.9205327761151,
                    348.7644046912769
                ],
                [
                    352.57917031968645,
                    345.00087672469544
                ],
                [
                    333.2698416152566,
                    348.9254492377804
                ],
                [
                    316.93221691857434,
                    359.940641641753
                ],
                [
                    306.053551488772,
                    376.36949074607605
                ],
                [
                    302.29002352219095,
                    395.7108532025045
                ],
                [
                    306.2145960352759,
                    415.02018190693457
                ],
                [
                    317.2297884392483,
                    431.35780660361684
                ],
                [
                    333.65863754357133,
                    442.2364720334185
                ]
            ],
            "tags": [
                "mirror ball"
            ],
            "type": "region"
        }
    ],
    "size": [
        2592,
        1728
    ]
}