{
    "objects": [
        {
            "data": [
                [
                    337.0,
                    378.0
                ],
                [
                    355.81761931959636,
                    372.8522295519001
                ],
                [
                    371.2328661954534,
                    360.8951186466718
                ],
                [
                    380.89890903028345,
                    343.9490290281551
                ],
                [
                    383.3441804253807,
                    324.59384922408503
                ],
                [
                    378.19640997728084,
                    305.7762299044889
                ],
                [
                    366.23929907205184,
                    290.3609830286316
                ],
                [
                    349.29320945353584,
                    280.69494019380136
                ],
                [
                    329.93802964946553,
                    278.24966879870453
                ],
                [
                    311.1204103298692,
                    283.3974392468044
                ],
                [
                    295.7051634540121,
                    295.35455015203274
                ],
                [
                    286.0391206191821,
                    312.3006397705494
                ],
                [
                    283.5938492240848,
                    331.6558195746195
                ],
                [
                    288.7416196721847,
                    350.47343889421563
                ],
                [
                    300.6987305774137,
                    365.8886857700729
                ],
                [
                    317.64482019593015,
                    375.5547286049032
                ]
            ],
            "tags": [
                "mirror ball"
            ],
            "type": "region"
        }
    ],
    "size": [
        2592,
        1728
    ]
}