{
    "objects": [
        {
            "data": [
                [
                    412.0,
                    501.0
                ],
                [
                    431.1015137996078,
                    497.0333253212607
                ],
                [
                    447.23103075791187,
                    486.05876290923925
                ],
                [
                    457.93297813244544,
                    469.7470904065103
                ],
                [
                    461.5780814488303,
                    450.5816120859349
                ],
                [
                    457.6114067700905,
                    431.4800982863271
                ],
                [
                    446.63684435806954,
                    415.35058132802305
                ],
                [
                    430.3251718553406,
                    404.6486339534895
                ],
                [
                    411.1596935347652,
                    401.00353063710463
                ],
                [
                    392.0581797351574,
                    404.97020531584394
                ],
                [
                    375.92866277685334,
                    415.9447677278654
                ],
                [
                    365.22671540231977,
                    432.2564402305943
                ],
                [
                    361.5816120859349,
                    451.4219185511697
                ],
                [
                    365.5482867646747,
                    470.5234323507775
                ],
                [
                    376.5228491766957,
                    486.6529493090816
                ],
                [
                    392.8345216794246,
                    497.35489668361515
                ]
            ],
            "tags": [
                "mirror ball"
            ],
            "type": "region"
        }
    ],
    "size": [
        2592,
        1728
    ]
}