{
    "objects": [
        {
            "data": [
                [
                    400.0,
                    459.0
                ],
                [
                    419.24646382406445,
                    455.8100207347802
                ],
                [
                    435.8071256099497,
                    445.49756134542463
                ],
                [
                    447.1607747235262,
                    429.6326002912856
                ],
                [
                    451.5789210083376,
                    410.63043407662553
                ],
                [
                    448.3889417431178,
                    391.38397025256063
                ],
                [
                    438.07648235376246,
                    374.82330846667605
                ],
                [
                    422.2115212996232,
                    363.4696593530998
                ],
                [
                    403.20935508496314,
                    359.05151306828793
                ],
                [
                    383.9628912608987,
                    362.2414923335077
                ],
                [
                    367.4022294750134,
                    372.5539517228633
                ],
                [
                    356.04858036143696,
                    388.41891277700233
                ],
                [
                    351.63043407662553,
                    407.4210789916624
                ],
                [
                    354.8204133418453,
                    426.6675428157273
                ],
                [
                    365.13287273120113,
                    443.2282046016119
                ],
                [
                    380.99783378533994,
                    454.58185371518834
                ]
            ],
            "tags": [
                "mirror ball"
            ],
            "type": "region"
        }
    ],
    "size": [
        2592,
        1728
    ]
}