{
    "objects": [
        {
            "data": [
                [
                    443.0,
                    493.0
                ],
                [
                    461.351851204809,
                    489.26199631560735
                ],
                [
                    476.8762788364884,
                    478.78558180983555
                ],
                [
                    487.20982951740143,
                    463.16569562225436
                ],
                [
                    490.77931383024907,
                    444.78032383030177
                ],
                [
                    487.04131014585664,
                    426.42847262549253
                ],
                [
                    476.5648956400846,
                    410.9040449938134
                ],
                [
                    460.9450094525032,
                    400.57049431290056
                ],
                [
                    442.55963766055083,
                    397.0010100000527
                ],
                [
                    424.2077864557418,
                    400.7390136844451
                ],
                [
                    408.68335882406245,
                    411.21542819021715
                ],
                [
                    398.3498081431494,
                    426.83531437779834
                ],
                [
                    394.78032383030177,
                    445.22068616975093
                ],
                [
                    398.5183275146942,
                    463.57253737456017
                ],
                [
                    408.9947420204662,
                    479.0969650062393
                ],
                [
                    424.61462820804763,
                    489.43051568715236
                ]
            ],
            "tags": [
                "mirror ball"
            ],
            "type": "region"
        }
    ],
    "size": [
        2592,
        1728
    ]
}