{
    "objects": [
        {
            "data": [
                [
                    392.0,
                    464.0
                ],
                [
                    411.11714366368324,
                    460.1093502360591
                ],
                [
                    427.2901942088429,
                    449.1990443967495
                ],
                [
                    438.05695129904643,
                    432.930077643937
                ],
                [
                    441.7782737682069,
                    413.7792526871867
                ],
                [
                    437.88762400426594,
                    394.66210902350326
                ],
                [
                    426.97731816495616,
                    378.4890584783436
                ],
                [
                    410.7083514121441,
                    367.72230138813984
                ],
                [
                    391.5575264553936,
                    364.00097891897985
                ],
                [
                    372.44038279171036,
                    367.8916286829208
                ],
                [
                    356.2673322465507,
                    378.80193452223034
                ],
                [
                    345.50057515634717,
                    395.07090127504284
                ],
                [
                    341.7792526871867,
                    414.2217262317931
                ],
                [
                    345.66990245112765,
                    433.3388698954766
                ],
                [
                    356.58020829043744,
                    449.51192044063623
                ],
                [
                    372.8491750432495,
                    460.27867753084
                ]
            ],
            "tags": [
                "mirror ball"
            ],
            "type": "region"
        }
    ],
    "size": [
        2592,
        1728
    ]
}