{
    "objects": [
        {
            "data": [
                [
                    425.0,
                    476.0
                ],
                [
                    443.8741348771782,
                    471.9017828795272
                ],
                [
                    459.74324198982004,
                    460.89270524441486
                ],
                [
                    470.191393633841,
                    444.64879936707143
                ],
                [
                    473.6279534341684,
                    425.6430526659494
                ],
                [
                    469.5297363136956,
                    406.76891778877166
                ],
                [
                    458.520658678583,
                    390.8998106761294
                ],
                [
                    442.27675280124004,
                    380.45165903210864
                ],
                [
                    423.27100610011803,
                    377.0150992317808
                ],
                [
                    404.3968712229398,
                    381.1133163522536
                ],
                [
                    388.527764110298,
                    392.12239398736597
                ],
                [
                    378.079612466277,
                    408.3662998647094
                ],
                [
                    374.64305266594965,
                    427.3720465658314
                ],
                [
                    378.74126978642244,
                    446.24618144300916
                ],
                [
                    389.750347421535,
                    462.11528855565143
                ],
                [
                    405.994253298878,
                    472.5634401996722
                ]
            ],
            "tags": [
                "mirror ball"
            ],
            "type": "region"
        }
    ],
    "size": [
        2592,
        1728
    ]
}