{
    "objects": [
        {
            "data": [
                [
                    404.0,
                    502.0
                ],
                [
                    423.13417161825464,
                    498.19397662556435
                ],
                [
                    439.35533905932743,
                    487.35533905932743
                ],
                [
                    450.1939766255641,
                    471.1341716182544
                ],
                [
                    454.0,
                    452.0
                ],
                [
                    450.1939766255641,
                    432.8658283817456
                ],
                [
                    439.35533905932743,
                    416.64466094067257
                ],
                [
                    423.13417161825464,
                    405.80602337443565
                ],
                [
                    404.0,
                    402.0
                ],
                [
                    384.86582838174536,
                    405.80602337443565
                ],
                [
                    368.64466094067257,
                    416.64466094067257
                ],
                [
                    357.8060233744359,
                    432.8658283817456
                ],
                [
                    354.0,
                    452.0
                ],
                [
                    357.8060233744359,
                    471.1341716182544
                ],
                [
                    368.64466094067257,
                    487.35533905932743
                ],
                [
                    384.86582838174536,
                    498.19397662556435
                ]
            ],
            "tags": [
                "mirror ball"
            ],
            "type": "region"
        }
    ],
    "size": [
        2592,
        1728
    ]
}