{
    "objects": [
        {
            "data": [
                [
                    476.0,
                    494.0
                ],
                [
                    495.06509693490943,
                    489.86183418576957
                ],
                [
                    511.09534228093116,
                    478.7427707544398
                ],
                [
                    521.6502764986676,
                    462.3355863188699
                ],
                [
                    525.123006534187,
                    443.1381259778775
                ],
                [
                    520.9848407199565,
                    424.07302904296785
                ],
                [
                    509.86577728862676,
                    408.0427836969466
                ],
                [
                    493.4585928530564,
                    397.4878494792097
                ],
                [
                    474.26113251206425,
                    394.01511944369076
                ],
                [
                    455.1960355771548,
                    398.1532852579212
                ],
                [
                    439.1657902311331,
                    409.272348689251
                ],
                [
                    428.61085601339664,
                    425.67953312482086
                ],
                [
                    425.1381259778773,
                    444.87699346581326
                ],
                [
                    429.2762917921077,
                    463.9420904007229
                ],
                [
                    440.39535522343795,
                    479.9723357467442
                ],
                [
                    456.80253965900783,
                    490.5272699644811
                ]
            ],
            "tags": [
                "mirror ball"
            ],
            "type": "region"
        }
    ],
    "size": [
        2592,
        1728
    ]
}