{
    "objects": [
        {
            "data": [
                [
                    393.0,
                    514.0
                ],
                [
                    411.79190686489983,
                    509.53988931646654
                ],
                [
                    427.4465545291364,
                    498.22793292347
                ],
                [
                    437.5806647955642,
                    481.7862736387042
                ],
                [
                    440.6514112420573,
                    462.7180050442621
                ],
                [
                    436.19130055852384,
                    443.92609817936227
                ],
                [
                    424.8793441655275,
                    428.27145051512593
                ],
                [
                    408.4376848807615,
                    418.13734024869837
                ],
                [
                    389.3694162863194,
                    415.0665938022048
                ],
                [
                    370.57750942141956,
                    419.52670448573826
                ],
                [
                    354.922861757183,
                    430.8386608787348
                ],
                [
                    344.7887514907552,
                    447.2803201635006
                ],
                [
                    341.7180050442621,
                    466.3485887579427
                ],
                [
                    346.17811572779556,
                    485.14049562284254
                ],
                [
                    357.49007212079187,
                    500.7951432870789
                ],
                [
                    373.9317314055579,
                    510.92925355350644
                ]
            ],
            "tags": [
                "mirror ball"
            ],
            "type": "region"
        }
    ],
    "size": [
        2592,
        1728
    ]
}