{
    "objects": [
        {
            "data": [
                [
                    420.0,
                    522.0
                ],
                [
                    438.68254619954814,
                    517.9388483920748
                ],
                [
                    454.38883281183143,
                    507.03733263812524
                ],
                [
                    464.7277200779722,
                    490.95510968920325
                ],
                [
                    468.12520613394736,
                    472.1405522035684
                ],
                [
                    464.0640545260226,
                    453.45800600402026
                ],
                [
                    453.1625387720728,
                    437.7517193917372
                ],
                [
                    437.0803158231506,
                    427.4128321255962
                ],
                [
                    418.26575833751576,
                    424.01534606962105
                ],
                [
                    399.5832121379676,
                    428.0764976775463
                ],
                [
                    383.8769255256843,
                    438.9780134314958
                ],
                [
                    373.53803825954355,
                    455.0602363804178
                ],
                [
                    370.1405522035684,
                    473.87479386605264
                ],
                [
                    374.2017038114932,
                    492.5573400656008
                ],
                [
                    385.1032195654434,
                    508.26362667788385
                ],
                [
                    401.18544251436515,
                    518.6025139440248
                ]
            ],
            "tags": [
                "mirror ball"
            ],
            "type": "region"
        }
    ],
    "size": [
        2592,
        1728
    ]
}