{
    "objects": [
        {
            "data": [
                [
                    425.0,
                    477.0
                ],
                [
                    444.0298539612354,
                    472.7026757560509
                ],
                [
                    459.9666317510387,
                    461.4500560112099
                ],
                [
                    470.3841034181637,
                    444.9552501163771
                ],
                [
                    473.6963033359066,
                    425.729442743253
                ],
                [
                    469.39897909195724,
                    406.69958878201805
                ],
                [
                    458.1463593471167,
                    390.7628109922141
                ],
                [
                    441.6515534522837,
                    380.34533932508907
                ],
                [
                    422.4257460791596,
                    377.0331394073464
                ],
                [
                    403.3958921179242,
                    381.33046365129553
                ],
                [
                    387.4591143281209,
                    392.58308339613654
                ],
                [
                    377.0416426609959,
                    409.0778892909693
                ],
                [
                    373.729442743253,
                    428.3036966640934
                ],
                [
                    378.02676698720234,
                    447.33355062532837
                ],
                [
                    389.2793867320429,
                    463.2703284151323
                ],
                [
                    405.77419262687636,
                    473.68780008225735
                ]
            ],
            "tags": [
                "mirror ball"
            ],
            "type": "region"
        }
    ],
    "size": [
        2592,
        1728
    ]
}