{
    "objects": [
        {
            "data": [
                [
                    342.0,
                    415.0
                ],
                [
                    361.79393133912845,
                    410.54356977830525
                ],
                [
                    378.3757373579492,
                    398.85155552356014
                ],
                [
                    389.22098840454237,
                    381.7039604176766
                ],
                [
                    392.6785933195106,
                    361.71135037218846
                ],
                [
                    388.2221630978156,
                    341.91741903306
                ],
                [
                    376.5301488430705,
                    325.33561301423947
                ],
                [
                    359.3825537371872,
                    314.49036196764587
                ],
                [
                    339.38994369169905,
                    311.0327570526779
                ],
                [
                    319.5960123525706,
                    315.4891872743726
                ],
                [
                    303.0142063337498,
                    327.18120152911774
                ],
                [
                    292.1689552871567,
                    344.32879663500125
                ],
                [
                    288.71135037218846,
                    364.3214066804894
                ],
                [
                    293.16778059388344,
                    384.11533801961787
                ],
                [
                    304.85979484862855,
                    400.6971440384384
                ],
                [
                    322.00738995451184,
                    411.542395085032
                ]
            ],
            "tags": [
                "mirror ball"
            ],
            "type": "region"
        }
    ],
    "size": [
        2592,
        1728
    ]
}