{
    "objects": [
        {
            "data": [
                [
                    308.0,
                    358.0
                ],
                [
                    327.2737336406308,
                    353.90419287853865
                ],
                [
                    343.5129441387371,
                    342.7444219658196
                ],
                [
                    354.24535890479274,
                    326.21966121972923
                ],
                [
                    357.83706508024716,
                    306.8456556665303
                ],
                [
                    353.74125795878626,
                    287.5719220259
                ],
                [
                    342.5814870460672,
                    271.33271152779344
                ],
                [
                    326.0567262999766,
                    260.6002967617378
                ],
                [
                    306.6827207467777,
                    257.00859058628293
                ],
                [
                    287.4089871061469,
                    261.1043977077443
                ],
                [
                    271.1697766080406,
                    272.26416862046324
                ],
                [
                    260.43736184198497,
                    288.7889293665537
                ],
                [
                    256.84565566653055,
                    308.1629349197526
                ],
                [
                    260.94146278799144,
                    327.43666856038294
                ],
                [
                    272.1012337007105,
                    343.6758790584895
                ],
                [
                    288.62599444680154,
                    354.4082938245451
                ]
            ],
            "tags": [
                "mirror ball"
            ],
            "type": "region"
        }
    ],
    "size": [
        2592,
        1728
    ]
}