{
    "objects": [
        {
            "data": [
                [
                    472.0,
                    512.0
                ],
                [
                    490.6098334651015,
                    507.61769657805644
                ],
                [
                    506.1260427917782,
                    496.44730119510086
                ],
                [
                    516.1864257648308,
                    480.18940528830194
                ],
                [
                    519.2593802742113,
                    461.3191261312761
                ],
                [
                    514.8770768522677,
                    442.7092926661744
                ],
                [
                    503.7066814693121,
                    427.19308333949766
                ],
                [
                    487.44878556251297,
                    417.1327003664451
                ],
                [
                    468.57850640548713,
                    414.0597458570651
                ],
                [
                    449.96867294038566,
                    418.44204927900864
                ],
                [
                    434.4524636137089,
                    429.6124446619642
                ],
                [
                    424.39208064065633,
                    445.87034056876314
                ],
                [
                    421.3191261312759,
                    464.740619725789
                ],
                [
                    425.70142955321944,
                    483.3504531908909
                ],
                [
                    436.871824936175,
                    498.8666625175674
                ],
                [
                    453.12972084297417,
                    508.92704549062
                ]
            ],
            "tags": [
                "mirror ball"
            ],
            "type": "region"
        }
    ],
    "size": [
        2592,
        1728
    ]
}