{
    "objects": [
        {
            "data": [
                [
                    368.0,
                    474.0
                ],
                [
                    386.5913074871314,
                    469.5397566434408
                ],
                [
                    402.0605747202444,
                    458.30444373496607
                ],
                [
                    412.0527459923542,
                    442.00453581652596
                ],
                [
                    415.0466038065397,
                    423.1215461096697
                ],
                [
                    410.58636044998093,
                    404.53023862253826
                ],
                [
                    399.351047541506,
                    389.0609713894253
                ],
                [
                    383.05113962306586,
                    379.06880011731573
                ],
                [
                    364.1681499162096,
                    376.0749423031298
                ],
                [
                    345.57684242907817,
                    380.535185659689
                ],
                [
                    330.1075751959652,
                    391.7704985681637
                ],
                [
                    320.1154039238554,
                    408.0704064866038
                ],
                [
                    317.1215461096699,
                    426.9533961934601
                ],
                [
                    321.58178946622866,
                    445.5447036805915
                ],
                [
                    332.8171023747036,
                    461.0139709137045
                ],
                [
                    349.1170102931437,
                    471.00614218581404
                ]
            ],
            "tags": [
                "mirror ball"
            ],
            "type": "region"
        }
    ],
    "size": [
        2592,
        1728
    ]
}