{
    "objects": [
        {
            "data": [
                [
                    470.0,
                    500.0
                ],
                [
                    489.08220538384194,
                    495.94145652574116
                ],
                [
                    505.15872702601746,
                    484.8894074246816
                ],
                [
                    515.7820602405372,
                    468.526426985384
                ],
                [
                    519.3348988462462,
                    449.3436306489434
                ],
                [
                    515.2763553719869,
                    430.2614252651017
                ],
                [
                    504.2243062709281,
                    414.1849036229262
                ],
                [
                    487.86132583163,
                    403.56157040840617
                ],
                [
                    468.67852949518965,
                    400.0087318026972
                ],
                [
                    449.5963241113477,
                    404.067275276956
                ],
                [
                    433.5198024691722,
                    415.11932437801556
                ],
                [
                    422.8964692546524,
                    431.4823048173132
                ],
                [
                    419.3436306489434,
                    450.66510115375377
                ],
                [
                    423.4021741232027,
                    469.7473065375955
                ],
                [
                    434.45422322426157,
                    485.823828179771
                ],
                [
                    450.81720366355967,
                    496.447161394291
                ]
            ],
            "tags": [
                "mirror ball"
            ],
            "type": "region"
        }
    ],
    "size": [
        2592,
        1728
    ]
}