{
    "objects": [
        {
            "data": [
                [
                    424.0,
                    489.0
                ],
                [
                    443.72469990220225,
                    485.16369532467274
                ],
                [
                    460.47985618602206,
                    474.07109609371446
                ],
                [
                    471.7146481931172,
                    457.41094998537596
                ],
                [
                    475.7186806840509,
                    437.7196132200513
                ],
                [
                    471.8823760087239,
                    417.99491331784907
                ],
                [
                    460.7897767777654,
                    401.2397570340295
                ],
                [
                    444.1296306694271,
                    390.0049650269341
                ],
                [
                    424.43829390410247,
                    386.00093253600016
                ],
                [
                    404.7135940019002,
                    389.8372372113274
                ],
                [
                    387.9584377180804,
                    400.9298364422857
                ],
                [
                    376.72364571098524,
                    417.5899825506242
                ],
                [
                    372.71961322005154,
                    437.28131931594885
                ],
                [
                    376.55591789537857,
                    457.0060192181511
                ],
                [
                    387.6485171263371,
                    473.7611755019707
                ],
                [
                    404.30866323467535,
                    484.9959675090661
                ]
            ],
            "tags": [
                "mirror ball"
            ],
            "type": "region"
        }
    ],
    "size": [
        2592,
        1728
    ]
}