{
    "objects": [
        {
            "data": [
                [
                    474.0,
                    527.0
                ],
                [
                    493.09861700772444,
                    523.0194013219339
                ],
                [
                    509.2201291954425,
                    512.0330833661849
                ],
                [
                    519.9101824744471,
                    495.71361345029527
                ],
                [
                    523.5413131385822,
                    476.5454829325963
                ],
                [
                    519.560714460516,
                    457.4468659248719
                ],
                [
                    508.5743965047668,
                    441.3253537371536
                ],
                [
                    492.2549265888774,
                    430.6353004581497
                ],
                [
                    473.08679607117847,
                    427.00416979401416
                ],
                [
                    453.988179063454,
                    430.9847684720803
                ],
                [
                    437.866666875736,
                    441.9710864278293
                ],
                [
                    427.1766135967314,
                    458.2905563437189
                ],
                [
                    423.5454829325963,
                    477.45868686141785
                ],
                [
                    427.52608161066246,
                    496.5573038691423
                ],
                [
                    438.51239956641166,
                    512.6788160568606
                ],
                [
                    454.8318694823015,
                    523.3688693358645
                ]
            ],
            "tags": [
                "mirror ball"
            ],
            "type": "region"
        }
    ],
    "size": [
        2592,
        1728
    ]
}