{
    "objects": [
        {
            "data": [
                [
                    417.0,
                    498.0
                ],
                [
                    435.49062554416923,
                    493.97439367474226
                ],
                [
                    451.03320318185797,
                    483.179162335068
                ],
                [
                    461.2615163615442,
                    467.2577820934273
                ],
                [
                    464.6183971215105,
                    448.6341387639384
                ],
                [
                    460.59279079625276,
                    430.1435132197687
                ],
                [
                    449.7975594565787,
                    414.6009355820804
                ],
                [
                    433.876179214938,
                    404.3726224023944
                ],
                [
                    415.2525358854491,
                    401.01574164242766
                ],
                [
                    396.7619103412799,
                    405.0413479676854
                ],
                [
                    381.21933270359114,
                    415.83657930735967
                ],
                [
                    370.9910195239049,
                    431.75795954900036
                ],
                [
                    367.6341387639386,
                    450.3816028784893
                ],
                [
                    371.65974508919635,
                    468.87222842265896
                ],
                [
                    382.4549764288704,
                    484.41480606034725
                ],
                [
                    398.3763566705111,
                    494.64311924003323
                ]
            ],
            "tags": [
                "mirror ball"
            ],
            "type": "region"
        }
    ],
    "size": [
        2592,
        1728
    ]
}