{
    "objects": [
        {
            "data": [
                [
                    397.0,
                    516.0
                ],
                [
                    416.2459963778656,
                    512.8072017184386
                ],
                [
                    432.80514750892553,
                    502.4923167814991
                ],
                [
                    444.156472742553,
                    486.6256929161659
                ],
                [
                    448.57183571194946,
                    467.6228797746319
                ],
                [
                    445.37903743038805,
                    448.37688339676606
                ],
                [
                    435.06415249344855,
                    431.8177322657066
                ],
                [
                    419.1975286281149,
                    420.4664070320787
                ],
                [
                    400.1947154865811,
                    416.05104406268265
                ],
                [
                    380.9487191087155,
                    419.24384234424406
                ],
                [
                    364.3895679776556,
                    429.55872728118356
                ],
                [
                    353.03824274402814,
                    445.42535114651673
                ],
                [
                    348.62287977463166,
                    464.42816428805077
                ],
                [
                    351.81567805619306,
                    483.6741606659166
                ],
                [
                    362.130562993133,
                    500.23331179697607
                ],
                [
                    377.9971868584662,
                    511.584637030604
                ]
            ],
            "tags": [
                "mirror ball"
            ],
            "type": "region"
        }
    ],
    "size": [
        2592,
        1728
    ]
}