{
    "objects": [
        {
            "data": [
                [
                    391.0,
                    470.0
                ],
                [
                    410.0060098421186,
                    466.56489580802327
                ],
                [
                    426.2507158672429,
                    456.117988271066
                ],
                [
                    437.2610088416741,
                    440.24972436017674
                ],
                [
                    441.3606714686093,
                    421.3759034096181
                ],
                [
                    437.92556727663305,
                    402.3698935674995
                ],
                [
                    427.47865973967555,
                    386.12518754237567
                ],
                [
                    411.6103958287863,
                    375.11489456794425
                ],
                [
                    392.73657487822766,
                    371.01523194100855
                ],
                [
                    373.73056503610906,
                    374.4503361329853
                ],
                [
                    357.48585901098477,
                    384.89724366994255
                ],
                [
                    346.4755660365536,
                    400.7655075808318
                ],
                [
                    342.37590340961833,
                    419.63932853139045
                ],
                [
                    345.8110076015946,
                    438.64533837350905
                ],
                [
                    356.2579151385521,
                    454.8900443986329
                ],
                [
                    372.12617904944136,
                    465.9003373730643
                ]
            ],
            "tags": [
                "mirror ball"
            ],
            "type": "region"
        }
    ],
    "size": [
        2592,
        1728
    ]
}