{
    "objects": [
        {
            "data": [
                [
                    409.0,
                    546.0
                ],
                [
                    427.628196243179,
                    541.6964213024019
                ],
                [
                    443.191497212405,
                    530.5917309500292
                ],
                [
                    453.320531416789,
                    514.3765173847619
                ],
                [
                    456.4732452186363,
                    495.5193998806351
                ],
                [
                    452.1696665210384,
                    476.89120363745633
                ],
                [
                    441.06497616866545,
                    461.32790266822985
                ],
                [
                    424.8497626033982,
                    451.1988684638461
                ],
                [
                    405.9926450992716,
                    448.04615466199857
                ],
                [
                    387.3644488560926,
                    452.3497333595967
                ],
                [
                    371.8011478868666,
                    463.4544237119694
                ],
                [
                    361.67211368248263,
                    479.6696372772367
                ],
                [
                    358.5193998806353,
                    498.5267547813635
                ],
                [
                    362.82297857823323,
                    517.1549510245422
                ],
                [
                    373.92766893060616,
                    532.7182519937687
                ],
                [
                    390.14288249587344,
                    542.8472861981525
                ]
            ],
            "tags": [
                "mirror ball"
            ],
            "type": "region"
        }
    ],
    "size": [
        2592,
        1728
    ]
}