{
    "objects": [
        {
            "data": [
                [
                    461.0,
                    511.0
                ],
                [
                    479.6709011445132,
                    506.0577534075842
                ],
                [
                    495.02924867589036,
                    494.34666840089585
                ],
                [
                    504.7368734062461,
                    477.6496515109534
                ],
                [
                    507.3158774702215,
                    458.5086722004155
                ],
                [
                    502.3736308778057,
                    439.83777105590207
                ],
                [
                    490.66254587111735,
                    424.4794235245249
                ],
                [
                    473.9655289811749,
                    414.7717987941692
                ],
                [
                    454.82454967063677,
                    412.19279473019424
                ],
                [
                    436.15364852612356,
                    417.13504132261005
                ],
                [
                    420.7953009947464,
                    428.8461263292984
                ],
                [
                    411.08767626439067,
                    445.54314321924085
                ],
                [
                    408.5086722004153,
                    464.68412252977873
                ],
                [
                    413.4509187928311,
                    483.35502367429217
                ],
                [
                    425.1620037995194,
                    498.7133712056693
                ],
                [
                    441.8590206894619,
                    508.42099593602507
                ]
            ],
            "tags": [
                "mirror ball"
            ],
            "type": "region"
        }
    ],
    "size": [
        2592,
        1728
    ]
}