{
    "objects": [
        {
            "data": [
                [
                    448.0,
                    445.0
                ],
                [
                    466.8356549534019,
                    440.72841324507795
                ],
                [
                    482.6028655652758,
                    429.5738885824469
                ],
                [
                    492.9012169500843,
                    413.23460127597446
                ],
                [
                    496.16287846427804,
                    394.1980597020629
                ],
                [
                    491.8912917093562,
                    375.362404748661
                ],
                [
                    480.73676704672516,
                    359.59519413678686
                ],
                [
                    464.3974797402525,
                    349.2968427519784
                ],
                [
                    445.36093816634093,
                    346.03518123778485
                ],
                [
                    426.52528321293903,
                    350.3067679927069
                ],
                [
                    410.7580726010651,
                    361.46129265533796
                ],
                [
                    400.45972121625664,
                    377.8005799618104
                ],
                [
                    397.1980597020629,
                    396.83712153572196
                ],
                [
                    401.4696464569847,
                    415.67277648912386
                ],
                [
                    412.62417111961577,
                    431.439987100998
                ],
                [
                    428.96345842608844,
                    441.7383384858065
                ]
            ],
            "tags": [
                "mirror ball"
            ],
            "type": "region"
        }
    ],
    "size": [
        2592,
        1728
    ]
}