{
    "objects": [
        {
            "data": [
                [
                    365.0,
                    457.0
                ],
                [
                    384.1774283483137,
                    452.4746617395531
                ],
                [
                    400.16328990740203,
                    440.95491023876775
                ],
                [
                    410.52388216708914,
                    424.19452323683095
                ],
                [
                    413.68189887484095,
                    404.74511772150095
                ],
                [
                    409.15656061439404,
                    385.5676893731868
                ],
                [
                    397.63680911360825,
                    369.5818278140987
                ],
                [
                    380.8764221116717,
                    359.2212355544116
                ],
                [
                    361.4270165963417,
                    356.0632188466602
                ],
                [
                    342.249588248028,
                    360.58855710710714
                ],
                [
                    326.26372668893964,
                    372.10830860789247
                ],
                [
                    315.90313442925253,
                    388.8686956098293
                ],
                [
                    312.7451177215007,
                    408.3181011251593
                ],
                [
                    317.27045598194763,
                    427.4955294734734
                ],
                [
                    328.7902074827334,
                    443.48139103256153
                ],
                [
                    345.55059448467,
                    453.84198329224864
                ]
            ],
            "tags": [
                "mirror ball"
            ],
            "type": "region"
        }
    ],
    "size": [
        2592,
        1728
    ]
}