{
    "objects": [
        {
            "data": [
                [
                    379.0,
                    370.0
                ],
                [
                    399.62898339000185,
                    366.8067789875804
                ],
                [
                    417.4656861432072,
                    355.96225728153286
                ],
                [
                    429.79463195555354,
                    339.11741500576863
                ],
                [
                    434.73885058928226,
                    318.83672669789735
                ],
                [
                    431.5456295768631,
                    298.20774330789527
                ],
                [
                    420.7011078708151,
                    280.3710405546899
                ],
                [
                    403.8562655950509,
                    268.0420947423439
                ],
                [
                    383.57557728717984,
                    263.09787610861486
                ],
                [
                    362.946593897178,
                    266.29109712103434
                ],
                [
                    345.1098911439726,
                    277.135618827082
                ],
                [
                    332.7809453316263,
                    293.9804611028462
                ],
                [
                    327.8367266978976,
                    314.2611494107175
                ],
                [
                    331.0299477103167,
                    334.8901328007196
                ],
                [
                    341.8744694163647,
                    352.72683555392496
                ],
                [
                    358.71931169212894,
                    365.05578136627105
                ]
            ],
            "tags": [
                "mirror ball"
            ],
            "type": "region"
        }
    ],
    "size": [
        2592,
        1728
    ]
}