{
    "objects": [
        {
            "data": [
                [
                    455.0,
                    489.0
                ],
                [
                    473.6423038289463,
                    484.7579494545628
                ],
                [
                    489.24218431237296,
                    473.7047049633011
                ],
                [
                    499.4247010599465,
                    457.52302280209824
                ],
                [
                    502.63965820159274,
                    438.67641739268356
                ],
                [
                    498.39760765615574,
                    420.03411356373704
                ],
                [
                    487.34436316489337,
                    404.4342330803106
                ],
                [
                    471.162681003691,
                    394.25171633273726
                ],
                [
                    452.3160755942763,
                    391.0367591910908
                ],
                [
                    433.67377176533,
                    395.27880973652805
                ],
                [
                    418.07389128190334,
                    406.33205422778974
                ],
                [
                    407.89137453432977,
                    422.5137363889926
                ],
                [
                    404.67641739268356,
                    441.36034179840726
                ],
                [
                    408.91846793812056,
                    460.002645627354
                ],
                [
                    419.97171242938293,
                    475.6025261107802
                ],
                [
                    436.1533945905853,
                    485.78504285835356
                ]
            ],
            "tags": [
                "mirror ball"
            ],
            "type": "region"
        }
    ],
    "size": [
        2592,
        1728
    ]
}