{
    "objects": [
        {
            "data": [
                [
                    378.0,
                    383.0
                ],
                [
                    397.96178533114653,
                    377.5988970807057
                ],
                [
                    414.33715762726433,
                    364.9698841139243
                ],
                [
                    424.63311489938906,
                    347.0356138415609
                ],
                [
                    427.282190985924,
                    326.5264163380177
                ],
                [
                    421.8810880666301,
                    306.56463100687097
                ],
                [
                    409.25207509984875,
                    290.18925871075317
                ],
                [
                    391.3178048274849,
                    279.8933014386289
                ],
                [
                    370.80860732394194,
                    277.2442253520935
                ],
                [
                    350.8468219927954,
                    282.6453282713878
                ],
                [
                    334.4714496966776,
                    295.2743412381692
                ],
                [
                    324.1754924245529,
                    313.2086115105326
                ],
                [
                    321.52641633801795,
                    333.7178090140758
                ],
                [
                    326.9275192573118,
                    353.67959434522254
                ],
                [
                    339.5565322240932,
                    370.05496664134034
                ],
                [
                    357.49080249645704,
                    380.3509239134646
                ]
            ],
            "tags": [
                "mirror ball"
            ],
            "type": "region"
        }
    ],
    "size": [
        2592,
        1728
    ]
}