{
    "objects": [
        {
            "data": [
                [
                    417.0,
                    493.0
                ],
                [
                    436.43138687505643,
                    488.71049233732265
                ],
                [
                    452.74212398171994,
                    477.3114341782641
                ],
                [
                    463.4490494527008,
                    460.53822879482163
                ],
                [
                    466.9221309435634,
                    440.9444446571388
                ],
                [
                    462.63262328088604,
                    421.5130577820821
                ],
                [
                    451.2335651218277,
                    405.20232067541906
                ],
                [
                    434.46035973838525,
                    394.49539520443795
                ],
                [
                    414.86657560070216,
                    391.0223137135754
                ],
                [
                    395.43518872564573,
                    395.31182137625274
                ],
                [
                    379.1244516189822,
                    406.7108795353113
                ],
                [
                    368.41752614800134,
                    423.48408491875375
                ],
                [
                    364.9444446571388,
                    443.0778690564366
                ],
                [
                    369.2339523198161,
                    462.50925593149327
                ],
                [
                    380.63301047887444,
                    478.81999303815655
                ],
                [
                    397.4062158623169,
                    489.52691850913743
                ]
            ],
            "tags": [
                "mirror ball"
            ],
            "type": "region"
        }
    ],
    "size": [
        2592,
        1728
    ]
}