{
    "objects": [
        {
            "data": [
                [
                    449.0,
                    535.0
                ],
                [
                    467.75314549036466,
                    530.37962283513
                ],
                [
                    483.31065098684576,
                    518.9344328561294
                ],
                [
                    493.3040273067413,
                    502.40685648639555
                ],
                [
                    496.2118734955302,
                    483.3130674053675
                ],
                [
                    491.59149633066,
                    464.55992191500263
                ],
                [
                    480.1463063516594,
                    449.0024164185222
                ],
                [
                    463.61872998192575,
                    439.0090400986262
                ],
                [
                    444.5249409008975,
                    436.10119390983755
                ],
                [
                    425.77179541053283,
                    440.7215710747075
                ],
                [
                    410.21428991405173,
                    452.1667610537081
                ],
                [
                    400.2209135941562,
                    468.694337423442
                ],
                [
                    397.3130674053673,
                    487.78812650447003
                ],
                [
                    401.9334445702375,
                    506.5412719948349
                ],
                [
                    413.3786345492381,
                    522.0987774913153
                ],
                [
                    429.90621091897174,
                    532.0921538112113
                ]
            ],
            "tags": [
                "mirror ball"
            ],
            "type": "region"
        }
    ],
    "size": [
        2592,
        1728
    ]
}