{
    "objects": [
        {
            "data": [
                [
                    424.0,
                    519.0
                ],
                [
                    442.39036275784565,
                    514.5386888770779
                ],
                [
                    457.67357265190776,
                    503.37928769983387
                ],
                [
                    467.5228995184598,
                    487.22071413727963
                ],
                [
                    470.4388726264383,
                    468.52296453648023
                ],
                [
                    465.977561503516,
                    450.13260177863503
                ],
                [
                    454.8181603262724,
                    434.84939188457224
                ],
                [
                    438.6595867637179,
                    425.0000650180207
                ],
                [
                    419.9618371629185,
                    422.08409191004193
                ],
                [
                    401.5714744050729,
                    426.54540303296403
                ],
                [
                    386.28826451101077,
                    437.70480421020807
                ],
                [
                    376.43893764445875,
                    453.8633777727623
                ],
                [
                    373.52296453648023,
                    472.5611273735617
                ],
                [
                    377.98427565940256,
                    490.9514901314069
                ],
                [
                    389.14367683664614,
                    506.2347000254697
                ],
                [
                    405.3022503992006,
                    516.0840268920213
                ]
            ],
            "tags": [
                "mirror ball"
            ],
            "type": "region"
        }
    ],
    "size": [
        2592,
        1728
    ]
}