{
    "objects": [
        {
            "data": [
                [
                    420.0,
                    498.0
                ],
                [
                    438.7177472728267,
                    494.1043072616826
                ],
                [
                    454.5198738043714,
                    483.3421847032903
                ],
                [
                    465.0006490768401,
                    467.352067925455
                ],
                [
                    468.56447006346343,
                    448.5683072568322
                ],
                [
                    464.66877732514604,
                    429.85055998400526
                ],
                [
                    453.90665476675395,
                    414.0484334524606
                ],
                [
                    437.91653798891866,
                    403.5676581799921
                ],
                [
                    419.13277732029565,
                    400.0038371933688
                ],
                [
                    400.4150300474689,
                    403.8995299316862
                ],
                [
                    384.61290351592424,
                    414.6616524900785
                ],
                [
                    374.13212824345555,
                    430.6517692679138
                ],
                [
                    370.5683072568322,
                    449.43552993653657
                ],
                [
                    374.4639999951496,
                    468.1532772093635
                ],
                [
                    385.2261225535417,
                    483.9554037409082
                ],
                [
                    401.216239331377,
                    494.43617901337666
                ]
            ],
            "tags": [
                "mirror ball"
            ],
            "type": "region"
        }
    ],
    "size": [
        2592,
        1728
    ]
}