{
    "objects": [
        {
            "data": [
                [
                    433.0,
                    476.0
                ],
                [
                    451.7000113626982,
                    471.16906572561766
                ],
                [
                    467.12785060877286,
                    459.54967989306533
                ],
                [
                    476.9347690667196,
                    442.9107886653537
                ],
                [
                    479.6277523012541,
                    423.78551239997773
                ],
                [
                    474.7968180268722,
                    405.08550103727976
                ],
                [
                    463.1774321943194,
                    389.6576617912051
                ],
                [
                    446.5385409666078,
                    379.8507433332579
                ],
                [
                    427.41326470123204,
                    377.15776009872343
                ],
                [
                    408.71325333853383,
                    381.9886943731058
                ],
                [
                    393.2854140924592,
                    393.6080802056581
                ],
                [
                    383.47849563451246,
                    410.2469714333695
                ],
                [
                    380.78551239997796,
                    429.3722476987457
                ],
                [
                    385.61644667435985,
                    448.0722590614437
                ],
                [
                    397.23583250691263,
                    463.50009830751833
                ],
                [
                    413.87472373462424,
                    473.3070167654655
                ]
            ],
            "tags": [
                "mirror ball"
            ],
            "type": "region"
        }
    ],
    "size": [
        2592,
        1728
    ]
}