{
    "objects": [
        {
            "data": [
                [
                    453.0,
                    479.0
                ],
                [
                    471.6084854024102,
                    474.6119758536363
                ],
                [
                    487.12126005510163,
                    463.4368110917353
                ],
                [
                    497.1766446408528,
                    447.1758232461757
                ],
                [
                    500.24379800877205,
                    428.3046003102222
                ],
                [
                    495.85577386240857,
                    409.69611490781153
                ],
                [
                    484.68060910050735,
                    394.18334025512104
                ],
                [
                    468.41962125494774,
                    384.1279556693696
                ],
                [
                    449.54839831899426,
                    381.06080230145017
                ],
                [
                    430.93991291658403,
                    385.4488264478139
                ],
                [
                    415.42713826389263,
                    396.62399120971463
                ],
                [
                    405.37175367814143,
                    412.88497905527447
                ],
                [
                    402.3046003102222,
                    431.75620199122795
                ],
                [
                    406.6926244565857,
                    450.36468739363863
                ],
                [
                    417.8677892184869,
                    465.87746204632936
                ],
                [
                    434.1287770640465,
                    475.93284663208055
                ]
            ],
            "tags": [
                "mirror ball"
            ],
            "type": "region"
        }
    ],
    "size": [
        2592,
        1728
    ]
}