{
    "objects": [
        {
            "data": [
                [
                    358.0,
                    402.0
                ],
                [
                    377.9883459166276,
                    397.51891703393403
                ],
                [
                    394.74033338758863,
                    385.7297273754248
                ],
                [
                    405.70562417757355,
                    368.42722828070987
                ],
                [
                    409.2148521644158,
                    348.2455683894152
                ],
                [
                    404.73376919834936,
                    328.2572224727876
                ],
                [
                    392.9445795398401,
                    311.5052350018268
                ],
                [
                    375.64208044512543,
                    300.5399442118419
                ],
                [
                    355.4604205538308,
                    297.03071622499965
                ],
                [
                    335.47207463720315,
                    301.5117991910656
                ],
                [
                    318.72008716624214,
                    313.3009888495749
                ],
                [
                    307.7547963762572,
                    330.6034879442898
                ],
                [
                    304.245568389415,
                    350.78514783558444
                ],
                [
                    308.7266513554814,
                    370.77349375221206
                ],
                [
                    320.51584101399067,
                    387.52548122317285
                ],
                [
                    337.81834010870534,
                    398.49077201315777
                ]
            ],
            "tags": [
                "mirror ball"
            ],
            "type": "region"
        }
    ],
    "size": [
        2592,
        1728
    ]
}