{
    "objects": [
        {
            "data": [
                [
                    330.0,
                    512.0
                ],
                [
                    349.50590856998315,
                    506.4161823956704
                ],
                [
                    365.3901837743015,
                    493.79281955479337
                ],
                [
                    375.2345887044112,
                    476.0517040388231
                ],
                [
                    377.5404019494554,
                    455.8937598614539
                ],
                [
                    371.9565843451255,
                    436.3878512914707
                ],
                [
                    359.3332215042483,
                    420.5035760871524
                ],
                [
                    341.5921059882785,
                    410.6591711570429
                ],
                [
                    321.43416181090925,
                    408.3533579119985
                ],
                [
                    301.9282532409261,
                    413.9371755163281
                ],
                [
                    286.04397803660777,
                    426.56053835720513
                ],
                [
                    276.19957310649806,
                    444.3016538731754
                ],
                [
                    273.8937598614539,
                    464.4595980505446
                ],
                [
                    279.4775774657837,
                    483.9655066205278
                ],
                [
                    292.10094030666096,
                    499.8497818248461
                ],
                [
                    309.84205582263075,
                    509.6941867549556
                ]
            ],
            "tags": [
                "mirror ball"
            ],
            "type": "region"
        }
    ],
    "size": [
        2592,
        1728
    ]
}