{
    "objects": [
        {
            "data": [
                [
                    401.0,
                    511.0
                ],
                [
                    420.30792163097476,
                    507.06851087775567
                ],
                [
                    436.64159948955785,
                    496.047466823846
                ],
                [
                    447.5143791869382,
                    479.6147218894653
                ],
                [
                    451.27097857618355,
                    460.2720125276694
                ],
                [
                    447.3394894539392,
                    440.96409089669487
                ],
                [
                    436.3184454000293,
                    424.630413038112
                ],
                [
                    419.8857004656488,
                    413.75763334073145
                ],
                [
                    400.5429911038527,
                    410.0010339514861
                ],
                [
                    381.23506947287797,
                    413.9325230737304
                ],
                [
                    364.9013916142949,
                    424.9535671276401
                ],
                [
                    354.02861191691454,
                    441.3863120620208
                ],
                [
                    350.2720125276692,
                    460.7290214238167
                ],
                [
                    354.2035016499135,
                    480.0369430547912
                ],
                [
                    365.2245457038234,
                    496.37062091337407
                ],
                [
                    381.65729063820436,
                    507.24340061075463
                ]
            ],
            "tags": [
                "mirror ball"
            ],
            "type": "region"
        }
    ],
    "size": [
        2592,
        1728
    ]
}