{
    "objects": [
        {
            "data": [
                [
                    384.0,
                    500.0
                ],
                [
                    402.8152855826388,
                    495.63956660729923
                ],
                [
                    418.5296772134757,
                    484.41075337521033
                ],
                [
                    428.75080121802966,
                    468.0230453288739
                ],
                [
                    431.9225841213283,
                    448.97132246340084
                ],
                [
                    427.5621507286269,
                    430.15603688076203
                ],
                [
                    416.3333374965382,
                    414.4416452499254
                ],
                [
                    399.945629450202,
                    404.2205212453712
                ],
                [
                    380.89390658472894,
                    401.04873834207274
                ],
                [
                    362.07862100209013,
                    405.4091717347735
                ],
                [
                    346.36422937125326,
                    416.6379849668624
                ],
                [
                    336.1431053666993,
                    433.02569301319886
                ],
                [
                    332.9713224634006,
                    452.0774158786719
                ],
                [
                    337.33175585610206,
                    470.8927014613107
                ],
                [
                    348.56056908819073,
                    486.60709309214735
                ],
                [
                    364.94827713452696,
                    496.82821709670156
                ]
            ],
            "tags": [
                "mirror ball"
            ],
            "type": "region"
        }
    ],
    "size": [
        2592,
        1728
    ]
}