{
    "objects": [
        {
            "data": [
                [
                    362.0,
                    460.0
                ],
                [
                    381.56853478685343,
                    455.43344045373397
                ],
                [
                    397.899956876397,
                    443.72593549635576
                ],
                [
                    408.50795530020923,
                    426.6598466288299
                ],
                [
                    411.77755846000855,
                    406.8333311767565
                ],
                [
                    407.21099891374206,
                    387.26479638990327
                ],
                [
                    395.5034939563643,
                    370.933374300359
                ],
                [
                    378.43740508883866,
                    360.32537587654724
                ],
                [
                    358.610889636765,
                    357.0557727167479
                ],
                [
                    339.0423548499116,
                    361.62233226301396
                ],
                [
                    322.710932760368,
                    373.32983722039216
                ],
                [
                    312.1029343365558,
                    390.3959260879178
                ],
                [
                    308.8333311767565,
                    410.22244153999145
                ],
                [
                    313.39989072302296,
                    429.7909763268449
                ],
                [
                    325.1073956804007,
                    446.12239841638893
                ],
                [
                    342.17348454792636,
                    456.7303968402007
                ]
            ],
            "tags": [
                "mirror ball"
            ],
            "type": "region"
        }
    ],
    "size": [
        2592,
        1728
    ]
}