{
    "objects": [
        {
            "data": [
                [
                    377.0,
                    479.0
                ],
                [
                    396.1813904746041,
                    475.43957911135044
                ],
                [
                    412.5401704528649,
                    464.8097787808449
                ],
                [
                    423.58586397580257,
                    448.72888974942293
                ],
                [
                    427.63686433401017,
                    429.6450815984965
                ],
                [
                    424.0764434453604,
                    410.46369112389243
                ],
                [
                    413.44664311485485,
                    394.1049111456316
                ],
                [
                    397.3657540834329,
                    383.05921762269395
                ],
                [
                    378.28194593250646,
                    379.0082172644866
                ],
                [
                    359.1005554579024,
                    382.56863815313613
                ],
                [
                    342.74177547964155,
                    393.19843848364167
                ],
                [
                    331.6960819567039,
                    409.27932751506364
                ],
                [
                    327.6450815984963,
                    428.36313566599006
                ],
                [
                    331.2055024871461,
                    447.54452614059414
                ],
                [
                    341.8353028176516,
                    463.9033061188552
                ],
                [
                    357.9161918490736,
                    474.9489996417926
                ]
            ],
            "tags": [
                "mirror ball"
            ],
            "type": "region"
        }
    ],
    "size": [
        2592,
        1728
    ]
}