{
    "objects": [
        {
            "data": [
                [
                    391.0,
                    478.0
                ],
                [
                    409.643871939124,
                    473.7648466381538
                ],
                [
                    425.24784060533784,
                    462.71737422385854
                ],
                [
                    435.43634321953914,
                    446.53946028660425
                ],
                [
                    438.6582726177221,
                    427.6940455701824
                ],
                [
                    434.4231192558759,
                    409.05017363105867
                ],
                [
                    423.3756468415804,
                    393.4462049648448
                ],
                [
                    407.19773290432613,
                    383.2577023506433
                ],
                [
                    388.35231818790453,
                    380.0357729524603
                ],
                [
                    369.70844624878055,
                    384.2709263143065
                ],
                [
                    354.1044775825667,
                    395.3183987286018
                ],
                [
                    343.9159749683654,
                    411.49631266585607
                ],
                [
                    340.6940455701824,
                    430.3417273822779
                ],
                [
                    344.9291989320286,
                    448.98559932140165
                ],
                [
                    355.9766713463241,
                    464.5895679876155
                ],
                [
                    372.1545852835784,
                    474.77807060181703
                ]
            ],
            "tags": [
                "mirror ball"
            ],
            "type": "region"
        }
    ],
    "size": [
        2592,
        1728
    ]
}