{
    "objects": [
        {
            "data": [
                [
                    388.0,
                    462.0
                ],
                [
                    406.6841001705893,
                    457.94600373752314
                ],
                [
                    422.39456069706785,
                    447.050503981809
                ],
                [
                    432.73960637995833,
                    430.9722418027143
                ],
                [
                    436.14429779211287,
                    412.15898686719584
                ],
                [
                    432.0903015296358,
                    393.4748866966063
                ],
                [
                    421.1948017739219,
                    377.764426170128
                ],
                [
                    405.1165395948269,
                    367.41938048723773
                ],
                [
                    386.3032846593087,
                    364.01468907508297
                ],
                [
                    367.6191844887194,
                    368.0686853375598
                ],
                [
                    351.90872396224086,
                    378.96418509327395
                ],
                [
                    341.56367827935037,
                    395.0424472723687
                ],
                [
                    338.15898686719584,
                    413.85570220788713
                ],
                [
                    342.2129831296729,
                    432.5398023784767
                ],
                [
                    353.1084828853868,
                    448.250262904955
                ],
                [
                    369.1867450644818,
                    458.59530858784524
                ]
            ],
            "tags": [
                "mirror ball"
            ],
            "type": "region"
        }
    ],
    "size": [
        2592,
        1728
    ]
}