{
    "objects": [
        {
            "data": [
                [
                    450.0,
                    484.0
                ],
                [
                    468.68125054977963,
                    479.93289257860556
                ],
                [
                    484.38406094661923,
                    469.0263701941926
                ],
                [
                    494.7178206539311,
                    452.9408520119164
                ],
                [
                    498.10930843204187,
                    434.12521235944314
                ],
                [
                    494.04220101064766,
                    415.4439618096635
                ],
                [
                    483.1356786262345,
                    399.7411514128239
                ],
                [
                    467.05016044395825,
                    389.4073917055118
                ],
                [
                    448.234520791485,
                    386.01590392740127
                ],
                [
                    429.5532702417054,
                    390.0830113487957
                ],
                [
                    413.8504598448658,
                    400.98953373320865
                ],
                [
                    403.5167001375539,
                    417.0750519154849
                ],
                [
                    400.12521235944314,
                    435.89069156795813
                ],
                [
                    404.19231978083735,
                    454.57194211773776
                ],
                [
                    415.0988421652505,
                    470.27475251457736
                ],
                [
                    431.18436034752676,
                    480.60851222188944
                ]
            ],
            "tags": [
                "mirror ball"
            ],
            "type": "region"
        }
    ],
    "size": [
        2592,
        1728
    ]
}