{
    "objects": [
        {
            "data": [
                [
                    414.0,
                    501.0
                ],
                [
                    433.06414560277517,
                    496.8574536961246
                ],
                [
                    449.0918356916959,
                    485.7347072791158
                ],
                [
                    459.64299974209644,
                    469.3250980630164
                ],
                [
                    463.11131867384347,
                    450.1268402974988
                ],
                [
                    458.96877236996806,
                    431.06269469472363
                ],
                [
                    447.84602595295974,
                    415.0350046058029
                ],
                [
                    431.4364167368594,
                    404.48384055540237
                ],
                [
                    412.2381589713423,
                    401.01552162365533
                ],
                [
                    393.1740133685671,
                    405.15806792753074
                ],
                [
                    377.14632327964637,
                    416.2808143445395
                ],
                [
                    366.59515922924584,
                    432.6904235606389
                ],
                [
                    363.1268402974988,
                    451.88868132615653
                ],
                [
                    367.2693866013742,
                    470.9528269289317
                ],
                [
                    378.39213301838254,
                    486.98051701785243
                ],
                [
                    394.80174223448284,
                    497.53168106825296
                ]
            ],
            "tags": [
                "mirror ball"
            ],
            "type": "region"
        }
    ],
    "size": [
        2592,
        1728
    ]
}