{
    "objects": [
        {
            "data": [
                [
                    408.0,
                    530.0
                ],
                [
                    427.11714366368324,
                    526.1093502360591
                ],
                [
                    443.2901942088429,
                    515.1990443967495
                ],
                [
                    454.05695129904643,
                    498.930077643937
                ],
                [
                    457.7782737682069,
                    479.7792526871867
                ],
                [
                    453.88762400426594,
                    460.66210902350326
                ],
                [
                    442.97731816495616,
                    444.4890584783436
                ],
                [
                    426.7083514121441,
                    433.72230138813984
                ],
                [
                    407.5575264553936,
                    430.00097891897985
                ],
                [
                    388.44038279171036,
                    433.8916286829208
                ],
                [
                    372.2673322465507,
                    444.80193452223034
                ],
                [
                    361.50057515634717,
                    461.07090127504284
                ],
                [
                    357.7792526871867,
                    480.2217262317931
                ],
                [
                    361.66990245112765,
                    499.3388698954766
                ],
                [
                    372.58020829043744,
                    515.5119204406362
                ],
                [
                    388.8491750432495,
                    526.27867753084
                ]
            ],
            "tags": [
                "mirror ball"
            ],
            "type": "region"
        }
    ],
    "size": [
        2592,
        1728
    ]
}