{
    "objects": [
        {
            "data": [
                [
                    350.0,
                    478.0
                ],
                [
                    369.1084342731997,
                    473.1916547489827
                ],
                [
                    384.9222515318911,
                    461.4368417715293
                ],
                [
                    395.0339414510481,
                    444.52512478581184
                ],
                [
                    397.90409090317644,
                    425.0311593978097
                ],
                [
                    393.09574565215917,
                    405.92272512460977
                ],
                [
                    381.3409326747055,
                    390.1089078659186
                ],
                [
                    364.4292156889883,
                    379.9972179467618
                ],
                [
                    344.9352503009859,
                    377.1270684946335
                ],
                [
                    325.8268160277862,
                    381.93541374565075
                ],
                [
                    310.0129987690948,
                    393.69022672310416
                ],
                [
                    299.9013088499378,
                    410.6019437088214
                ],
                [
                    297.03115939780946,
                    430.0959090968238
                ],
                [
                    301.83950464882673,
                    449.2043433700237
                ],
                [
                    313.5943176262804,
                    465.0181606287149
                ],
                [
                    330.5060346119976,
                    475.1298505478717
                ]
            ],
            "tags": [
                "mirror ball"
            ],
            "type": "region"
        }
    ],
    "size": [
        2592,
        1728
    ]
}