{
    "objects": [
        {
            "data": [
                [
                    380.0,
                    470.0
                ],
                [
                    398.50856680959623,
                    466.05770448147564
                ],
                [
                    414.099601680673,
                    455.3325764659455
                ],
                [
                    424.3995108871927,
                    439.4574194702459
                ],
                [
                    427.8402266213716,
                    420.8490822383162
                ],
                [
                    423.89793110284745,
                    402.3405154287202
                ],
                [
                    413.17280308731733,
                    386.7494805576432
                ],
                [
                    397.29764609161793,
                    376.4495713511235
                ],
                [
                    378.689308859688,
                    373.0088556169444
                ],
                [
                    360.1807420500918,
                    376.95115113546876
                ],
                [
                    344.589707179015,
                    387.6762791509989
                ],
                [
                    334.2897979724953,
                    403.5514361466985
                ],
                [
                    330.84908223831644,
                    422.1597733786282
                ],
                [
                    334.7913777568406,
                    440.6683401882242
                ],
                [
                    345.5165057723707,
                    456.2593750593012
                ],
                [
                    361.39166276807055,
                    466.5592842658209
                ]
            ],
            "tags": [
                "mirror ball"
            ],
            "type": "region"
        }
    ],
    "size": [
        2592,
        1728
    ]
}