{
    "objects": [
        {
            "data": [
                [
                    415.0,
                    519.0
                ],
                [
                    434.1885632375938,
                    514.5221115128847
                ],
                [
                    450.20287033510795,
                    503.0419367488539
                ],
                [
                    460.6048882070013,
                    486.3072282476883
                ],
                [
                    463.8110039268049,
                    466.86569367817924
                ],
                [
                    459.33311543968966,
                    447.6771304405852
                ],
                [
                    447.85294067565883,
                    431.66282334307107
                ],
                [
                    431.1182321744932,
                    421.2608054711777
                ],
                [
                    411.67669760498393,
                    418.05468975137455
                ],
                [
                    392.4881343673901,
                    422.5325782384898
                ],
                [
                    376.473827269876,
                    434.01275300252064
                ],
                [
                    366.07180939798263,
                    450.7474615036863
                ],
                [
                    362.865693678179,
                    470.1889960731953
                ],
                [
                    367.34358216529426,
                    489.37755931078937
                ],
                [
                    378.8237569293251,
                    505.3918664083035
                ],
                [
                    395.55846543049074,
                    515.7938842801968
                ]
            ],
            "tags": [
                "mirror ball"
            ],
            "type": "region"
        }
    ],
    "size": [
        2592,
        1728
    ]
}