{
    "objects": [
        {
            "data": [
                [
                    419.0,
                    508.0
                ],
                [
                    437.77382223426275,
                    503.4643688813203
                ],
                [
                    453.3828614590652,
                    492.0895613925311
                ],
                [
                    463.45078294872474,
                    475.60728886091374
                ],
                [
                    466.44483692237463,
                    456.5268278672347
                ],
                [
                    461.90920580369493,
                    437.75300563297196
                ],
                [
                    450.5343983149055,
                    422.14396640816926
                ],
                [
                    434.0521257832884,
                    412.07604491851043
                ],
                [
                    414.97166478960935,
                    409.0819909448601
                ],
                [
                    396.1978425553466,
                    413.6176220635398
                ],
                [
                    380.5888033305441,
                    424.992429552329
                ],
                [
                    370.5208818408846,
                    441.4747020839461
                ],
                [
                    367.5268278672347,
                    460.55516307762537
                ],
                [
                    372.0624589859144,
                    479.3289853118881
                ],
                [
                    383.43726647470385,
                    494.9380245366908
                ],
                [
                    399.919539006321,
                    505.00594602634965
                ]
            ],
            "tags": [
                "mirror ball"
            ],
            "type": "region"
        }
    ],
    "size": [
        2592,
        1728
    ]
}