{
    "objects": [
        {
            "data": [
                [
                    355.0,
                    459.0
                ],
                [
                    373.8744459655604,
                    454.903215843912
                ],
                [
                    389.7443888581215,
                    443.8953430468955
                ],
                [
                    400.1937737336807,
                    427.65223045568086
                ],
                [
                    403.6317764688447,
                    408.6467447180985
                ],
                [
                    399.53499231275646,
                    389.77229875253784
                ],
                [
                    388.52711951573974,
                    373.902355859977
                ],
                [
                    372.28400692452533,
                    363.45297098441756
                ],
                [
                    353.2785211869432,
                    360.0149682492538
                ],
                [
                    334.40407522138275,
                    364.1117524053418
                ],
                [
                    318.53413232882167,
                    375.1196252023583
                ],
                [
                    308.0847474532625,
                    391.36273779357293
                ],
                [
                    304.6467447180985,
                    410.3682235311553
                ],
                [
                    308.7435288741867,
                    429.24266949671596
                ],
                [
                    319.75140167120344,
                    445.1126123892768
                ],
                [
                    335.99451426241785,
                    455.56199726483624
                ]
            ],
            "tags": [
                "mirror ball"
            ],
            "type": "region"
        }
    ],
    "size": [
        2592,
        1728
    ]
}