{
    "objects": [
        {
            "data": [
                [
                    419.0,
                    462.0
                ],
                [
                    437.7181987517629,
                    458.10647712600667
                ],
                [
                    453.5215727665827,
                    447.3461864873432
                ],
                [
                    464.0042016086459,
                    431.3572847914686
                ],
                [
                    467.57020006201583,
                    412.5739373818251
                ],
                [
                    463.6766771880225,
                    393.85573863006243
                ],
                [
                    452.91638654935923,
                    378.05236461524214
                ],
                [
                    436.92748485348466,
                    367.56973577317876
                ],
                [
                    418.1441374438409,
                    364.00373731980926
                ],
                [
                    399.42593869207803,
                    367.8972601938026
                ],
                [
                    383.6225646772582,
                    378.6575508324661
                ],
                [
                    373.13993583519505,
                    394.64645252834043
                ],
                [
                    369.5739373818251,
                    413.42979993798417
                ],
                [
                    373.4674602558184,
                    432.1479986897468
                ],
                [
                    384.2277508944817,
                    447.9513727045671
                ],
                [
                    400.21665259035626,
                    458.4340015466305
                ]
            ],
            "tags": [
                "mirror ball"
            ],
            "type": "region"
        }
    ],
    "size": [
        2592,
        1728
    ]
}