{
    "objects": [
        {
            "data": [
                [
                    387.0,
                    468.0
                ],
                [
                    405.71527349101825,
                    463.22853386422616
                ],
                [
                    421.1799705764688,
                    451.65824886411974
                ],
                [
                    431.03973131292105,
                    435.0506160060522
                ],
                [
                    433.7934965072027,
                    415.9339968440979
                ],
                [
                    429.0220303714291,
                    397.2187233530799
                ],
                [
                    417.45174537132243,
                    381.7540262676289
                ],
                [
                    400.84411251325537,
                    371.89426553117687
                ],
                [
                    381.72749335130084,
                    369.140500336895
                ],
                [
                    363.0122198602826,
                    373.91196647266884
                ],
                [
                    347.54752277483203,
                    385.48225147277526
                ],
                [
                    337.6877620383798,
                    402.0898843308428
                ],
                [
                    334.93399684409815,
                    421.2065034927971
                ],
                [
                    339.70546297987175,
                    439.9217769838151
                ],
                [
                    351.2757479799784,
                    455.3864740692661
                ],
                [
                    367.88338083804547,
                    465.24623480571813
                ]
            ],
            "tags": [
                "mirror ball"
            ],
            "type": "region"
        }
    ],
    "size": [
        2592,
        1728
    ]
}