{
    "objects": [
        {
            "data": [
                [
                    370.0,
                    522.0
                ],
                [
                    389.1182810240957,
                    518.1149429698817
                ],
                [
                    405.2945225998369,
                    507.20936889389486
                ],
                [
                    416.0660385853116,
                    490.9435525658339
                ],
                [
                    419.79296331576734,
                    471.79381707165317
                ],
                [
                    415.907906285649,
                    452.67553604755744
                ],
                [
                    405.00233220966265,
                    436.4992944718165
                ],
                [
                    388.73651588160146,
                    425.7277784863413
                ],
                [
                    369.58678038742073,
                    422.0008537558856
                ],
                [
                    350.468499363325,
                    425.88591078600393
                ],
                [
                    334.2922577875838,
                    436.79148486199074
                ],
                [
                    323.5207418021091,
                    453.0573011900517
                ],
                [
                    319.7938170716534,
                    472.20703668423243
                ],
                [
                    323.6788741017717,
                    491.32531770832816
                ],
                [
                    334.5844481777581,
                    507.50155928406934
                ],
                [
                    350.85026450581927,
                    518.2730752695443
                ]
            ],
            "tags": [
                "mirror ball"
            ],
            "type": "region"
        }
    ],
    "size": [
        2592,
        1728
    ]
}