{
    "objects": [
        {
            "data": [
                [
                    370.0,
                    527.0
                ],
                [
                    389.3990727761152,
                    523.5462455424315
                ],
                [
                    405.99978445329634,
                    512.9316887341004
                ],
                [
                    417.2748271645187,
                    496.77229962787806
                ],
                [
                    421.50767786551523,
                    477.52819872995997
                ],
                [
                    418.05392340794697,
                    458.1291259538448
                ],
                [
                    407.4393665996158,
                    441.52841427666385
                ],
                [
                    391.2799774933933,
                    430.2533715654415
                ],
                [
                    372.0358765954752,
                    426.02052086444473
                ],
                [
                    352.63680381936,
                    429.4742753220132
                ],
                [
                    336.03609214217886,
                    440.0888321303444
                ],
                [
                    324.7610494309565,
                    456.2482212365667
                ],
                [
                    320.52819872995997,
                    475.49232213448477
                ],
                [
                    323.98195318752823,
                    494.89139491059996
                ],
                [
                    334.5965099958594,
                    511.4921065877809
                ],
                [
                    350.7558991020819,
                    522.7671492990032
                ]
            ],
            "tags": [
                "mirror ball"
            ],
            "type": "region"
        }
    ],
    "size": [
        2592,
        1728
    ]
}