{
    "objects": [
        {
            "data": [
                [
                    388.0,
                    377.0
                ],
                [
                    406.7836217302106,
                    373.4354467913679
                ],
                [
                    422.7733299364586,
                    362.9540482034008
                ],
                [
                    433.53483649140935,
                    347.15150215700214
                ],
                [
                    437.42979957537136,
                    328.433603037299
                ],
                [
                    433.86524636673903,
                    309.64998130708864
                ],
                [
                    423.3838477787717,
                    293.6602731008402
                ],
                [
                    407.58130173237305,
                    282.89876654588966
                ],
                [
                    388.86340261267014,
                    279.0038034619279
                ],
                [
                    370.07978088245954,
                    282.56835667056
                ],
                [
                    354.09007267621155,
                    293.04975525852706
                ],
                [
                    343.3285661212608,
                    308.85230130492573
                ],
                [
                    339.4336030372988,
                    327.57020042462887
                ],
                [
                    342.9981562459311,
                    346.35382215483924
                ],
                [
                    353.4795548338984,
                    362.3435303610877
                ],
                [
                    369.2821008802971,
                    373.1050369160382
                ]
            ],
            "tags": [
                "mirror ball"
            ],
            "type": "region"
        }
    ],
    "size": [
        2592,
        1728
    ]
}