{
    "objects": [
        {
            "data": [
                [
                    338.0,
                    432.0
                ],
                [
                    356.68317629449257,
                    427.9417481066696
                ],
                [
                    372.39115471133255,
                    417.04267021278815
                ],
                [
                    382.73253792973446,
                    400.96205212731184
                ],
                [
                    386.1329440995696,
                    382.1480221825884
                ],
                [
                    382.0746922062399,
                    363.4648458880961
                ],
                [
                    371.175614312358,
                    347.7568674712563
                ],
                [
                    355.0949962268819,
                    337.41548425285396
                ],
                [
                    336.28096628215826,
                    334.0150780830186
                ],
                [
                    317.59778998766615,
                    338.073329976349
                ],
                [
                    301.8898115708257,
                    348.9724078702304
                ],
                [
                    291.5484283524238,
                    365.05302595570674
                ],
                [
                    288.14802218258865,
                    383.86705590043016
                ],
                [
                    292.2062740759184,
                    402.5502321949225
                ],
                [
                    303.10535196980027,
                    418.25821061176225
                ],
                [
                    319.1859700552768,
                    428.5995938301646
                ]
            ],
            "tags": [
                "mirror ball"
            ],
            "type": "region"
        }
    ],
    "size": [
        2592,
        1728
    ]
}