{
    "objects": [
        {
            "data": [
                [
                    334.0,
                    445.0
                ],
                [
                    352.6668395752613,
                    441.8922935189905
                ],
                [
                    368.7234828125811,
                    431.8776568680637
                ],
                [
                    379.7254513329108,
                    416.4807276944157
                ],
                [
                    383.9977951621231,
                    398.04554889122414
                ],
                [
                    380.8900886811134,
                    379.3787093159626
                ],
                [
                    370.87545203018635,
                    363.3220660786428
                ],
                [
                    355.4785228565388,
                    352.32009755831336
                ],
                [
                    337.043344053347,
                    348.04775372910126
                ],
                [
                    318.37650447808574,
                    351.15546021011073
                ],
                [
                    302.31986124076593,
                    361.17009686103756
                ],
                [
                    291.31789272043625,
                    376.56702603468557
                ],
                [
                    287.0455488912239,
                    395.0022048378771
                ],
                [
                    290.1532553722336,
                    413.66904441313864
                ],
                [
                    300.1678920231607,
                    429.72568765045844
                ],
                [
                    315.5648211968082,
                    440.7276561707879
                ]
            ],
            "tags": [
                "mirror ball"
            ],
            "type": "region"
        }
    ],
    "size": [
        2592,
        1728
    ]
}