{
    "objects": [
        {
            "data": [
                [
                    332.0,
                    420.0
                ],
                [
                    350.5911512233056,
                    416.4676020194738
                ],
                [
                    366.4153451406728,
                    406.0895662628286
                ],
                [
                    377.0634916748577,
                    390.44585459688483
                ],
                [
                    380.9145070417185,
                    371.91808031218306
                ],
                [
                    377.38210906119275,
                    353.32692908887725
                ],
                [
                    367.0040733045471,
                    337.5027351715098
                ],
                [
                    351.3603616386031,
                    326.8545886373254
                ],
                [
                    332.83258735390154,
                    323.0035732704646
                ],
                [
                    314.24143613059596,
                    326.53597125099077
                ],
                [
                    298.41724221322875,
                    336.914007007636
                ],
                [
                    287.76909567904386,
                    352.55771867357976
                ],
                [
                    283.91808031218306,
                    371.0854929582815
                ],
                [
                    287.4504782927088,
                    389.67664418158733
                ],
                [
                    297.82851404935445,
                    405.5008380989548
                ],
                [
                    313.47222571529846,
                    416.1489846331392
                ]
            ],
            "tags": [
                "mirror ball"
            ],
            "type": "region"
        }
    ],
    "size": [
        2592,
        1728
    ]
}