{
    "objects": [
        {
            "data": [
                [
                    386.0,
                    510.0
                ],
                [
                    405.50986125690997,
                    505.1889363410976
                ],
                [
                    421.69350839998833,
                    493.27799242626816
                ],
                [
                    432.0871278568279,
                    476.0805014935688
                ],
                [
                    435.10838528351997,
                    456.21462564185913
                ],
                [
                    430.2973216246178,
                    436.7047643849494
                ],
                [
                    418.3863777097881,
                    420.52111724187125
                ],
                [
                    401.18888677708856,
                    410.12749778503144
                ],
                [
                    381.3230109253791,
                    407.10624035833916
                ],
                [
                    361.8131496684691,
                    411.9173040172416
                ],
                [
                    345.62950252539076,
                    423.828247932071
                ],
                [
                    335.2358830685512,
                    441.02573886477035
                ],
                [
                    332.21462564185913,
                    460.89161471648003
                ],
                [
                    337.0256893007613,
                    480.4014759733898
                ],
                [
                    348.936633215591,
                    496.5851231164679
                ],
                [
                    366.13412414829054,
                    506.9787425733077
                ]
            ],
            "tags": [
                "mirror ball"
            ],
            "type": "region"
        }
    ],
    "size": [
        2592,
        1728
    ]
}