{
    "objects": [
        {
            "data": [
                [
                    331.0,
                    429.0
                ],
                [
                    349.43457511999395,
                    424.7250521119022
                ],
                [
                    364.829950032899,
                    413.72090877442474
                ],
                [
                    374.84231846764624,
                    397.662851057891
                ],
                [
                    377.9473880923915,
                    378.9955726829876
                ],
                [
                    373.67244020429325,
                    360.56099756299386
                ],
                [
                    362.66829686681604,
                    345.16562265008884
                ],
                [
                    346.61023915028227,
                    335.15325421534135
                ],
                [
                    327.9429607753791,
                    332.04818459059607
                ],
                [
                    309.50838565538515,
                    336.3231324786939
                ],
                [
                    294.1130107424801,
                    347.3272758161713
                ],
                [
                    284.10064230773287,
                    363.38533353270486
                ],
                [
                    280.9955726829876,
                    382.0526119076085
                ],
                [
                    285.27052057108585,
                    400.4871870276022
                ],
                [
                    296.27466390856307,
                    415.88256194050723
                ],
                [
                    312.33272162509684,
                    425.8949303752547
                ]
            ],
            "tags": [
                "mirror ball"
            ],
            "type": "region"
        }
    ],
    "size": [
        2592,
        1728
    ]
}