{
    "objects": [
        {
            "data": [
                [
                    353.0,
                    494.0
                ],
                [
                    372.1802071918455,
                    489.4864541096756
                ],
                [
                    388.1731488122705,
                    477.97653392090524
                ],
                [
                    398.544044475942,
                    461.22252044474317
                ],
                [
                    401.71401933046945,
                    441.77506035742476
                ],
                [
                    397.20047344014483,
                    422.5948531655795
                ],
                [
                    385.6905532513747,
                    406.6019115451545
                ],
                [
                    368.9365397752126,
                    396.2310158814828
                ],
                [
                    349.48907968789445,
                    393.0610410269551
                ],
                [
                    330.30887249604893,
                    397.5745869172795
                ],
                [
                    314.31593087562396,
                    409.08450710604984
                ],
                [
                    303.9450352119525,
                    425.8385205822119
                ],
                [
                    300.775060357425,
                    445.2859806695303
                ],
                [
                    305.2886062477496,
                    464.4661878613756
                ],
                [
                    316.79852643651975,
                    480.4591294818006
                ],
                [
                    333.5525399126818,
                    490.8300251454723
                ]
            ],
            "tags": [
                "mirror ball"
            ],
            "type": "region"
        }
    ],
    "size": [
        2592,
        1728
    ]
}