{
    "objects": [
        {
            "data": [
                [
                    332.0,
                    417.0
                ],
                [
                    350.99036187887805,
                    413.4794167191085
                ],
                [
                    367.1878996398973,
                    402.9595250177274
                ],
                [
                    378.12668498998846,
                    387.0418830443357
                ],
                [
                    382.1413870199358,
                    368.14980749559913
                ],
                [
                    378.6208037390443,
                    349.1594456167211
                ],
                [
                    368.10091203766297,
                    332.96190785570184
                ],
                [
                    352.18327006427126,
                    322.0231225056109
                ],
                [
                    333.2911945155347,
                    318.00842047566357
                ],
                [
                    314.30083263665665,
                    321.5290037565551
                ],
                [
                    298.1032948756374,
                    332.04889545793617
                ],
                [
                    287.16450952554624,
                    347.96653743132765
                ],
                [
                    283.1498074955989,
                    366.85861298006444
                ],
                [
                    286.6703907764904,
                    385.8489748589427
                ],
                [
                    297.19028247787173,
                    402.04651261996173
                ],
                [
                    313.10792445126344,
                    412.9852979700529
                ]
            ],
            "tags": [
                "mirror ball"
            ],
            "type": "region"
        }
    ],
    "size": [
        2592,
        1728
    ]
}