{
    "objects": [
        {
            "data": [
                [
                    341.0,
                    435.0
                ],
                [
                    359.8575433332626,
                    431.84983424008533
                ],
                [
                    376.0741254067848,
                    421.722991161736
                ],
                [
                    387.18091860355617,
                    406.16119082356954
                ],
                [
                    391.48701434269924,
                    387.5335762590007
                ],
                [
                    388.3368485827841,
                    368.6760329257386
                ],
                [
                    378.21000550443523,
                    352.4594508522159
                ],
                [
                    362.6482051662688,
                    341.35265765544455
                ],
                [
                    344.02059060169995,
                    337.04656191630147
                ],
                [
                    325.16304726843737,
                    340.19672767621614
                ],
                [
                    308.94646519491516,
                    350.3235707545655
                ],
                [
                    297.8396719981438,
                    365.88537109273193
                ],
                [
                    293.5335762590007,
                    384.51298565730076
                ],
                [
                    296.68374201891584,
                    403.3705289905629
                ],
                [
                    306.8105850972647,
                    419.58711106408555
                ],
                [
                    322.3723854354316,
                    430.6939042608569
                ]
            ],
            "tags": [
                "mirror ball"
            ],
            "type": "region"
        }
    ],
    "size": [
        2592,
        1728
    ]
}