{
    "objects": [
        {
            "data": [
                [
                    370.0,
                    448.0
                ],
                [
                    388.6258362927092,
                    443.68621891167413
                ],
                [
                    404.18305266609696,
                    432.57300589327156
                ],
                [
                    414.3032039538325,
                    416.3522468853166
                ],
                [
                    417.44558886175855,
                    397.4934054052246
                ],
                [
                    413.1318077734327,
                    378.8675691125154
                ],
                [
                    402.0185947550299,
                    363.31035273912767
                ],
                [
                    385.7978357470756,
                    353.19020145139166
                ],
                [
                    366.9389942669832,
                    350.04781654346607
                ],
                [
                    348.31315797427396,
                    354.36159763179194
                ],
                [
                    332.7559416008862,
                    365.4748106501945
                ],
                [
                    322.63579031315066,
                    381.69556965814945
                ],
                [
                    319.4934054052246,
                    400.55441113824145
                ],
                [
                    323.8071864935505,
                    419.18024743095066
                ],
                [
                    334.9203995119533,
                    434.73746380433863
                ],
                [
                    351.14115851990755,
                    444.8576150920744
                ]
            ],
            "tags": [
                "mirror ball"
            ],
            "type": "region"
        }
    ],
    "size": [
        2592,
        1728
    ]
}