{
    "objects": [
        {
            "data": [
                [
                    311.0,
                    487.0
                ],
                [
                    329.71804960662166,
                    483.1057601762527
                ],
                [
                    345.5210114645056,
                    472.3448642377607
                ],
                [
                    356.0030278849954,
                    456.3555610433941
                ],
                [
                    359.568306887787,
                    437.57207706110125
                ],
                [
                    355.6740670640402,
                    418.8540274544798
                ],
                [
                    344.91317112554816,
                    403.05106559659544
                ],
                [
                    328.9238679311816,
                    392.56904917610564
                ],
                [
                    310.1403839488885,
                    389.003770173314
                ],
                [
                    291.4223343422668,
                    392.8980099970613
                ],
                [
                    275.6193724843829,
                    403.6589059355533
                ],
                [
                    265.1373560638931,
                    419.6482091299199
                ],
                [
                    261.5720770611015,
                    438.43169311221277
                ],
                [
                    265.4663168848483,
                    457.1497427188342
                ],
                [
                    276.2272128233403,
                    472.9527045767186
                ],
                [
                    292.21651601770736,
                    483.4347209972084
                ]
            ],
            "tags": [
                "mirror ball"
            ],
            "type": "region"
        }
    ],
    "size": [
        2592,
        1728
    ]
}