{
    "objects": [
        {
            "data": [
                [
                    366.0,
                    531.0
                ],
                [
                    385.4419700775379,
                    527.7965262713274
                ],
                [
                    402.178091981893,
                    517.3967826192577
                ],
                [
                    413.66044286644865,
                    501.38403574090717
                ],
                [
                    418.14093889680225,
                    482.19608119259306
                ],
                [
                    414.93746516812917,
                    462.7541111150549
                ],
                [
                    404.5377215160597,
                    446.01798921070053
                ],
                [
                    388.5249746377094,
                    434.53563832614464
                ],
                [
                    369.3370200893951,
                    430.05514229579103
                ],
                [
                    349.89505001185717,
                    433.25861602446366
                ],
                [
                    333.1589281075021,
                    443.65835967653334
                ],
                [
                    321.67657722294643,
                    459.67110655488386
                ],
                [
                    317.1960811925928,
                    478.859061103198
                ],
                [
                    320.3995549212659,
                    498.3010311807361
                ],
                [
                    330.79929857333536,
                    515.0371530850905
                ],
                [
                    346.81204545168566,
                    526.5195039696466
                ]
            ],
            "tags": [
                "mirror ball"
            ],
            "type": "region"
        }
    ],
    "size": [
        2592,
        1728
    ]
}