{
    "objects": [
        {
            "data": [
                [
                    366.0,
                    458.0
                ],
                [
                    384.9259722270467,
                    454.14825673369864
                ],
                [
                    400.93729226675487,
                    443.34705395278206
                ],
                [
                    411.5963817860561,
                    427.24077686749774
                ],
                [
                    415.2804910305249,
                    408.28146016031496
                ],
                [
                    411.4287477642233,
                    389.3554879332685
                ],
                [
                    400.62754498330696,
                    373.3441678935601
                ],
                [
                    384.52126789802287,
                    362.68507837425864
                ],
                [
                    365.56195119083986,
                    359.00096912979006
                ],
                [
                    346.63597896379315,
                    362.8527123960914
                ],
                [
                    330.624658924085,
                    373.653915177008
                ],
                [
                    319.96556940478376,
                    389.7601922622923
                ],
                [
                    316.28146016031496,
                    408.7195089694751
                ],
                [
                    320.13320342661655,
                    427.6454811965216
                ],
                [
                    330.9344062075329,
                    443.65680123622997
                ],
                [
                    347.040683292817,
                    454.3158907555314
                ]
            ],
            "tags": [
                "mirror ball"
            ],
            "type": "region"
        }
    ],
    "size": [
        2592,
        1728
    ]
}