{
    "objects": [
        {
            "data": [
                [
                    303.0,
                    385.0
                ],
                [
                    321.8575433332626,
                    381.84983424008533
                ],
                [
                    338.0741254067848,
                    371.722991161736
                ],
                [
                    349.18091860355617,
                    356.16119082356954
                ],
                [
                    353.48701434269924,
                    337.5335762590007
                ],
                [
                    350.3368485827841,
                    318.6760329257386
                ],
                [
                    340.21000550443523,
                    302.4594508522159
                ],
                [
                    324.6482051662688,
                    291.35265765544455
                ],
                [
                    306.02059060169995,
                    287.04656191630147
                ],
                [
                    287.16304726843737,
                    290.19672767621614
                ],
                [
                    270.94646519491516,
                    300.3235707545655
                ],
                [
                    259.8396719981438,
                    315.88537109273193
                ],
                [
                    255.5335762590007,
                    334.51298565730076
                ],
                [
                    258.68374201891584,
                    353.3705289905629
                ],
                [
                    268.8105850972647,
                    369.58711106408555
                ],
                [
                    284.3723854354316,
                    380.6939042608569
                ]
            ],
            "tags": [
                "mirror ball"
            ],
            "type": "region"
        }
    ],
    "size": [
        2592,
        1728
    ]
}