{
    "objects": [
        {
            "data": [
                [
                    348.0,
                    409.0
                ],
                [
                    366.6228365928232,
                    405.6386466211261
                ],
                [
                    382.5417599098146,
                    395.4065100051314
                ],
                [
                    393.3332581813629,
                    379.86134019725137
                ],
                [
                    397.3544236207995,
                    361.36974838342076
                ],
                [
                    393.99307024192603,
                    342.7469117905978
                ],
                [
                    383.7609336259311,
                    326.82798847360596
                ],
                [
                    368.2157638180511,
                    316.03649020205785
                ],
                [
                    349.72417200422024,
                    312.0153247626213
                ],
                [
                    331.10133541139703,
                    315.3766781414952
                ],
                [
                    315.18241209440566,
                    325.6088147574899
                ],
                [
                    304.3909138228573,
                    341.1539845653699
                ],
                [
                    300.36974838342076,
                    359.6455763792005
                ],
                [
                    303.7311017622942,
                    378.2684129720235
                ],
                [
                    313.96323837828913,
                    394.1873362890153
                ],
                [
                    329.5084081861696,
                    404.9788345605634
                ]
            ],
            "tags": [
                "mirror ball"
            ],
            "type": "region"
        }
    ],
    "size": [
        2592,
        1728
    ]
}