{
    "objects": [
        {
            "data": [
                [
                    390.0,
                    502.0
                ],
                [
                    408.6501787857028,
                    497.79270679151887
                ],
                [
                    424.2706358375017,
                    486.7685602769941
                ],
                [
                    434.48329816905607,
                    470.6058868291252
                ],
                [
                    437.73338051840165,
                    451.7653069653504
                ],
                [
                    433.5260873099205,
                    433.11512817964785
                ],
                [
                    422.50194079539597,
                    417.49467112784873
                ],
                [
                    406.33926734752686,
                    407.2820087962941
                ],
                [
                    387.4986874837523,
                    404.03192644694855
                ],
                [
                    368.8485086980495,
                    408.2392196554297
                ],
                [
                    353.2280516462506,
                    419.26336616995445
                ],
                [
                    343.0153893146962,
                    435.42603961782333
                ],
                [
                    339.76530696535065,
                    454.2666194815981
                ],
                [
                    343.9726001738318,
                    472.9167982673007
                ],
                [
                    354.9967466883563,
                    488.5372553190998
                ],
                [
                    371.15942013622544,
                    498.7499176506544
                ]
            ],
            "tags": [
                "mirror ball"
            ],
            "type": "region"
        }
    ],
    "size": [
        2592,
        1728
    ]
}