{
    "objects": [
        {
            "data": [
                [
                    345.0,
                    419.0
                ],
                [
                    362.7947796049766,
                    415.4603982617748
                ],
                [
                    377.88046532517455,
                    405.38046532517455
                ],
                [
                    387.960398261775,
                    390.2947796049766
                ],
                [
                    391.5,
                    372.5
                ],
                [
                    387.960398261775,
                    354.7052203950234
                ],
                [
                    377.88046532517455,
                    339.61953467482545
                ],
                [
                    362.7947796049766,
                    329.5396017382252
                ],
                [
                    345.0,
                    326.0
                ],
                [
                    327.2052203950234,
                    329.5396017382252
                ],
                [
                    312.11953467482545,
                    339.61953467482545
                ],
                [
                    302.039601738225,
                    354.7052203950234
                ],
                [
                    298.5,
                    372.5
                ],
                [
                    302.039601738225,
                    390.2947796049766
                ],
                [
                    312.11953467482545,
                    405.38046532517455
                ],
                [
                    327.2052203950234,
                    415.4603982617748
                ]
            ],
            "tags": [
                "mirror ball"
            ],
            "type": "region"
        }
    ],
    "size": [
        2592,
        1728
    ]
}