{
    "objects": [
        {
            "data": [
                [
                    317.0,
                    401.0
                ],
                [
                    335.79854004171784,
                    397.5149781663904
                ],
                [
                    351.83246631020165,
                    387.10134799734647
                ],
                [
                    362.6607588789784,
                    371.3444902863125
                ],
                [
                    366.6349083631685,
                    352.6432437835226
                ],
                [
                    363.1498865295589,
                    333.844703741805
                ],
                [
                    352.7362563605152,
                    317.81077747332097
                ],
                [
                    336.979398649481,
                    306.982484904544
                ],
                [
                    318.27815214669135,
                    303.0083354203539
                ],
                [
                    299.4796121049735,
                    306.4933572539635
                ],
                [
                    283.4456858364897,
                    316.9069874230074
                ],
                [
                    272.61739326771294,
                    332.66384513404137
                ],
                [
                    268.64324378352285,
                    351.36509163683127
                ],
                [
                    272.12826561713246,
                    370.1636316785489
                ],
                [
                    282.54189578617616,
                    386.1975579470329
                ],
                [
                    298.2987534972103,
                    397.0258505158099
                ]
            ],
            "tags": [
                "mirror ball"
            ],
            "type": "region"
        }
    ],
    "size": [
        2592,
        1728
    ]
}