{
    "objects": [
        {
            "data": [
                [
                    339.0,
                    460.0
                ],
                [
                    357.89138333000346,
                    455.98204196048346
                ],
                [
                    373.8071397557569,
                    445.0405133504348
                ],
                [
                    384.324239638132,
                    428.8411627155299
                ],
                [
                    387.8415498577838,
                    409.85019434245396
                ],
                [
                    383.82359181826723,
                    390.9588110124507
                ],
                [
                    372.8820632082188,
                    375.0430545866968
                ],
                [
                    356.6827125733139,
                    364.525954704322
                ],
                [
                    337.69174420023774,
                    361.0086444846702
                ],
                [
                    318.8003608702343,
                    365.0266025241867
                ],
                [
                    302.88460444448083,
                    375.96813113423536
                ],
                [
                    292.36750456210575,
                    392.1674817691403
                ],
                [
                    288.85019434245396,
                    411.1584501422162
                ],
                [
                    292.8681523819705,
                    430.04983347221946
                ],
                [
                    303.8096809920189,
                    445.96558989797336
                ],
                [
                    320.00903162692384,
                    456.4826897803482
                ]
            ],
            "tags": [
                "mirror ball"
            ],
            "type": "region"
        }
    ],
    "size": [
        2592,
        1728
    ]
}