{
    "objects": [
        {
            "data": [
                [
                    313.0,
                    429.0
                ],
                [
                    331.78253126992104,
                    424.5005700335639
                ],
                [
                    347.413470175713,
                    413.1558752447272
                ],
                [
                    357.51314796378165,
                    396.6930425751766
                ],
                [
                    360.54398024470174,
                    377.61838906290086
                ],
                [
                    356.04455027826543,
                    358.83585779297937
                ],
                [
                    344.69985548942896,
                    343.2049188871879
                ],
                [
                    328.23702281987835,
                    333.105241099119
                ],
                [
                    309.1623693076026,
                    330.0744088181991
                ],
                [
                    290.37983803768157,
                    334.5738387846352
                ],
                [
                    274.74889913188963,
                    345.9185335734719
                ],
                [
                    264.64922134382095,
                    362.3813662430225
                ],
                [
                    261.61838906290086,
                    381.45601975529826
                ],
                [
                    266.11781902933717,
                    400.23855102521975
                ],
                [
                    277.46251381817365,
                    415.86948993101146
                ],
                [
                    293.92534648772425,
                    425.96916771908013
                ]
            ],
            "tags": [
                "mirror ball"
            ],
            "type": "region"
        }
    ],
    "size": [
        2592,
        1728
    ]
}