{
    "objects": [
        {
            "data": [
                [
                    373.0,
                    383.0
                ],
                [
                    391.85187510479864,
                    379.81608889667496
                ],
                [
                    408.0503066342153,
                    369.66023832335554
                ],
                [
                    419.12923022704445,
                    354.0785844668144
                ],
                [
                    423.4019801969689,
                    335.44329287866617
                ],
                [
                    420.2180690936443,
                    316.59141777386776
                ],
                [
                    410.0622185203247,
                    300.39298624445087
                ],
                [
                    394.4805646637833,
                    289.31406265162195
                ],
                [
                    375.8452730756353,
                    285.04131268169704
                ],
                [
                    356.99339797083667,
                    288.2252237850221
                ],
                [
                    340.79496644142,
                    298.3810743583415
                ],
                [
                    329.71604284859086,
                    313.96272821488265
                ],
                [
                    325.4432928786664,
                    332.59801980303087
                ],
                [
                    328.627203981991,
                    351.4498949078293
                ],
                [
                    338.7830545553106,
                    367.64832643724617
                ],
                [
                    354.364708411852,
                    378.7272500300751
                ]
            ],
            "tags": [
                "mirror ball"
            ],
            "type": "region"
        }
    ],
    "size": [
        2592,
        1728
    ]
}