{
    "objects": [
        {
            "data": [
                [
                    320.0,
                    519.0
                ],
                [
                    339.37281362628573,
                    515.4018703987492
                ],
                [
                    355.89401503686486,
                    504.66397729175446
                ],
                [
                    367.0484010820419,
                    488.42106756531257
                ],
                [
                    371.13781760119946,
                    469.14597698293073
                ],
                [
                    367.5396879999489,
                    449.77316335664545
                ],
                [
                    356.80179489295415,
                    433.25196194606565
                ],
                [
                    340.558885166512,
                    422.0975759008886
                ],
                [
                    321.2837945841302,
                    418.0081593817313
                ],
                [
                    301.91098095784446,
                    421.60628898298205
                ],
                [
                    285.38977954726533,
                    432.3441820899768
                ],
                [
                    274.2353935020883,
                    448.5870918164187
                ],
                [
                    270.14597698293073,
                    467.86218239880054
                ],
                [
                    273.7441065841813,
                    487.2349960250858
                ],
                [
                    284.48199969117604,
                    503.7561974356656
                ],
                [
                    300.7249094176186,
                    514.9105834808427
                ]
            ],
            "tags": [
                "mirror ball"
            ],
            "type": "region"
        }
    ],
    "size": [
        2592,
        1728
    ]
}