{
    "objects": [
        {
            "data": [
                [
                    387.0,
                    517.0
                ],
                [
                    406.3255133344369,
                    513.15591639182
                ],
                [
                    422.70889244992077,
                    502.20889244992077
                ],
                [
                    433.65591639182,
                    485.8255133344371
                ],
                [
                    437.5,
                    466.5
                ],
                [
                    433.65591639182,
                    447.1744866655629
                ],
                [
                    422.70889244992077,
                    430.79110755007946
                ],
                [
                    406.3255133344369,
                    419.84408360818
                ],
                [
                    387.0,
                    416.0
                ],
                [
                    367.6744866655631,
                    419.84408360818
                ],
                [
                    351.29110755007923,
                    430.79110755007923
                ],
                [
                    340.34408360818,
                    447.1744866655629
                ],
                [
                    336.5,
                    466.5
                ],
                [
                    340.34408360818,
                    485.8255133344371
                ],
                [
                    351.29110755007923,
                    502.20889244992077
                ],
                [
                    367.6744866655631,
                    513.15591639182
                ]
            ],
            "tags": [
                "mirror ball"
            ],
            "type": "region"
        }
    ],
    "size": [
        2592,
        1728
    ]
}