{
    "objects": [
        {
            "data": [
                [
                    362.0,
                    509.0
                ],
                [
                    380.31506977376466,
                    504.23901706758215
                ],
                [
                    395.4140385842534,
                    492.83156861665543
                ],
                [
                    404.99822530256097,
                    476.51433526509527
                ],
                [
                    407.60852438169513,
                    457.77146787458855
                ],
                [
                    402.84754144927774,
                    439.45639810082366
                ],
                [
                    391.4400929983508,
                    424.3574292903352
                ],
                [
                    375.12285964679086,
                    414.77324257202736
                ],
                [
                    356.3799922562839,
                    412.1629434928932
                ],
                [
                    338.06492248251925,
                    416.92392642531104
                ],
                [
                    322.96595367203054,
                    428.33137487623776
                ],
                [
                    313.38176695372294,
                    444.6486082277977
                ],
                [
                    310.7714678745888,
                    463.39147561830464
                ],
                [
                    315.53245080700617,
                    481.70654539206953
                ],
                [
                    326.9398992579331,
                    496.805514202558
                ],
                [
                    343.25713260949306,
                    506.38970092086583
                ]
            ],
            "tags": [
                "mirror ball"
            ],
            "type": "region"
        }
    ],
    "size": [
        2592,
        1728
    ]
}