{
    "objects": [
        {
            "data": [
                [
                    327.0,
                    412.0
                ],
                [
                    346.15026180713676,
                    408.2757805969991
                ],
                [
                    362.4175996689619,
                    397.5065625969396
                ],
                [
                    373.325458859797,
                    381.331861817127
                ],
                [
                    377.2132166978281,
                    362.21412982725974
                ],
                [
                    373.4889972948272,
                    343.0638680201232
                ],
                [
                    362.71977929476816,
                    326.7965301582981
                ],
                [
                    346.54507851495555,
                    315.88867096746253
                ],
                [
                    327.42734652508807,
                    312.0009131294314
                ],
                [
                    308.2770847179513,
                    315.7251325324323
                ],
                [
                    292.0097468561262,
                    326.4943505324918
                ],
                [
                    281.1018876652911,
                    342.6690513123042
                ],
                [
                    277.21412982725997,
                    361.78678330217167
                ],
                [
                    280.9383492302609,
                    380.9370451093082
                ],
                [
                    291.7075672303199,
                    397.2043829711333
                ],
                [
                    307.8822680101325,
                    408.1122421619689
                ]
            ],
            "tags": [
                "mirror ball"
            ],
            "type": "region"
        }
    ],
    "size": [
        2592,
        1728
    ]
}