{
    "objects": [
        {
            "data": [
                [
                    325.0,
                    470.0
                ],
                [
                    344.06283302597467,
                    466.8956888119526
                ],
                [
                    360.48662582978204,
                    456.7326488697872
                ],
                [
                    371.77100483909453,
                    441.05811087651205
                ],
                [
                    376.1980256428942,
                    422.25838115156216
                ],
                [
                    373.09371445484703,
                    403.19554812558727
                ],
                [
                    362.9306745126819,
                    386.7717553217799
                ],
                [
                    347.2561365194065,
                    375.48737631246763
                ],
                [
                    328.4564067944566,
                    371.0603555086677
                ],
                [
                    309.39357376848193,
                    374.16466669671513
                ],
                [
                    292.96978096467456,
                    384.3277066388805
                ],
                [
                    281.68540195536207,
                    400.0022446321557
                ],
                [
                    277.2583811515624,
                    418.80197435710556
                ],
                [
                    280.36269233960957,
                    437.8648073830807
                ],
                [
                    290.5257322817747,
                    454.28860018688783
                ],
                [
                    306.2002702750501,
                    465.5729791962001
                ]
            ],
            "tags": [
                "mirror ball"
            ],
            "type": "region"
        }
    ],
    "size": [
        2592,
        1728
    ]
}