{
    "objects": [
        {
            "data": [
                [
                    380.0,
                    551.0
                ],
                [
                    399.00717081494486,
                    546.6034337199283
                ],
                [
                    414.8850138271405,
                    535.267806753428
                ],
                [
                    425.21627137098403,
                    518.7188655484345
                ],
                [
                    428.4281031385094,
                    499.47603638688224
                ],
                [
                    424.0315368584379,
                    480.46886557193716
                ],
                [
                    412.6959098919374,
                    464.59102255974176
                ],
                [
                    396.14696868694364,
                    454.259765015898
                ],
                [
                    376.90413952539166,
                    451.04793324837283
                ],
                [
                    357.8969687104468,
                    455.44449952844457
                ],
                [
                    342.0191256982512,
                    466.78012649494485
                ],
                [
                    331.6878681544076,
                    483.3290676999384
                ],
                [
                    328.47603638688224,
                    502.5718968614906
                ],
                [
                    332.87260266695375,
                    521.5790676764357
                ],
                [
                    344.20822963345427,
                    537.4569106886311
                ],
                [
                    360.757170838448,
                    547.7881682324748
                ]
            ],
            "tags": [
                "mirror ball"
            ],
            "type": "region"
        }
    ],
    "size": [
        2592,
        1728
    ]
}