{
    "objects": [
        {
            "data": [
                [
                    328.0,
                    419.0
                ],
                [
                    346.8284396432655,
                    415.6803094299762
                ],
                [
                    362.9532590770759,
                    405.4079833492965
                ],
                [
                    373.91960071448557,
                    389.7468902848768
                ],
                [
                    378.0579384513335,
                    371.08128968761275
                ],
                [
                    374.7382478813097,
                    352.25285004434727
                ],
                [
                    364.46592180063,
                    336.1280306105368
                ],
                [
                    348.80482873620986,
                    325.1616889731272
                ],
                [
                    330.13922813894624,
                    321.02335123627927
                ],
                [
                    311.31078849568075,
                    324.34304180630306
                ],
                [
                    295.1859690618703,
                    334.61536788698277
                ],
                [
                    284.21962742446067,
                    350.27646095140244
                ],
                [
                    280.08128968761275,
                    368.9420615486665
                ],
                [
                    283.40098025763655,
                    387.770501191932
                ],
                [
                    293.67330633831625,
                    403.89532062574244
                ],
                [
                    309.3343994027364,
                    414.8616622631521
                ]
            ],
            "tags": [
                "mirror ball"
            ],
            "type": "region"
        }
    ],
    "size": [
        2592,
        1728
    ]
}