{
    "objects": [
        {
            "data": [
                [
                    335.0,
                    356.0
                ],
                [
                    354.19642740166137,
                    352.521564653998
                ],
                [
                    370.6004741979268,
                    341.9617547054479
                ],
                [
                    381.7147729671201,
                    325.9282054941011
                ],
                [
                    385.847272473,
                    306.8618795428995
                ],
                [
                    382.36883712699773,
                    287.6654521412381
                ],
                [
                    371.80902717844765,
                    271.26140534497256
                ],
                [
                    355.77547796710087,
                    260.14710657577973
                ],
                [
                    336.70915201589924,
                    256.01460706989974
                ],
                [
                    317.51272461423787,
                    259.49304241590164
                ],
                [
                    301.1086778179724,
                    270.0528523644517
                ],
                [
                    289.99437904877914,
                    286.0864015757986
                ],
                [
                    285.86187954289926,
                    305.15272752700025
                ],
                [
                    289.3403148889015,
                    324.3491549286616
                ],
                [
                    299.9001248374516,
                    340.75320172492707
                ],
                [
                    315.93367404879837,
                    351.8675004941201
                ]
            ],
            "tags": [
                "mirror ball"
            ],
            "type": "region"
        }
    ],
    "size": [
        2592,
        1728
    ]
}