{
    "objects": [
        {
            "data": [
                [
                    378.0,
                    505.0
                ],
                [
                    397.3255133344369,
                    501.15591639182
                ],
                [
                    413.70889244992077,
                    490.20889244992077
                ],
                [
                    424.65591639182,
                    473.8255133344371
                ],
                [
                    428.5,
                    454.5
                ],
                [
                    424.65591639182,
                    435.1744866655629
                ],
                [
                    413.70889244992077,
                    418.79110755007946
                ],
                [
                    397.3255133344369,
                    407.84408360818
                ],
                [
                    378.0,
                    404.0
                ],
                [
                    358.6744866655631,
                    407.84408360818
                ],
                [
                    342.29110755007923,
                    418.79110755007923
                ],
                [
                    331.34408360818,
                    435.1744866655629
                ],
                [
                    327.5,
                    454.5
                ],
                [
                    331.34408360818,
                    473.8255133344371
                ],
                [
                    342.29110755007923,
                    490.20889244992077
                ],
                [
                    358.6744866655631,
                    501.15591639182
                ]
            ],
            "tags": [
                "mirror ball"
            ],
            "type": "region"
        }
    ],
    "size": [
        2592,
        1728
    ]
}