{
    "objects": [
        {
            "data": [
                [
                    364.0,
                    453.0
                ],
                [
                    382.9915905227904,
                    449.4860506060693
                ],
                [
                    399.19280208140435,
                    438.97181763540243
                ],
                [
                    410.1371470803929,
                    423.0579977460243
                ],
                [
                    414.1584482043936,
                    404.16732575695664
                ],
                [
                    410.64449881046266,
                    385.1757352341665
                ],
                [
                    400.1302658397958,
                    368.97452367555184
                ],
                [
                    384.2164459504179,
                    358.03017867656376
                ],
                [
                    365.32577396135,
                    354.00887755256326
                ],
                [
                    346.33418343855965,
                    357.522826946494
                ],
                [
                    330.13297187994567,
                    368.03705991716083
                ],
                [
                    319.18862688095714,
                    383.95087980653875
                ],
                [
                    315.1673257569564,
                    402.8415517956066
                ],
                [
                    318.68127515088736,
                    421.83314231839677
                ],
                [
                    329.1955081215542,
                    438.0343538770114
                ],
                [
                    345.10932801093213,
                    448.9786988759995
                ]
            ],
            "tags": [
                "mirror ball"
            ],
            "type": "region"
        }
    ],
    "size": [
        2592,
        1728
    ]
}