{
    "objects": [
        {
            "data": [
                [
                    353.0,
                    424.0
                ],
                [
                    371.4164987037652,
                    420.5947555620494
                ],
                [
                    387.1279942871379,
                    410.4010309865248
                ],
                [
                    397.7425539726114,
                    394.9707284337062
                ],
                [
                    401.6442072692953,
                    376.6529715912195
                ],
                [
                    398.23896283134445,
                    358.23647288745383
                ],
                [
                    388.04523825581964,
                    342.5249773040814
                ],
                [
                    372.61493570300127,
                    331.9104176186081
                ],
                [
                    354.2971788605146,
                    328.00876432192445
                ],
                [
                    335.88068015674935,
                    331.41400875987506
                ],
                [
                    320.1691845733767,
                    341.60773333539964
                ],
                [
                    309.5546248879032,
                    357.03803588821825
                ],
                [
                    305.6529715912193,
                    375.35579273070493
                ],
                [
                    309.0582160291701,
                    393.7722914344706
                ],
                [
                    319.25194060469494,
                    409.48378701784304
                ],
                [
                    334.6822431575133,
                    420.09834670331634
                ]
            ],
            "tags": [
                "mirror ball"
            ],
            "type": "region"
        }
    ],
    "size": [
        2592,
        1728
    ]
}