{
    "objects": [
        {
            "data": [
                [
                    304.0,
                    534.0
                ],
                [
                    322.7672565709936,
                    530.3502649850589
                ],
                [
                    338.70924767558245,
                    519.7964313450007
                ],
                [
                    349.3989496826016,
                    503.94522458078427
                ],
                [
                    353.2089523638715,
                    485.20984723071433
                ],
                [
                    349.55921734893036,
                    466.4425906597203
                ],
                [
                    339.0053837088726,
                    450.5005995551319
                ],
                [
                    323.1541769446558,
                    439.8108975481132
                ],
                [
                    304.41879959458583,
                    436.0008948668428
                ],
                [
                    285.65154302359224,
                    439.65062988178397
                ],
                [
                    269.7095519190034,
                    450.2044635218422
                ],
                [
                    259.01984991198424,
                    466.05567028605856
                ],
                [
                    255.20984723071433,
                    484.7910476361285
                ],
                [
                    258.8595822456555,
                    503.55830420712255
                ],
                [
                    269.4134158857132,
                    519.5002953117109
                ],
                [
                    285.26462264993006,
                    530.1899973187296
                ]
            ],
            "tags": [
                "mirror ball"
            ],
            "type": "region"
        }
    ],
    "size": [
        2592,
        1728
    ]
}