{
    "objects": [
        {
            "data": [
                [
                    375.0,
                    510.0
                ],
                [
                    394.1956745059206,
                    506.5174122112546
                ],
                [
                    410.5974366461792,
                    495.95405402657025
                ],
                [
                    421.70826681726567,
                    479.9181009724846
                ],
                [
                    425.8366418455589,
                    460.8508815352061
                ],
                [
                    422.3540540568133,
                    441.65520702928575
                ],
                [
                    411.79069587212916,
                    425.2534448890269
                ],
                [
                    395.75474281804327,
                    414.1426147179402
                ],
                [
                    376.687523380765,
                    410.0142396896472
                ],
                [
                    357.49184887484444,
                    413.49682747839256
                ],
                [
                    341.09008673458584,
                    424.06018566307694
                ],
                [
                    329.97925656349935,
                    440.0961387171626
                ],
                [
                    325.8508815352061,
                    459.1633581544411
                ],
                [
                    329.3334693239517,
                    478.35903266036144
                ],
                [
                    339.89682750863585,
                    494.76079480062026
                ],
                [
                    355.93278056272175,
                    505.871624971707
                ]
            ],
            "tags": [
                "mirror ball"
            ],
            "type": "region"
        }
    ],
    "size": [
        2592,
        1728
    ]
}