{
    "objects": [
        {
            "data": [
                [
                    256.0,
                    372.0
                ],
                [
                    274.0015726635852,
                    368.50091340450126
                ],
                [
                    289.2938147319778,
                    358.37927530156503
                ],
                [
                    299.54862097478554,
                    343.1760133394855
                ],
                [
                    303.2047901015899,
                    325.2056863340763
                ],
                [
                    299.70570350609114,
                    307.2041136704911
                ],
                [
                    289.5840654031549,
                    291.911871602098
                ],
                [
                    274.3808034410754,
                    281.65706535929075
                ],
                [
                    256.41047643566617,
                    278.0008962324864
                ],
                [
                    238.40890377208098,
                    281.49998282798515
                ],
                [
                    223.11666170368835,
                    291.6216209309214
                ],
                [
                    212.86185546088063,
                    306.8248828930009
                ],
                [
                    209.2056863340763,
                    324.7952098984101
                ],
                [
                    212.70477292957503,
                    342.7967825619953
                ],
                [
                    222.82641103251126,
                    358.0890246303884
                ],
                [
                    238.02967299459078,
                    368.34383087319566
                ]
            ],
            "tags": [
                "mirror ball"
            ],
            "type": "region"
        }
    ],
    "size": [
        2592,
        1728
    ]
}