{
    "objects": [
        {
            "data": [
                [
                    388.0,
                    508.0
                ],
                [
                    406.673806822836,
                    503.89885093855355
                ],
                [
                    422.3567129410485,
                    492.9637267706196
                ],
                [
                    432.6611380640379,
                    476.85940102361883
                ],
                [
                    436.018326876675,
                    458.0376113064558
                ],
                [
                    431.91717781522857,
                    439.3638044836198
                ],
                [
                    420.9820536472944,
                    423.6808983654071
                ],
                [
                    404.8777279002943,
                    413.3764732424179
                ],
                [
                    386.0559381831308,
                    410.0192844297808
                ],
                [
                    367.3821313602948,
                    414.12043349122723
                ],
                [
                    351.6992252420823,
                    425.0555576591612
                ],
                [
                    341.3948001190929,
                    441.15988340616195
                ],
                [
                    338.0376113064558,
                    459.981673123325
                ],
                [
                    342.13876036790225,
                    478.655479946161
                ],
                [
                    353.07388453583644,
                    494.3383860643737
                ],
                [
                    369.178210282837,
                    504.6428111873629
                ]
            ],
            "tags": [
                "mirror ball"
            ],
            "type": "region"
        }
    ],
    "size": [
        2592,
        1728
    ]
}