{
    "objects": [
        {
            "data": [
                [
                    327.0,
                    385.0
                ],
                [
                    346.034648876097,
                    381.727311030339
                ],
                [
                    362.3679675332887,
                    371.41949590922445
                ],
                [
                    373.5133562679198,
                    355.64582604826956
                ],
                [
                    377.7740306783435,
                    336.8076996951313
                ],
                [
                    374.5013417086825,
                    317.7730508190343
                ],
                [
                    364.19352658756816,
                    301.4397321618428
                ],
                [
                    348.41985672661303,
                    290.2943434272115
                ],
                [
                    329.5817303734748,
                    286.0336690167878
                ],
                [
                    310.5470814973778,
                    289.3063579864488
                ],
                [
                    294.21376284018606,
                    299.6141731075634
                ],
                [
                    283.068374105555,
                    315.38784296851827
                ],
                [
                    278.8076996951313,
                    334.2259693216565
                ],
                [
                    282.0803886647923,
                    353.2606181977535
                ],
                [
                    292.3882037859071,
                    369.593936854945
                ],
                [
                    308.16187364686175,
                    380.7393255895763
                ]
            ],
            "tags": [
                "mirror ball"
            ],
            "type": "region"
        }
    ],
    "size": [
        2592,
        1728
    ]
}