{
    "objects": [
        {
            "data": [
                [
                    360.0,
                    522.0
                ],
                [
                    379.2614061070535,
                    515.6236591246916
                ],
                [
                    394.6165049646552,
                    502.361667296454
                ],
                [
                    403.727621966053,
                    484.2330425508808
                ],
                [
                    405.20767214026546,
                    463.99770366909365
                ],
                [
                    398.8313312649566,
                    444.73629756204036
                ],
                [
                    385.569339436719,
                    429.3811987044387
                ],
                [
                    367.44071469114624,
                    420.2700817030409
                ],
                [
                    347.2053758093589,
                    418.7900315288284
                ],
                [
                    327.94396970230537,
                    425.16637240413684
                ],
                [
                    312.5888708447037,
                    438.4283642323744
                ],
                [
                    303.4777538433059,
                    456.5569889779474
                ],
                [
                    301.9977036690934,
                    476.79232785973477
                ],
                [
                    308.3740445444023,
                    496.0537339667883
                ],
                [
                    321.63603637263986,
                    511.4088328243897
                ],
                [
                    339.76466111821264,
                    520.5199498257875
                ]
            ],
            "tags": [
                "mirror ball"
            ],
            "type": "region"
        }
    ],
    "size": [
        2592,
        1728
    ]
}