{
    "objects": [
        {
            "data": [
                [
                    330.0,
                    477.0
                ],
                [
                    348.959103124414,
                    473.31479177708115
                ],
                [
                    365.0647623241043,
                    462.6547686686697
                ],
                [
                    375.8650369840825,
                    446.642822559671
                ],
                [
                    379.7156831921002,
                    427.7166270965274
                ],
                [
                    376.03047496918134,
                    408.7575239721132
                ],
                [
                    365.37045186076966,
                    392.6518647724231
                ],
                [
                    349.35850575177074,
                    381.85159011244514
                ],
                [
                    330.4323102886274,
                    378.00094390442746
                ],
                [
                    311.47320716421336,
                    381.6861521273463
                ],
                [
                    295.36754796452306,
                    392.34617523575776
                ],
                [
                    284.56727330454487,
                    408.35812134475646
                ],
                [
                    280.7166270965272,
                    427.28431680790004
                ],
                [
                    284.40183531944604,
                    446.2434199323143
                ],
                [
                    295.0618584278577,
                    462.34907913200436
                ],
                [
                    311.07380453685664,
                    473.14935379198255
                ]
            ],
            "tags": [
                "mirror ball"
            ],
            "type": "region"
        }
    ],
    "size": [
        2592,
        1728
    ]
}