{
    "objects": [
        {
            "data": [
                [
                    390.0,
                    517.0
                ],
                [
                    409.2525857348851,
                    513.847179046559
                ],
                [
                    425.8331232991691,
                    503.5667067070731
                ],
                [
                    437.2173761516369,
                    487.723691702515
                ],
                [
                    441.67219499400926,
                    468.7300894500404
                ],
                [
                    438.51937404056844,
                    449.4775037151551
                ],
                [
                    428.23890170108234,
                    432.89696615087087
                ],
                [
                    412.3958866965245,
                    421.51271329840324
                ],
                [
                    393.40228444404966,
                    417.05789445603114
                ],
                [
                    374.14969870916457,
                    420.2107154094722
                ],
                [
                    357.5691611448806,
                    430.49118774895805
                ],
                [
                    346.18490829241273,
                    446.33420275351614
                ],
                [
                    341.7300894500404,
                    465.32780500599074
                ],
                [
                    344.8829104034812,
                    484.58039074087606
                ],
                [
                    355.1633827429673,
                    501.16092830516027
                ],
                [
                    371.00639774752517,
                    512.5451811576279
                ]
            ],
            "tags": [
                "mirror ball"
            ],
            "type": "region"
        }
    ],
    "size": [
        2592,
        1728
    ]
}