{
    "objects": [
        {
            "data": [
                [
                    366.0,
                    524.0
                ],
                [
                    384.3382867966898,
                    519.3292423887551
                ],
                [
                    399.49323307505665,
                    507.9962664953521
                ],
                [
                    409.1576356441501,
                    491.72641516587896
                ],
                [
                    411.8601768208523,
                    472.99662577867866
                ],
                [
                    407.18941920960697,
                    454.6583389819889
                ],
                [
                    395.85644331620415,
                    439.5033927036218
                ],
                [
                    379.5865919867315,
                    429.83899013452856
                ],
                [
                    360.85680259953097,
                    427.13644895782636
                ],
                [
                    342.5185158028412,
                    431.80720656907124
                ],
                [
                    327.3635695244743,
                    443.1401824624743
                ],
                [
                    317.69916695538086,
                    459.4100337919474
                ],
                [
                    314.99662577867866,
                    478.1398231791477
                ],
                [
                    319.667383389924,
                    496.4781099758377
                ],
                [
                    331.0003592833268,
                    511.6330562542046
                ],
                [
                    347.2702106127995,
                    521.2974588232978
                ]
            ],
            "tags": [
                "mirror ball"
            ],
            "type": "region"
        }
    ],
    "size": [
        2592,
        1728
    ]
}