{
    "objects": [
        {
            "data": [
                [
                    367.0,
                    375.0
                ],
                [
                    386.0458142906573,
                    371.79292829294013
                ],
                [
                    402.4145590851085,
                    361.5414627985547
                ],
                [
                    413.6142413714383,
                    345.80629620859736
                ],
                [
                    417.9398110469265,
                    326.9829649967494
                ],
                [
                    414.73273933986684,
                    307.93715070609187
                ],
                [
                    404.48127384548116,
                    291.5684059116411
                ],
                [
                    388.7461072555243,
                    280.36872362531096
                ],
                [
                    369.9227760436761,
                    276.0431539498227
                ],
                [
                    350.8769617530188,
                    279.25022565688244
                ],
                [
                    334.5082169585676,
                    289.501691151268
                ],
                [
                    323.3085346722378,
                    305.2368577412253
                ],
                [
                    318.9829649967496,
                    324.0601889530733
                ],
                [
                    322.19003670380926,
                    343.1060032437308
                ],
                [
                    332.44150219819494,
                    359.4747480381816
                ],
                [
                    348.1766687881518,
                    370.6744303245116
                ]
            ],
            "tags": [
                "mirror ball"
            ],
            "type": "region"
        }
    ],
    "size": [
        2592,
        1728
    ]
}