{
    "objects": [
        {
            "data": [
                [
                    379.0,
                    557.0
                ],
                [
                    397.7144900470107,
                    552.2254619900164
                ],
                [
                    413.17728776921194,
                    540.6526387592432
                ],
                [
                    423.0343223840091,
                    524.0433877366618
                ],
                [
                    425.7849497255406,
                    504.9263168272241
                ],
                [
                    421.010411715557,
                    486.2118267802134
                ],
                [
                    409.4375884847841,
                    470.74902905801196
                ],
                [
                    392.82833746220194,
                    460.891994443215
                ],
                [
                    373.71126655276476,
                    458.1413671016835
                ],
                [
                    354.99677650575404,
                    462.9159051116669
                ],
                [
                    339.5339787835528,
                    474.48872834244025
                ],
                [
                    329.67694416875565,
                    491.09797936502173
                ],
                [
                    326.9263168272241,
                    510.2150502744594
                ],
                [
                    331.70085483720777,
                    528.9295403214701
                ],
                [
                    343.27367806798065,
                    544.3923380436715
                ],
                [
                    359.8829290905628,
                    554.2493726584687
                ]
            ],
            "tags": [
                "mirror ball"
            ],
            "type": "region"
        }
    ],
    "size": [
        2592,
        1728
    ]
}