{
    "objects": [
        {
            "data": [
                [
                    313.0,
                    457.0
                ],
                [
                    331.7012465027897,
                    453.0258505158099
                ],
                [
                    347.45810421382384,
                    442.1975579470329
                ],
                [
                    357.87173438286754,
                    426.1636316785489
                ],
                [
                    361.35675621647715,
                    407.36509163683127
                ],
                [
                    357.38260673228706,
                    388.66384513404137
                ],
                [
                    346.5543141635103,
                    372.9069874230074
                ],
                [
                    330.5203878950265,
                    362.4933572539635
                ],
                [
                    311.72184785330865,
                    359.0083354203539
                ],
                [
                    293.020601350519,
                    362.982484904544
                ],
                [
                    277.2637436394848,
                    373.81077747332097
                ],
                [
                    266.8501134704411,
                    389.844703741805
                ],
                [
                    263.3650916368315,
                    408.6432437835226
                ],
                [
                    267.3392411210216,
                    427.3444902863125
                ],
                [
                    278.16753368979835,
                    443.10134799734647
                ],
                [
                    294.20145995828216,
                    453.5149781663904
                ]
            ],
            "tags": [
                "mirror ball"
            ],
            "type": "region"
        }
    ],
    "size": [
        2592,
        1728
    ]
}