{
    "objects": [
        {
            "data": [
                [
                    399.0,
                    502.0
                ],
                [
                    417.6104980673349,
                    497.62051982919
                ],
                [
                    433.1284018178462,
                    486.452478457908
                ],
                [
                    443.1912510756665,
                    470.19610894638436
                ],
                [
                    446.2670682612479,
                    451.32629618839223
                ],
                [
                    441.88758809043793,
                    432.7157981210571
                ],
                [
                    430.71954671915546,
                    417.1978943705458
                ],
                [
                    414.46317720763227,
                    407.13504511272595
                ],
                [
                    395.5933644496399,
                    404.05922792714455
                ],
                [
                    376.982866382305,
                    408.43870809795453
                ],
                [
                    361.4649626317937,
                    419.60674946923655
                ],
                [
                    351.4021133739734,
                    435.8631189807602
                ],
                [
                    348.326296188392,
                    454.7329317387523
                ],
                [
                    352.705776359202,
                    473.34342980608744
                ],
                [
                    363.87381773048446,
                    488.86133355659877
                ],
                [
                    380.13018724200765,
                    498.9241828144186
                ]
            ],
            "tags": [
                "mirror ball"
            ],
            "type": "region"
        }
    ],
    "size": [
        2592,
        1728
    ]
}