{
    "objects": [
        {
            "data": [
                [
                    378.0,
                    539.0
                ],
                [
                    397.3255133344369,
                    535.15591639182
                ],
                [
                    413.70889244992077,
                    524.2088924499208
                ],
                [
                    424.65591639182,
                    507.8255133344371
                ],
                [
                    428.5,
                    488.5
                ],
                [
                    424.65591639182,
                    469.1744866655629
                ],
                [
                    413.70889244992077,
                    452.79110755007946
                ],
                [
                    397.3255133344369,
                    441.84408360818
                ],
                [
                    378.0,
                    438.0
                ],
                [
                    358.6744866655631,
                    441.84408360818
                ],
                [
                    342.29110755007923,
                    452.79110755007923
                ],
                [
                    331.34408360818,
                    469.1744866655629
                ],
                [
                    327.5,
                    488.5
                ],
                [
                    331.34408360818,
                    507.8255133344371
                ],
                [
                    342.29110755007923,
                    524.2088924499208
                ],
                [
                    358.6744866655631,
                    535.15591639182
                ]
            ],
            "tags": [
                "mirror ball"
            ],
            "type": "region"
        }
    ],
    "size": [
        2592,
        1728
    ]
}