{
    "objects": [
        {
            "data": [
                [
                    314.0,
                    421.0
                ],
                [
                    332.63694415414557,
                    417.71776723922585
                ],
                [
                    348.59917930800293,
                    407.55332981290326
                ],
                [
                    359.4565998574185,
                    392.05413117833587
                ],
                [
                    363.5562619465063,
                    373.5797838270503
                ],
                [
                    360.27402918573216,
                    354.9428396729045
                ],
                [
                    350.10959175940934,
                    338.98060451904735
                ],
                [
                    334.6103931248422,
                    328.123183969632
                ],
                [
                    316.13604577355636,
                    324.0235218805442
                ],
                [
                    297.4991016194108,
                    327.30575464131834
                ],
                [
                    281.53686646555343,
                    337.47019206764094
                ],
                [
                    270.6794459161383,
                    352.96939070220833
                ],
                [
                    266.57978382705005,
                    371.4437380534939
                ],
                [
                    269.86201658782466,
                    390.0806822076397
                ],
                [
                    280.026454014147,
                    406.04291736149685
                ],
                [
                    295.52565264871464,
                    416.9003379109122
                ]
            ],
            "tags": [
                "mirror ball"
            ],
            "type": "region"
        }
    ],
    "size": [
        2592,
        1728
    ]
}