{
    "objects": [
        {
            "data": [
                [
                    390.0,
                    525.0
                ],
                [
                    409.79861025844957,
                    521.5654619483978
                ],
                [
                    426.7758002382229,
                    510.8157624091293
                ],
                [
                    438.34694666351106,
                    494.38744569077903
                ],
                [
                    442.75044738376664,
                    474.781574090654
                ],
                [
                    439.3159093321642,
                    454.98296383220463
                ],
                [
                    428.56620979289573,
                    438.0057738524308
                ],
                [
                    412.13789307454545,
                    426.43462742714314
                ],
                [
                    392.5320214744206,
                    422.03112670688733
                ],
                [
                    372.73341121597105,
                    425.46566475848954
                ],
                [
                    355.7562212361977,
                    436.215364297758
                ],
                [
                    344.18507481090955,
                    452.6436810161083
                ],
                [
                    339.781574090654,
                    472.24955261623336
                ],
                [
                    343.2161121422564,
                    492.0481628746827
                ],
                [
                    353.9658116815249,
                    509.0253528544565
                ],
                [
                    370.39412839987517,
                    520.5964992797444
                ]
            ],
            "tags": [
                "mirror ball"
            ],
            "type": "region"
        }
    ],
    "size": [
        2592,
        1728
    ]
}