{
    "objects": [
        {
            "data": [
                [
                    303.0,
                    379.0
                ],
                [
                    321.95938915261786,
                    375.3162635968313
                ],
                [
                    338.0658758489458,
                    364.6574908143075
                ],
                [
                    348.86739349513164,
                    348.64638318655216
                ],
                [
                    352.71950894554675,
                    329.72048670883896
                ],
                [
                    349.0357725423778,
                    310.7610975562211
                ],
                [
                    338.37699975985424,
                    294.65461085989364
                ],
                [
                    322.3658921320989,
                    283.8530932137071
                ],
                [
                    303.4399956543857,
                    280.0009777632922
                ],
                [
                    284.48060650176785,
                    283.68471416646094
                ],
                [
                    268.37411980543993,
                    294.3434869489847
                ],
                [
                    257.5726021592541,
                    310.35459457674006
                ],
                [
                    253.72048670883896,
                    329.28049105445325
                ],
                [
                    257.4042231120079,
                    348.2398802070711
                ],
                [
                    268.0629958945319,
                    364.3463669033986
                ],
                [
                    284.0741035222868,
                    375.1478845495851
                ]
            ],
            "tags": [
                "mirror ball"
            ],
            "type": "region"
        }
    ],
    "size": [
        2592,
        1728
    ]
}