{
    "objects": [
        {
            "data": [
                [
                    343.0,
                    534.0
                ],
                [
                    362.3773141223155,
                    529.472487517256
                ],
                [
                    378.5470140179923,
                    517.8742343229153
                ],
                [
                    389.0474094566084,
                    500.9709693273892
                ],
                [
                    392.2799104189562,
                    481.3360613977677
                ],
                [
                    387.75239793621176,
                    461.9587472754522
                ],
                [
                    376.1541447418713,
                    445.7890473797754
                ],
                [
                    359.25087974634516,
                    435.2886519411595
                ],
                [
                    339.6159718167237,
                    432.05615097881173
                ],
                [
                    320.2386576944082,
                    436.5836634615557
                ],
                [
                    304.0689577987314,
                    448.18191665589643
                ],
                [
                    293.56856236011527,
                    465.08518165142254
                ],
                [
                    290.3360613977675,
                    484.720089581044
                ],
                [
                    294.8635738805119,
                    504.09740370335953
                ],
                [
                    306.4618270748524,
                    520.2671035990363
                ],
                [
                    323.3650920703785,
                    530.7674990376522
                ]
            ],
            "tags": [
                "mirror ball"
            ],
            "type": "region"
        }
    ],
    "size": [
        2592,
        1728
    ]
}