{
    "objects": [
        {
            "data": [
                [
                    302.0,
                    438.0
                ],
                [
                    321.1825904022494,
                    434.4460496763336
                ],
                [
                    337.5449551471197,
                    423.82176817594996
                ],
                [
                    348.5960725274099,
                    407.7446060479308
                ],
                [
                    352.6535101005993,
                    388.66216548642933
                ],
                [
                    349.09955977693335,
                    369.4795750841797
                ],
                [
                    338.4752782765495,
                    353.1172103393094
                ],
                [
                    322.39811614853033,
                    342.06609295901944
                ],
                [
                    303.31567558702864,
                    338.00865538583
                ],
                [
                    284.13308518477925,
                    341.56260570949644
                ],
                [
                    267.7707204399089,
                    352.18688720988007
                ],
                [
                    256.71960305961875,
                    368.2640493378992
                ],
                [
                    252.66216548642933,
                    387.3464898994007
                ],
                [
                    256.2161158100953,
                    406.5290803016503
                ],
                [
                    266.84039731047915,
                    422.89144504652063
                ],
                [
                    282.9175594384983,
                    433.9425624268106
                ]
            ],
            "tags": [
                "mirror ball"
            ],
            "type": "region"
        }
    ],
    "size": [
        2592,
        1728
    ]
}