{
    "objects": [
        {
            "data": [
                [
                    424.0,
                    370.0
                ],
                [
                    442.92619546314336,
                    366.1493537919823
                ],
                [
                    458.9381415721423,
                    355.34907913200436
                ],
                [
                    469.59816468055396,
                    339.2434199323143
                ],
                [
                    473.2833729034728,
                    320.28431680790004
                ],
                [
                    469.43272669545513,
                    301.35812134475646
                ],
                [
                    458.63245203547694,
                    285.34617523575776
                ],
                [
                    442.52679283578664,
                    274.6861521273462
                ],
                [
                    423.5676897113726,
                    271.00094390442746
                ],
                [
                    404.64149424822926,
                    274.851590112445
                ],
                [
                    388.62954813923034,
                    285.6518647724231
                ],
                [
                    377.96952503081866,
                    301.7575239721132
                ],
                [
                    374.2843168078998,
                    320.7166270965274
                ],
                [
                    378.1349630159175,
                    339.642822559671
                ],
                [
                    388.9352376758957,
                    355.6547686686697
                ],
                [
                    405.040896875586,
                    366.3147917770814
                ]
            ],
            "tags": [
                "mirror ball"
            ],
            "type": "region"
        }
    ],
    "size": [
        2592,
        1728
    ]
}