{
    "objects": [
        {
            "data": [
                [
                    367.0,
                    498.0
                ],
                [
                    386.45531958484844,
                    492.2423938976019
                ],
                [
                    402.2263506822842,
                    479.47783098684454
                ],
                [
                    411.91209677247525,
                    461.6496002598401
                ],
                [
                    414.03799081469697,
                    441.47188823146075
                ],
                [
                    408.2803847122991,
                    422.0165686466121
                ],
                [
                    395.51582180154173,
                    406.24553754917656
                ],
                [
                    377.6875910745375,
                    396.5597914589855
                ],
                [
                    357.50987904615795,
                    394.43389741676356
                ],
                [
                    338.0545594613095,
                    400.19150351916164
                ],
                [
                    322.28352836387376,
                    412.956066429919
                ],
                [
                    312.5977822736827,
                    430.78429715692346
                ],
                [
                    310.471888231461,
                    450.9620091853028
                ],
                [
                    316.22949433385884,
                    470.41732877015147
                ],
                [
                    328.9940572446162,
                    486.188359867587
                ],
                [
                    346.8222879716204,
                    495.87410595777806
                ]
            ],
            "tags": [
                "mirror ball"
            ],
            "type": "region"
        }
    ],
    "size": [
        2592,
        1728
    ]
}