{
    "objects": [
        {
            "data": [
                [
                    288.0,
                    438.0
                ],
                [
                    307.41590014033,
                    434.6421336883484
                ],
                [
                    324.0688530796979,
                    424.1097264219452
                ],
                [
                    335.4235976924788,
                    408.00624173059055
                ],
                [
                    339.7514770423941,
                    388.78328918009083
                ],
                [
                    336.39361073074224,
                    369.36738903976106
                ],
                [
                    325.86120346433927,
                    352.7144361003934
                ],
                [
                    309.7577187729844,
                    341.3596914876118
                ],
                [
                    290.5347662224849,
                    337.03181213769676
                ],
                [
                    271.1188660821549,
                    340.38967844934837
                ],
                [
                    254.46591314278703,
                    350.92208571575156
                ],
                [
                    243.11116853000613,
                    367.0255704071062
                ],
                [
                    238.78328918009083,
                    386.2485229576059
                ],
                [
                    242.14115549174267,
                    405.6644230979357
                ],
                [
                    252.67356275814564,
                    422.31737603730335
                ],
                [
                    268.7770474495005,
                    433.67212065008493
                ]
            ],
            "tags": [
                "mirror ball"
            ],
            "type": "region"
        }
    ],
    "size": [
        2592,
        1728
    ]
}