{
    "objects": [
        {
            "data": [
                [
                    375.0,
                    512.0
                ],
                [
                    393.560146469707,
                    508.3081573267973
                ],
                [
                    409.29467888754743,
                    497.79467888754766
                ],
                [
                    419.8081573267973,
                    482.06014646970675
                ],
                [
                    423.5,
                    463.5
                ],
                [
                    419.8081573267973,
                    444.93985353029325
                ],
                [
                    409.29467888754743,
                    429.20532111245234
                ],
                [
                    393.560146469707,
                    418.6918426732027
                ],
                [
                    375.0,
                    415.0
                ],
                [
                    356.439853530293,
                    418.6918426732027
                ],
                [
                    340.70532111245257,
                    429.20532111245234
                ],
                [
                    330.1918426732027,
                    444.939853530293
                ],
                [
                    326.5,
                    463.5
                ],
                [
                    330.1918426732027,
                    482.060146469707
                ],
                [
                    340.70532111245257,
                    497.79467888754766
                ],
                [
                    356.439853530293,
                    508.3081573267975
                ]
            ],
            "tags": [
                "mirror ball"
            ],
            "type": "region"
        }
    ],
    "size": [
        2592,
        1728
    ]
}