{
    "objects": [
        {
            "data": [
                [
                    336.0,
                    452.0
                ],
                [
                    354.28309580074983,
                    447.93902448559516
                ],
                [
                    369.6204057534028,
                    437.19053447051624
                ],
                [
                    379.6769634507277,
                    421.3908901242544
                ],
                [
                    382.92174914623047,
                    402.9454440743957
                ],
                [
                    378.86077363182585,
                    384.6623482736459
                ],
                [
                    368.1122836167465,
                    369.32503832099314
                ],
                [
                    352.3126392704853,
                    359.26848062366776
                ],
                [
                    333.8671932206262,
                    356.02369492816524
                ],
                [
                    315.58409741987634,
                    360.0846704425701
                ],
                [
                    300.2467874672234,
                    370.833160457649
                ],
                [
                    290.19022976989845,
                    386.63280480391063
                ],
                [
                    286.9454440743957,
                    405.07825085376953
                ],
                [
                    291.0064195888003,
                    423.36134665451937
                ],
                [
                    301.7549096038797,
                    438.6986566071721
                ],
                [
                    317.55455395014087,
                    448.7552143044975
                ]
            ],
            "tags": [
                "mirror ball"
            ],
            "type": "region"
        }
    ],
    "size": [
        2592,
        1728
    ]
}