{
    "objects": [
        {
            "data": [
                [
                    333.0,
                    520.0
                ],
                [
                    352.27607106749383,
                    515.0591745550762
                ],
                [
                    368.1940665540046,
                    503.1178140141783
                ],
                [
                    378.33061594369883,
                    485.9938822709548
                ],
                [
                    381.1425214800447,
                    466.2943427044838
                ],
                [
                    376.20169603512113,
                    447.01827163698977
                ],
                [
                    364.26033549422255,
                    431.1002761504792
                ],
                [
                    347.1364037509993,
                    420.9637267607852
                ],
                [
                    327.43686418452853,
                    418.1518212244391
                ],
                [
                    308.1607931170347,
                    423.0926466693629
                ],
                [
                    292.2427976305239,
                    435.0340072102608
                ],
                [
                    282.1062482408297,
                    452.1579389534843
                ],
                [
                    279.2943427044838,
                    471.8574785199553
                ],
                [
                    284.2351681494074,
                    491.13354958744935
                ],
                [
                    296.176528690306,
                    507.0515450739599
                ],
                [
                    313.3004604335292,
                    517.1880944636539
                ]
            ],
            "tags": [
                "mirror ball"
            ],
            "type": "region"
        }
    ],
    "size": [
        2592,
        1728
    ]
}