{
    "objects": [
        {
            "data": [
                [
                    356.0,
                    425.0
                ],
                [
                    374.73509413728107,
                    421.18860490790735
                ],
                [
                    390.585506394445,
                    410.4977248618711
                ],
                [
                    401.1381551896852,
                    394.55494943583176
                ],
                [
                    404.78649540392416,
                    375.7874216667842
                ],
                [
                    400.9751003118313,
                    357.0523275295034
                ],
                [
                    390.2842202657953,
                    341.2019152723392
                ],
                [
                    374.3414448397557,
                    330.6492664770992
                ],
                [
                    355.5739170707084,
                    327.00092626286005
                ],
                [
                    336.8388229334273,
                    330.8123213549527
                ],
                [
                    320.98841067626336,
                    341.5032014009887
                ],
                [
                    310.43576188102315,
                    357.4459768270283
                ],
                [
                    306.7874216667842,
                    376.21350459607584
                ],
                [
                    310.5988167588771,
                    394.9485987333567
                ],
                [
                    321.2896968049131,
                    410.7990109905211
                ],
                [
                    337.2324722309527,
                    421.35165978576083
                ]
            ],
            "tags": [
                "mirror ball"
            ],
            "type": "region"
        }
    ],
    "size": [
        2592,
        1728
    ]
}