{
    "objects": [
        {
            "data": [
                [
                    346.0,
                    510.0
                ],
                [
                    364.50994524778116,
                    505.2133088876608
                ],
                [
                    379.77911742556944,
                    493.707533560206
                ],
                [
                    389.4829234846866,
                    477.2343240111279
                ],
                [
                    392.1440469178533,
                    458.3015770642569
                ],
                [
                    387.3573558055141,
                    439.79163181647596
                ],
                [
                    375.85158047805953,
                    424.5224596386877
                ],
                [
                    359.37837092898144,
                    414.8186535795703
                ],
                [
                    340.4456239821102,
                    412.1575301464036
                ],
                [
                    321.93567873432903,
                    416.9442212587428
                ],
                [
                    306.66650655654075,
                    428.4499965861976
                ],
                [
                    296.9627004974236,
                    444.9232061352757
                ],
                [
                    294.3015770642569,
                    463.8559530821467
                ],
                [
                    299.0882681765961,
                    482.36589832992763
                ],
                [
                    310.5940435040511,
                    497.6350705077159
                ],
                [
                    327.06725305312875,
                    507.3388765668333
                ]
            ],
            "tags": [
                "mirror ball"
            ],
            "type": "region"
        }
    ],
    "size": [
        2592,
        1728
    ]
}