{
    "objects": [
        {
            "data": [
                [
                    285.0,
                    366.0
                ],
                [
                    303.9266940466109,
                    362.151805177175
                ],
                [
                    319.94003889116993,
                    351.3536045021701
                ],
                [
                    330.6021479424253,
                    335.24932614182194
                ],
                [
                    334.28981174958244,
                    316.2907004908466
                ],
                [
                    330.4416169267579,
                    297.36400644423543
                ],
                [
                    319.64341625175257,
                    281.3506615996765
                ],
                [
                    303.53913789140415,
                    270.6885525484213
                ],
                [
                    284.580512240429,
                    267.00088874126413
                ],
                [
                    265.6538181938181,
                    270.84908356408914
                ],
                [
                    249.64047334925908,
                    281.6472842390939
                ],
                [
                    238.97836429800373,
                    297.7515625994422
                ],
                [
                    235.29070049084658,
                    316.71018825041756
                ],
                [
                    239.13889531367113,
                    335.6368822970287
                ],
                [
                    249.93709598867645,
                    351.6502271415875
                ],
                [
                    266.04137434902486,
                    362.31233619284285
                ]
            ],
            "tags": [
                "mirror ball"
            ],
            "type": "region"
        }
    ],
    "size": [
        2592,
        1728
    ]
}