{
    "objects": [
        {
            "data": [
                [
                    299.0,
                    358.0
                ],
                [
                    318.18081251305694,
                    354.43646681192376
                ],
                [
                    334.537867499047,
                    343.8040122679872
                ],
                [
                    345.58095161342544,
                    327.7213311890648
                ],
                [
                    349.62885540558455,
                    308.63686597955507
                ],
                [
                    346.0653222175083,
                    289.45605346649813
                ],
                [
                    335.4328676735722,
                    273.09899848050816
                ],
                [
                    319.3501865946496,
                    262.05591436612985
                ],
                [
                    300.26572138513984,
                    258.0080105739703
                ],
                [
                    281.0849088720829,
                    261.57154376204653
                ],
                [
                    264.7278538860928,
                    272.20399830598296
                ],
                [
                    253.6847697717144,
                    288.28667938490537
                ],
                [
                    249.6368659795553,
                    307.3711445944152
                ],
                [
                    253.20039916763153,
                    326.55195710747216
                ],
                [
                    263.8328537115676,
                    342.90901209346225
                ],
                [
                    279.91553479049026,
                    353.95209620784044
                ]
            ],
            "tags": [
                "mirror ball"
            ],
            "type": "region"
        }
    ],
    "size": [
        2592,
        1728
    ]
}