{
    "objects": [
        {
            "data": [
                [
                    380.0,
                    420.0
                ],
                [
                    398.9744739289413,
                    416.39476907142193
                ],
                [
                    415.12493988584174,
                    405.8027531960829
                ],
                [
                    425.9926358331022,
                    389.8364907741402
                ],
                [
                    429.923053578661,
                    370.9267005248055
                ],
                [
                    423.31782265008314,
                    352.95222659586443
                ],
                [
                    413.72580677474434,
                    339.80176063896397
                ],
                [
                    398.75954435280073,
                    329.9340646917035
                ],
                [
                    379.8497541034667,
                    327.0036469461443
                ],
                [
                    361.87528017452496,
                    330.60887787472257
                ],
                [
                    347.72481421762495,
                    338.20089375006137
                ],
                [
                    335.8571182703645,
                    352.16715617200407
                ],
                [
                    330.9267005248057,
                    370.0769464213388
                ],
                [
                    334.53193145338355,
                    389.05142035027984
                ],
                [
                    345.1239473287228,
                    405.2018863071803
                ],
                [
                    361.0902097506655,
                    416.069582254441
                ]
            ],
            "tags": [
                "mirror ball"
            ],
            "type": "region"
        }
    ],
    "size": [
        2592,
        1728
    ]
}