{
    "objects": [
        {
            "data": [
                [
                    338.0,
                    463.0
                ],
                [
                    356.432466186433,
                    459.6822742015049
                ],
                [
                    372.1922057335705,
                    449.56329581461296
                ],
                [
                    382.8799411577552,
                    434.183587569961
                ],
                [
                    386.86856162521826,
                    415.88457063039505
                ],
                [
                    383.55083582672296,
                    397.4521044439623
                ],
                [
                    373.4318574398312,
                    381.692364896825
                ],
                [
                    358.0521491951795,
                    371.0046294726401
                ],
                [
                    339.7531322556133,
                    367.0160090051768
                ],
                [
                    321.32066606918033,
                    370.33373480367186
                ],
                [
                    305.5609265220428,
                    380.4527131905638
                ],
                [
                    294.8731910978581,
                    395.8324214352158
                ],
                [
                    290.88457063039505,
                    414.13143837478174
                ],
                [
                    294.20229642889035,
                    432.5639045612145
                ],
                [
                    304.32127481578254,
                    448.3236441083518
                ],
                [
                    319.7009830604338,
                    459.0113795325367
                ]
            ],
            "tags": [
                "mirror ball"
            ],
            "type": "region"
        }
    ],
    "size": [
        2592,
        1728
    ]
}