{
    "objects": [
        {
            "data": [
                [
                    329.0,
                    379.0
                ],
                [
                    348.21205311326094,
                    375.60893046122465
                ],
                [
                    364.66396963163515,
                    365.1238562928645
                ],
                [
                    375.8510944021946,
                    349.14103498961845
                ],
                [
                    380.0702890901607,
                    330.09370621026983
                ],
                [
                    376.67921955138536,
                    310.8816530970091
                ],
                [
                    366.194145383025,
                    294.4297365786349
                ],
                [
                    350.2113240797794,
                    283.24261180807525
                ],
                [
                    331.16399530043054,
                    279.0234171201091
                ],
                [
                    311.9519421871696,
                    282.41448665888436
                ],
                [
                    295.5000256687954,
                    292.8995608272446
                ],
                [
                    284.31290089823597,
                    308.88238213049044
                ],
                [
                    280.09370621026983,
                    327.9297109098393
                ],
                [
                    283.4847757490452,
                    347.1417640231
                ],
                [
                    293.96984991740555,
                    363.5936805414742
                ],
                [
                    309.95267122065115,
                    374.78080531203386
                ]
            ],
            "tags": [
                "mirror ball"
            ],
            "type": "region"
        }
    ],
    "size": [
        2592,
        1728
    ]
}