{
    "objects": [
        {
            "data": [
                [
                    387.0,
                    505.0
                ],
                [
                    405.76875665944544,
                    502.5828709676209
                ],
                [
                    422.1838315532118,
                    493.16724270750524
                ],
                [
                    433.74617833174807,
                    478.186559269373
                ],
                [
                    438.6955345109559,
                    459.92149390644636
                ],
                [
                    436.2784054785766,
                    441.1527372470009
                ],
                [
                    426.86277721846136,
                    424.7376623532343
                ],
                [
                    411.8820937803289,
                    413.1753155746985
                ],
                [
                    393.61702841740225,
                    408.22595939549046
                ],
                [
                    374.8482717579568,
                    410.64308842786954
                ],
                [
                    358.43319686419045,
                    420.0587166879852
                ],
                [
                    346.8708500856542,
                    435.03940012611724
                ],
                [
                    341.92149390644636,
                    453.3044654890441
                ],
                [
                    344.33862293882567,
                    472.07322214848955
                ],
                [
                    353.7542511989409,
                    488.48829704225614
                ],
                [
                    368.73493463707337,
                    500.05064382079195
                ]
            ],
            "tags": [
                "mirror ball"
            ],
            "type": "region"
        }
    ],
    "size": [
        2592,
        1728
    ]
}