{
    "objects": [
        {
            "data": [
                [
                    341.0,
                    455.0
                ],
                [
                    359.7989385942046,
                    451.5171286828072
                ],
                [
                    375.8340560441775,
                    441.10533281243124
                ],
                [
                    386.6641510768618,
                    425.3497139269725
                ],
                [
                    390.6404398985874,
                    406.64892217670103
                ],
                [
                    387.15756858139457,
                    387.8499835824964
                ],
                [
                    376.7457727110186,
                    371.81486613252355
                ],
                [
                    360.9901538255599,
                    360.98477109983924
                ],
                [
                    342.2893620752884,
                    357.00848227811366
                ],
                [
                    323.4904234810838,
                    360.49135359530646
                ],
                [
                    307.4553060311109,
                    370.9031494656824
                ],
                [
                    296.6252109984266,
                    386.65876835114113
                ],
                [
                    292.64892217670103,
                    405.3595601014126
                ],
                [
                    296.13179349389384,
                    424.15849869561725
                ],
                [
                    306.5435893642698,
                    440.1936161455901
                ],
                [
                    322.2992082497285,
                    451.0237111782744
                ]
            ],
            "tags": [
                "mirror ball"
            ],
            "type": "region"
        }
    ],
    "size": [
        2592,
        1728
    ]
}