{
    "objects": [
        {
            "data": [
                [
                    312.0,
                    412.0
                ],
                [
                    326.323341051057,
                    410.31470149367055
                ],
                [
                    339.148161098537,
                    406.43908668681
                ],
                [
                    352.91303380758427,
                    390.87662841109136
                ],
                [
                    361.82686395708333,
                    374.99656986495756
                ],
                [
                    366.1415654507541,
                    355.6732288139003
                ],
                [
                    356.2659506438936,
                    338.84840876642056
                ],
                [
                    340.7034923681749,
                    327.08353605737307
                ],
                [
                    321.8234338220409,
                    322.16970590787423
                ],
                [
                    302.5000927709839,
                    324.8550044142037
                ],
                [
                    285.6752727235039,
                    334.7306192210642
                ],
                [
                    273.9104000144566,
                    350.29307749678287
                ],
                [
                    270.99656986495756,
                    368.17313604291667
                ],
                [
                    273.6818683712868,
                    389.4964770939739
                ],
                [
                    287.5574831781473,
                    398.3212971414539
                ],
                [
                    299.11994145386643,
                    408.08616985050116
                ]
            ],
            "tags": [
                "mirror ball"
            ],
            "type": "region"
        }
    ],
    "size": [
        2592,
        1728
    ]
}