{
    "objects": [
        {
            "data": [
                [
                    338.0,
                    486.0
                ],
                [
                    356.9961344197077,
                    481.55599116203007
                ],
                [
                    372.8456256513341,
                    470.18075643292786
                ],
                [
                    383.1355323308594,
                    453.60607218343944
                ],
                [
                    386.2993094445619,
                    434.3552838406631
                ],
                [
                    381.85530060659175,
                    415.3591494209552
                ],
                [
                    370.4800658774898,
                    399.509658189329
                ],
                [
                    353.9053816280016,
                    389.2197515098039
                ],
                [
                    334.654593285225,
                    386.0559743961012
                ],
                [
                    315.65845886551733,
                    390.4999832340711
                ],
                [
                    299.8089676338909,
                    401.8752179631733
                ],
                [
                    289.5190609543656,
                    418.44990221266175
                ],
                [
                    286.3552838406631,
                    437.7006905554381
                ],
                [
                    290.79929267863326,
                    456.696824975146
                ],
                [
                    302.17452740773524,
                    472.5463162067722
                ],
                [
                    318.74921165722344,
                    482.83622288629726
                ]
            ],
            "tags": [
                "mirror ball"
            ],
            "type": "region"
        }
    ],
    "size": [
        2592,
        1728
    ]
}