{
    "objects": [
        {
            "data": [
                [
                    356.0,
                    434.0
                ],
                [
                    375.02088748643973,
                    430.6482556546432
                ],
                [
                    391.3112390948704,
                    420.2726691458165
                ],
                [
                    402.39099646531304,
                    404.45282946456314
                ],
                [
                    406.57336697636856,
                    385.59716379514975
                ],
                [
                    403.221622631012,
                    366.5762763087098
                ],
                [
                    392.8460361221855,
                    350.28592470027934
                ],
                [
                    377.0261964409319,
                    339.2061673298365
                ],
                [
                    358.1705307715183,
                    335.0237968187812
                ],
                [
                    339.1496432850786,
                    338.375541164138
                ],
                [
                    322.8592916766479,
                    348.7511276729647
                ],
                [
                    311.7795343062053,
                    364.57096735421806
                ],
                [
                    307.59716379514975,
                    383.42663302363144
                ],
                [
                    310.9489081405063,
                    402.4475205100714
                ],
                [
                    321.3244946493328,
                    418.7378721185021
                ],
                [
                    337.14433433058684,
                    429.8176294889447
                ]
            ],
            "tags": [
                "mirror ball"
            ],
            "type": "region"
        }
    ],
    "size": [
        2592,
        1728
    ]
}