{
    "objects": [
        {
            "data": [
                [
                    292.0,
                    396.0
                ],
                [
                    310.75148818588923,
                    392.270097093053
                ],
                [
                    326.64823227814077,
                    381.64823227814077
                ],
                [
                    337.2700970930532,
                    365.75148818588946
                ],
                [
                    341.0,
                    347.0
                ],
                [
                    337.2700970930532,
                    328.24851181411054
                ],
                [
                    326.64823227814077,
                    312.35176772185923
                ],
                [
                    310.75148818588923,
                    301.729902906947
                ],
                [
                    292.0,
                    298.0
                ],
                [
                    273.24851181411077,
                    301.729902906947
                ],
                [
                    257.35176772185923,
                    312.35176772185923
                ],
                [
                    246.7299029069468,
                    328.24851181411054
                ],
                [
                    243.0,
                    347.0
                ],
                [
                    246.7299029069468,
                    365.75148818588946
                ],
                [
                    257.35176772185923,
                    381.64823227814077
                ],
                [
                    273.24851181411077,
                    392.270097093053
                ]
            ],
            "tags": [
                "mirror ball"
            ],
            "type": "region"
        }
    ],
    "size": [
        2592,
        1728
    ]
}