{
    "objects": [
        {
            "data": [
                [
                    360.0,
                    512.0
                ],
                [
                    378.4505034304466,
                    506.2897220652999
                ],
                [
                    393.3113171545556,
                    493.95341117485236
                ],
                [
                    402.3200169964434,
                    476.86915883279175
                ],
                [
                    404.10511006925026,
                    457.6378875890632
                ],
                [
                    398.39483213455014,
                    439.18738415861685
                ],
                [
                    386.05852124410285,
                    424.32657043450786
                ],
                [
                    368.97426890204224,
                    415.3178705926198
                ],
                [
                    349.74299765831347,
                    413.53277751981295
                ],
                [
                    331.29249422786734,
                    419.24305545451307
                ],
                [
                    316.4316805037579,
                    431.57936634496036
                ],
                [
                    307.42298066187004,
                    448.6636186870212
                ],
                [
                    305.6378875890632,
                    467.89488993074974
                ],
                [
                    311.3481655237633,
                    486.3453933611961
                ],
                [
                    323.6844764142106,
                    501.2062070853053
                ],
                [
                    340.7687287562717,
                    510.21490692719317
                ]
            ],
            "tags": [
                "mirror ball"
            ],
            "type": "region"
        }
    ],
    "size": [
        2592,
        1728
    ]
}