{
    "objects": [
        {
            "data": [
                [
                    352.0,
                    493.0
                ],
                [
                    371.3412973867521,
                    489.23613764552897
                ],
                [
                    387.7699584098277,
                    478.3571881826874
                ],
                [
                    398.7848683546463,
                    462.0193730492706
                ],
                [
                    402.70910703251684,
                    442.70997649667765
                ],
                [
                    398.94524467804604,
                    423.3686791099258
                ],
                [
                    388.0662952152047,
                    406.94001808685016
                ],
                [
                    371.72848008178744,
                    395.9251081420314
                ],
                [
                    352.4190835291947,
                    392.0008694641606
                ],
                [
                    333.0777861424426,
                    395.7647318186316
                ],
                [
                    316.649125119367,
                    406.64368128147316
                ],
                [
                    305.63421517454844,
                    422.98149641489
                ],
                [
                    301.7099764966779,
                    442.29089296748293
                ],
                [
                    305.4738388511487,
                    461.6321903542348
                ],
                [
                    316.35278831399,
                    478.0608513773104
                ],
                [
                    332.6906034474073,
                    489.0757613221292
                ]
            ],
            "tags": [
                "mirror ball"
            ],
            "type": "region"
        }
    ],
    "size": [
        2592,
        1728
    ]
}