{
    "objects": [
        {
            "data": [
                [
                    333.0,
                    440.0
                ],
                [
                    352.40521569651855,
                    434.7828529285184
                ],
                [
                    368.3367815540305,
                    422.5367829825468
                ],
                [
                    378.36926109073465,
                    405.1261433004586
                ],
                [
                    380.97530024182015,
                    385.2015459460101
                ],
                [
                    375.7581531703381,
                    365.7963302494916
                ],
                [
                    363.5120832243665,
                    349.86476439197963
                ],
                [
                    346.10144354227805,
                    339.8322848552757
                ],
                [
                    326.17684618783005,
                    337.2262457041902
                ],
                [
                    306.7716304913115,
                    342.4433927756718
                ],
                [
                    290.84006463379956,
                    354.6894627216434
                ],
                [
                    280.8075850970954,
                    372.1001024037316
                ],
                [
                    278.2015459460099,
                    392.0246997581801
                ],
                [
                    283.41869301749193,
                    411.42991545469863
                ],
                [
                    295.66476296346355,
                    427.3614813122108
                ],
                [
                    313.075402645552,
                    437.3939608489145
                ]
            ],
            "tags": [
                "mirror ball"
            ],
            "type": "region"
        }
    ],
    "size": [
        2592,
        1728
    ]
}