{
    "objects": [
        {
            "data": [
                [
                    388.0,
                    514.0
                ],
                [
                    406.5274880563197,
                    510.147607805068
                ],
                [
                    422.17040839242827,
                    499.4982987824685
                ],
                [
                    432.54726819057805,
                    483.6733336946652
                ],
                [
                    436.0782846129705,
                    465.0819200226108
                ],
                [
                    432.22589241803826,
                    446.5544319662906
                ],
                [
                    421.5765833954388,
                    430.91151163018253
                ],
                [
                    405.75161830763545,
                    420.5346518320323
                ],
                [
                    387.16020463558107,
                    417.00363540964054
                ],
                [
                    368.63271657926134,
                    420.85602760457255
                ],
                [
                    352.9897962431528,
                    431.505336627172
                ],
                [
                    342.612936445003,
                    447.33030171497535
                ],
                [
                    339.0819200226106,
                    465.92171538702974
                ],
                [
                    342.9343122175428,
                    484.4492034433499
                ],
                [
                    353.5836212401423,
                    500.092123779458
                ],
                [
                    369.4085863279456,
                    510.46898357760824
                ]
            ],
            "tags": [
                "mirror ball"
            ],
            "type": "region"
        }
    ],
    "size": [
        2592,
        1728
    ]
}