{
    "objects": [
        {
            "data": [
                [
                    367.0,
                    498.0
                ],
                [
                    386.34437573530886,
                    492.5616043537582
                ],
                [
                    402.13506463390604,
                    480.13440982314887
                ],
                [
                    411.9680774539306,
                    462.61034412265826
                ],
                [
                    414.3464271300177,
                    442.65728739913493
                ],
                [
                    408.9080314837761,
                    423.3129116638256
                ],
                [
                    396.48083695316654,
                    407.5222227652289
                ],
                [
                    378.95677125267594,
                    397.6892099452041
                ],
                [
                    359.0037145291526,
                    395.31086026911726
                ],
                [
                    339.65933879384374,
                    400.7492559153591
                ],
                [
                    323.86864989524656,
                    413.1764504459684
                ],
                [
                    314.035637075222,
                    430.700516146459
                ],
                [
                    311.65728739913493,
                    450.6535728699823
                ],
                [
                    317.0956830453765,
                    469.99794860529164
                ],
                [
                    329.52287757598606,
                    485.78863750388837
                ],
                [
                    347.04694327647667,
                    495.6216503239132
                ]
            ],
            "tags": [
                "mirror ball"
            ],
            "type": "region"
        }
    ],
    "size": [
        2592,
        1728
    ]
}