{
    "objects": [
        {
            "data": [
                [
                    333.0,
                    452.0
                ],
                [
                    351.7983432623769,
                    448.5139168870114
                ],
                [
                    367.831681596419,
                    438.0993815278648
                ],
                [
                    378.6590845833439,
                    422.34191252299183
                ],
                [
                    382.63217826904383,
                    403.64044168657233
                ],
                [
                    379.14609515605525,
                    384.8420984241959
                ],
                [
                    368.7315597969091,
                    368.8087600901531
                ],
                [
                    352.9740907920359,
                    357.9813571032282
                ],
                [
                    334.2726199556164,
                    354.00826341752827
                ],
                [
                    315.4742766932395,
                    357.49434653051685
                ],
                [
                    299.4409383591974,
                    367.90888188966346
                ],
                [
                    288.6135353722725,
                    383.66635089453644
                ],
                [
                    284.64044168657256,
                    402.36782173095594
                ],
                [
                    288.12652479956114,
                    421.16616499333236
                ],
                [
                    298.5410601587073,
                    437.19950332737517
                ],
                [
                    314.29852916358095,
                    448.02690631430005
                ]
            ],
            "tags": [
                "mirror ball"
            ],
            "type": "region"
        }
    ],
    "size": [
        2592,
        1728
    ]
}