{
    "objects": [
        {
            "data": [
                [
                    173.0,
                    443.0
                ],
                [
                    189.5716420059025,
                    436.6315247613554
                ],
                [
                    202.44473291200302,
                    424.4061279923226
                ],
                [
                    209.65946132270847,
                    408.185015527489
                ],
                [
                    210.1174502391641,
                    390.4377046948748
                ],
                [
                    203.7489750005193,
                    373.86606268897253
                ],
                [
                    191.52357823148668,
                    360.99297178287134
                ],
                [
                    175.30246576665286,
                    353.7782433721661
                ],
                [
                    157.5551549340389,
                    353.3202544557107
                ],
                [
                    140.9835129281364,
                    359.6887296943553
                ],
                [
                    128.11042202203566,
                    371.91412646338813
                ],
                [
                    120.89569361133022,
                    388.1352389282217
                ],
                [
                    120.43770469487481,
                    405.8825497608359
                ],
                [
                    126.80617993351939,
                    422.4541917667382
                ],
                [
                    139.03157670255223,
                    435.3272826728394
                ],
                [
                    155.25268916738605,
                    442.5420110835446
                ]
            ],
            "tags": [
                "mirror ball"
            ],
            "type": "region"
        }
    ],
    "size": [
        2592,
        1728
    ]
}