{
    "objects": [
        {
            "data": [
                [
                    211.0,
                    488.0
                ],
                [
                    227.93625028886254,
                    482.0581783462271
                ],
                [
                    241.30946858326342,
                    470.0874285425375
                ],
                [
                    249.08370362640653,
                    453.9101887314266
                ],
                [
                    250.07539860658926,
                    435.9892970270912
                ],
                [
                    244.13357695281593,
                    419.0530467382289
                ],
                [
                    232.16282714912677,
                    405.6798284438278
                ],
                [
                    215.98558733801565,
                    397.90559340068467
                ],
                [
                    198.06469563368046,
                    396.91389842050194
                ],
                [
                    181.12844534481792,
                    402.8557200742748
                ],
                [
                    167.75522705041703,
                    414.8264698779644
                ],
                [
                    159.98099200727393,
                    431.0037096890753
                ],
                [
                    158.9892970270912,
                    448.92460139341074
                ],
                [
                    164.93111868086453,
                    465.86085168227305
                ],
                [
                    176.9018684845537,
                    479.23406997667416
                ],
                [
                    193.0791082956648,
                    487.00830501981727
                ]
            ],
            "tags": [
                "mirror ball"
            ],
            "type": "region"
        }
    ],
    "size": [
        2592,
        1728
    ]
}