{
    "objects": [
        {
            "data": [
                [
                    288.0,
                    452.0
                ],
                [
                    305.9860250640586,
                    447.5282540392059
                ],
                [
                    320.89168239903574,
                    436.51394566531985
                ],
                [
                    330.4477207958016,
                    420.63390348331154
                ],
                [
                    333.19932003415215,
                    402.3057199624516
                ],
                [
                    328.7275740733585,
                    384.319694898393
                ],
                [
                    317.7132656994718,
                    369.41403756341583
                ],
                [
                    301.8332235174639,
                    359.85799916664973
                ],
                [
                    283.50503999660395,
                    357.1063999282992
                ],
                [
                    265.51901493254536,
                    361.5781458890933
                ],
                [
                    250.6133575975682,
                    372.59245426297935
                ],
                [
                    241.05731920080234,
                    388.47249644498766
                ],
                [
                    238.3057199624518,
                    406.8006799658476
                ],
                [
                    242.77746592324547,
                    424.7867050299062
                ],
                [
                    253.79177429713218,
                    439.69236236488337
                ],
                [
                    269.67181647914003,
                    449.24840076164946
                ]
            ],
            "tags": [
                "mirror ball"
            ],
            "type": "region"
        }
    ],
    "size": [
        2592,
        1728
    ]
}