{
    "objects": [
        {
            "data": [
                [
                    216.0,
                    516.0
                ],
                [
                    233.04136530433516,
                    510.3667338979553
                ],
                [
                    246.62977630770183,
                    498.6408264782365
                ],
                [
                    254.69652061409033,
                    482.60744084988005
                ],
                [
                    256.0135095280716,
                    464.7075146318007
                ],
                [
                    250.38024342602694,
                    447.66614932746575
                ],
                [
                    238.65433600630786,
                    434.0777383240991
                ],
                [
                    222.62095037795189,
                    426.0109940177108
                ],
                [
                    204.7210241598723,
                    424.69400510372907
                ],
                [
                    187.67965885553713,
                    430.32727120577374
                ],
                [
                    174.09124785217045,
                    442.0531786254926
                ],
                [
                    166.02450354578195,
                    458.086564253849
                ],
                [
                    164.70751463180068,
                    475.9864904719284
                ],
                [
                    170.34078073384535,
                    493.0278557762633
                ],
                [
                    182.06668815356443,
                    506.61626677963
                ],
                [
                    198.10007378192086,
                    514.6830110860183
                ]
            ],
            "tags": [
                "mirror ball"
            ],
            "type": "region"
        }
    ],
    "size": [
        2592,
        1728
    ]
}