{
    "objects": [
        {
            "data": [
                [
                    286.0,
                    426.0
                ],
                [
                    303.3720387642502,
                    421.4884495363988
                ],
                [
                    317.6952141998345,
                    410.672328981703
                ],
                [
                    326.7889526865938,
                    395.19829464198847
                ],
                [
                    329.26881497486374,
                    377.4221279730057
                ],
                [
                    324.7572645112623,
                    360.05008920875525
                ],
                [
                    313.9411439565665,
                    345.7269137731712
                ],
                [
                    298.46710961685176,
                    336.63317528641187
                ],
                [
                    280.6909429478692,
                    334.15331299814216
                ],
                [
                    263.318904183619,
                    338.6648634617434
                ],
                [
                    248.9957287480347,
                    349.48098401643915
                ],
                [
                    239.9019902612754,
                    364.9550183561537
                ],
                [
                    237.42212797300544,
                    382.7311850251365
                ],
                [
                    241.9336784366069,
                    400.1032237893869
                ],
                [
                    252.74979899130267,
                    414.4263992249712
                ],
                [
                    268.22383333101743,
                    423.5201377117303
                ]
            ],
            "tags": [
                "mirror ball"
            ],
            "type": "region"
        }
    ],
    "size": [
        2592,
        1728
    ]
}