{
    "objects": [
        {
            "data": [
                [
                    252.0,
                    545.0
                ],
                [
                    268.9473492030056,
                    539.7118859100426
                ],
                [
                    282.5809846113011,
                    528.3408357742508
                ],
                [
                    290.8253088231854,
                    512.6179888969723
                ],
                [
                    292.42519821238557,
                    494.937006187311
                ],
                [
                    287.1370841224284,
                    477.9896569843054
                ],
                [
                    275.76603398663656,
                    464.3560215760101
                ],
                [
                    260.04318710935786,
                    456.11169736412535
                ],
                [
                    242.36220439969657,
                    454.51180797492543
                ],
                [
                    225.41485519669095,
                    459.7999220648828
                ],
                [
                    211.78121978839545,
                    471.17097220067467
                ],
                [
                    203.53689557651114,
                    486.89381907795314
                ],
                [
                    201.937006187311,
                    504.57480178761443
                ],
                [
                    207.22512027726816,
                    521.52215099062
                ],
                [
                    218.59617041306046,
                    535.1557863989153
                ],
                [
                    234.3190172903387,
                    543.4001106108001
                ]
            ],
            "tags": [
                "mirror ball"
            ],
            "type": "region"
        }
    ],
    "size": [
        2592,
        1728
    ]
}