{
    "objects": [
        {
            "data": [
                [
                    247.0,
                    533.0
                ],
                [
                    264.4347028830384,
                    527.9786359388004
                ],
                [
                    278.62067519799893,
                    516.6675285158235
                ],
                [
                    287.398231256087,
                    500.7886913007735
                ],
                [
                    289.43106771620387,
                    482.7595333176241
                ],
                [
                    284.40970365500425,
                    465.32483043458546
                ],
                [
                    273.0985962320274,
                    451.1388581196252
                ],
                [
                    257.2197590169776,
                    442.36130206153666
                ],
                [
                    239.190601033828,
                    440.32846560142025
                ],
                [
                    221.75589815078956,
                    445.34982966261987
                ],
                [
                    207.56992583582905,
                    456.66093708559674
                ],
                [
                    198.792369777741,
                    472.53977430064674
                ],
                [
                    196.75953331762412,
                    490.56893228379613
                ],
                [
                    201.78089737882374,
                    508.0036351668348
                ],
                [
                    213.0920048018006,
                    522.1896074817951
                ],
                [
                    228.97084201685038,
                    530.9671635398836
                ]
            ],
            "tags": [
                "mirror ball"
            ],
            "type": "region"
        }
    ],
    "size": [
        2592,
        1728
    ]
}