{
    "objects": [
        {
            "data": [
                [
                    247.0,
                    530.0
                ],
                [
                    264.2351721087234,
                    524.9909421250184
                ],
                [
                    278.24151139876903,
                    513.7675612571888
                ],
                [
                    286.88667968100935,
                    498.0385153934376
                ],
                [
                    288.8545284531183,
                    480.19840918236514
                ],
                [
                    283.8454705781364,
                    462.9632370736417
                ],
                [
                    272.6220897103067,
                    448.9568977835961
                ],
                [
                    256.8930438465559,
                    440.311729501356
                ],
                [
                    239.05293763548343,
                    438.34388072924685
                ],
                [
                    221.81776552676,
                    443.3529386042285
                ],
                [
                    207.8114262367144,
                    454.576319472058
                ],
                [
                    199.16625795447408,
                    470.30536533580926
                ],
                [
                    197.19840918236514,
                    488.1454715468817
                ],
                [
                    202.207467057347,
                    505.3806436556051
                ],
                [
                    213.43084792517675,
                    519.3869829456507
                ],
                [
                    229.15989378892755,
                    528.0321512278908
                ]
            ],
            "tags": [
                "mirror ball"
            ],
            "type": "region"
        }
    ],
    "size": [
        2592,
        1728
    ]
}