{
    "objects": [
        {
            "data": [
                [
                    231.0,
                    520.0
                ],
                [
                    247.6899656958958,
                    514.5472082013778
                ],
                [
                    261.0227903191799,
                    503.12251210502404
                ],
                [
                    268.96867218331363,
                    487.46521812648143
                ],
                [
                    270.3179228040822,
                    469.9590073402592
                ],
                [
                    264.8651310054597,
                    453.2690416443638
                ],
                [
                    253.44043490910644,
                    439.93621702107953
                ],
                [
                    237.7831409305636,
                    431.9903351569453
                ],
                [
                    220.27693014434135,
                    430.641084536177
                ],
                [
                    203.58696444844554,
                    436.09387633479923
                ],
                [
                    190.25413982516147,
                    447.51857243115296
                ],
                [
                    182.30825796102772,
                    463.1758664096956
                ],
                [
                    180.95900734025918,
                    480.6820771959178
                ],
                [
                    186.41179913888163,
                    497.3720428918132
                ],
                [
                    197.8364952352349,
                    510.7048675150975
                ],
                [
                    213.4937892137782,
                    518.6507493792317
                ]
            ],
            "tags": [
                "mirror ball"
            ],
            "type": "region"
        }
    ],
    "size": [
        2592,
        1728
    ]
}