{
    "objects": [
        {
            "data": [
                [
                    222.0,
                    442.0
                ],
                [
                    239.40948780207964,
                    436.89189897083133
                ],
                [
                    253.53897161921532,
                    425.5103064321647
                ],
                [
                    262.23736562433896,
                    409.5879666736189
                ],
                [
                    264.1804181813077,
                    391.548911587063
                ],
                [
                    259.0723171521395,
                    374.1394237849838
                ],
                [
                    247.69072461347287,
                    360.0099399678479
                ],
                [
                    231.7683848549268,
                    351.31154596272427
                ],
                [
                    213.72932976837092,
                    349.3684934057551
                ],
                [
                    196.31984196629128,
                    354.47659443492375
                ],
                [
                    182.1903581491556,
                    365.85818697359036
                ],
                [
                    173.49196414403195,
                    381.7805267321362
                ],
                [
                    171.54891158706323,
                    399.8195818186921
                ],
                [
                    176.65701261623144,
                    417.22906962077127
                ],
                [
                    188.03860515489805,
                    431.3585534379072
                ],
                [
                    203.96094491344456,
                    440.0569474430308
                ]
            ],
            "tags": [
                "mirror ball"
            ],
            "type": "region"
        }
    ],
    "size": [
        2592,
        1728
    ]
}