{
    "objects": [
        {
            "data": [
                [
                    244.0,
                    548.0
                ],
                [
                    261.00240923829506,
                    542.8916856272776
                ],
                [
                    274.75571985918305,
                    531.6656782068999
                ],
                [
                    283.1661149947058,
                    516.031035604608
                ],
                [
                    284.9531882259007,
                    498.36799042821326
                ],
                [
                    279.8448738531788,
                    481.36558118991843
                ],
                [
                    268.61886643280104,
                    467.6122705690302
                ],
                [
                    252.98422383050865,
                    459.20187543350767
                ],
                [
                    235.3211786541142,
                    457.41480220231233
                ],
                [
                    218.31876941581913,
                    462.5231165750347
                ],
                [
                    204.56545879493115,
                    473.74912399541245
                ],
                [
                    196.15506365940837,
                    489.3837665977044
                ],
                [
                    194.3679904282135,
                    507.04681177409907
                ],
                [
                    199.4763048009354,
                    524.0492210123939
                ],
                [
                    210.70231222131315,
                    537.8025316332823
                ],
                [
                    226.33695482360554,
                    546.2129267688047
                ]
            ],
            "tags": [
                "mirror ball"
            ],
            "type": "region"
        }
    ],
    "size": [
        2592,
        1728
    ]
}