{
    "objects": [
        {
            "data": [
                [
                    270.0,
                    388.0
                ],
                [
                    287.3642784510548,
                    383.4586728496531
                ],
                [
                    301.66888924742307,
                    372.618011966817
                ],
                [
                    310.7360850669779,
                    357.128409700068
                ],
                [
                    313.1854675405275,
                    339.34801758092453
                ],
                [
                    308.6441403901804,
                    321.9837391298702
                ],
                [
                    297.8034795073445,
                    307.67912833350147
                ],
                [
                    282.3138772405955,
                    298.6119325139464
                ],
                [
                    264.53348512145203,
                    296.16255004039704
                ],
                [
                    247.16920667039722,
                    300.7038771907439
                ],
                [
                    232.86459587402896,
                    311.54453807358004
                ],
                [
                    223.7974000544741,
                    327.0341403403288
                ],
                [
                    221.34801758092453,
                    344.8145324594725
                ],
                [
                    225.88934473127165,
                    362.17881091052686
                ],
                [
                    236.73000561410754,
                    376.48342170689557
                ],
                [
                    252.21960788085653,
                    385.55061752645065
                ]
            ],
            "tags": [
                "mirror ball"
            ],
            "type": "region"
        }
    ],
    "size": [
        2592,
        1728
    ]
}