{
    "objects": [
        {
            "data": [
                [
                    229.0,
                    504.0
                ],
                [
                    245.92692653882978,
                    499.33448274267926
                ],
                [
                    259.77995135858646,
                    488.54645249279156
                ],
                [
                    268.4500770084446,
                    473.27828906214427
                ],
                [
                    270.61735545309875,
                    455.85443192680737
                ],
                [
                    265.95183819577824,
                    438.9275053879778
                ],
                [
                    255.1638079458903,
                    425.07448056822113
                ],
                [
                    239.89564451524302,
                    416.40435491836274
                ],
                [
                    222.47178737990635,
                    414.2370764737084
                ],
                [
                    205.54486084107657,
                    418.9025937310291
                ],
                [
                    191.6918360213199,
                    429.6906239809168
                ],
                [
                    183.02171037146172,
                    444.9587874115641
                ],
                [
                    180.8544319268076,
                    462.382644546901
                ],
                [
                    185.5199491841281,
                    479.30957108573057
                ],
                [
                    196.30797943401603,
                    493.16259590548725
                ],
                [
                    211.57614286466332,
                    501.83272155534564
                ]
            ],
            "tags": [
                "mirror ball"
            ],
            "type": "region"
        }
    ],
    "size": [
        2592,
        1728
    ]
}