{
    "objects": [
        {
            "data": [
                [
                    239.0,
                    526.0
                ],
                [
                    256.09944816054804,
                    521.2265664096224
                ],
                [
                    270.0705643827837,
                    510.27281330204323
                ],
                [
                    278.78637287035554,
                    494.8063502918719
                ],
                [
                    280.91997079003113,
                    477.18180616857126
                ],
                [
                    276.14653719965327,
                    460.082358008023
                ],
                [
                    265.1927840920739,
                    446.11124178578757
                ],
                [
                    249.72632108190328,
                    437.39543329821595
                ],
                [
                    232.1017769586024,
                    435.2618353785401
                ],
                [
                    215.00232879805435,
                    440.03526896891776
                ],
                [
                    201.0312125758187,
                    450.9890220764969
                ],
                [
                    192.31540408824685,
                    466.4554850866682
                ],
                [
                    190.18180616857126,
                    484.08002920996887
                ],
                [
                    194.95523975894912,
                    501.17947737051713
                ],
                [
                    205.90899286652848,
                    515.1505935927526
                ],
                [
                    221.3754558766991,
                    523.8664020803242
                ]
            ],
            "tags": [
                "mirror ball"
            ],
            "type": "region"
        }
    ],
    "size": [
        2592,
        1728
    ]
}