{
    "objects": [
        {
            "data": [
                [
                    309.0,
                    453.0
                ],
                [
                    326.9023854227589,
                    448.2043555471862
                ],
                [
                    341.6068192183693,
                    436.92281149092605
                ],
                [
                    350.8746846374729,
                    420.87288064633367
                ],
                [
                    353.2950331834213,
                    402.4980194915129
                ],
                [
                    348.49938873060773,
                    384.59563406875395
                ],
                [
                    337.21784467434736,
                    369.89120027314357
                ],
                [
                    321.167913829755,
                    360.62333485403974
                ],
                [
                    302.7930526749342,
                    358.20298630809157
                ],
                [
                    284.89066725217526,
                    362.99863076090537
                ],
                [
                    270.1862334565649,
                    374.2801748171655
                ],
                [
                    260.9183680374613,
                    390.33010566175767
                ],
                [
                    258.4980194915129,
                    408.7049668165787
                ],
                [
                    263.29366394432645,
                    426.60735223933784
                ],
                [
                    274.5752080005868,
                    441.311786034948
                ],
                [
                    290.6251388451792,
                    450.5796514540518
                ]
            ],
            "tags": [
                "mirror ball"
            ],
            "type": "region"
        }
    ],
    "size": [
        2592,
        1728
    ]
}