{
    "objects": [
        {
            "data": [
                [
                    289.0,
                    519.0
                ],
                [
                    306.7175738656633,
                    514.2684250317789
                ],
                [
                    321.2757823765751,
                    503.11679778200255
                ],
                [
                    330.45827025743756,
                    487.2428524096965
                ],
                [
                    332.867086967849,
                    469.0632532001216
                ],
                [
                    328.1355119996283,
                    451.3456793344583
                ],
                [
                    316.9838847498513,
                    436.7874708235465
                ],
                [
                    301.10993937754574,
                    427.6049829426843
                ],
                [
                    282.9303401679708,
                    425.1961662322724
                ],
                [
                    265.2127663023075,
                    429.92774120049353
                ],
                [
                    250.65455779139575,
                    441.07936845026984
                ],
                [
                    241.47206991053326,
                    456.95331382257586
                ],
                [
                    239.06325320012184,
                    475.1329130321508
                ],
                [
                    243.79482816834252,
                    492.8504868978141
                ],
                [
                    254.9464554181195,
                    507.40869540872586
                ],
                [
                    270.8204007904251,
                    516.5911832895881
                ]
            ],
            "tags": [
                "mirror ball"
            ],
            "type": "region"
        }
    ],
    "size": [
        2592,
        1728
    ]
}