{
    "objects": [
        {
            "data": [
                [
                    240.0,
                    512.0
                ],
                [
                    257.32804659821886,
                    507.3223275550563
                ],
                [
                    271.54700644200466,
                    496.3695653749919
                ],
                [
                    280.4921717903321,
                    480.80917221468553
                ],
                [
                    282.80172230704557,
                    463.01007687747847
                ],
                [
                    278.1240498621014,
                    445.6820302792594
                ],
                [
                    267.171287682037,
                    431.46307043547404
                ],
                [
                    251.6108945217311,
                    422.5179050871461
                ],
                [
                    233.8117991845238,
                    420.20835457043313
                ],
                [
                    216.48375258630494,
                    424.88602701537684
                ],
                [
                    202.26479274251915,
                    435.8387891954412
                ],
                [
                    193.31962739419168,
                    451.3991823557476
                ],
                [
                    191.01007687747824,
                    469.19827769295466
                ],
                [
                    195.6877493224224,
                    486.52632429117375
                ],
                [
                    206.6405115024868,
                    500.7452841349591
                ],
                [
                    222.2009046627927,
                    509.690449483287
                ]
            ],
            "tags": [
                "mirror ball"
            ],
            "type": "region"
        }
    ],
    "size": [
        2592,
        1728
    ]
}