{
    "objects": [
        {
            "data": [
                [
                    389.0,
                    396.0
                ],
                [
                    402.7257472921906,
                    393.12949039681666
                ],
                [
                    416.62102251396436,
                    389.77025597903526
                ],
                [
                    421.418155038813,
                    370.4993962800695
                ],
                [
                    420.6256202510549,
                    356.6417612583989
                ],
                [
                    420.75511064787133,
                    343.9160139662081
                ],
                [
                    413.3958762300904,
                    329.0207387444343
                ],
                [
                    403.1250165311244,
                    324.2236062195859
                ],
                [
                    391.267381509454,
                    321.0161410073438
                ],
                [
                    380.54163421726344,
                    324.8866506105271
                ],
                [
                    368.64635899548966,
                    331.2458850283085
                ],
                [
                    359.84922647064104,
                    336.5167447272743
                ],
                [
                    354.64176125839913,
                    354.3743797489449
                ],
                [
                    356.5122708615827,
                    370.1001270411357
                ],
                [
                    360.87150527936365,
                    382.9954022629097
                ],
                [
                    374.1423649783296,
                    394.79253478775786
                ]
            ],
            "tags": [
                "mirror ball"
            ],
            "type": "region"
        }
    ],
    "size": [
        2592,
        1728
    ]
}