{
    "objects": [
        {
            "data": [
                [
                    270.0,
                    442.0
                ],
                [
                    287.25702205042353,
                    437.06674464846583
                ],
                [
                    301.31255642424685,
                    425.90503456987585
                ],
                [
                    310.0267754267925,
                    410.21413894254124
                ],
                [
                    312.073018209514,
                    392.3828543874006
                ],
                [
                    307.1397628579798,
                    375.1258323369775
                ],
                [
                    295.9780527793896,
                    361.07029796315396
                ],
                [
                    280.287157152055,
                    352.35607896060856
                ],
                [
                    262.45587259691456,
                    350.3098361778866
                ],
                [
                    245.19885054649103,
                    355.2430915294208
                ],
                [
                    231.1433161726677,
                    366.40480160801076
                ],
                [
                    222.42909717012208,
                    382.09569723534537
                ],
                [
                    220.38285438740058,
                    399.926981790486
                ],
                [
                    225.31610973893476,
                    417.1840038409093
                ],
                [
                    236.47781981752496,
                    431.23953821473265
                ],
                [
                    252.16871544485957,
                    439.95375721727805
                ]
            ],
            "tags": [
                "mirror ball"
            ],
            "type": "region"
        }
    ],
    "size": [
        2592,
        1728
    ]
}