{
    "objects": [
        {
            "data": [
                [
                    384.0,
                    403.0
                ],
                [
                    401.9621701216547,
                    400.44199175613426
                ],
                [
                    417.57814408175636,
                    391.204875380751
                ],
                [
                    428.4705314040357,
                    376.6949181073344
                ],
                [
                    432.98106485841345,
                    359.1211293976712
                ],
                [
                    430.42305661454793,
                    341.15895927601673
                ],
                [
                    421.18594023916467,
                    325.5429853159151
                ],
                [
                    406.6759829657476,
                    314.6505979936353
                ],
                [
                    389.10219425608466,
                    310.14006453925776
                ],
                [
                    371.14002413442995,
                    312.6980727831235
                ],
                [
                    355.5240501743283,
                    321.9351891585068
                ],
                [
                    344.631662852049,
                    336.4451464319234
                ],
                [
                    340.1211293976712,
                    354.01893514158655
                ],
                [
                    342.6791376415367,
                    371.98110526324103
                ],
                [
                    351.91625401692,
                    387.5970792233427
                ],
                [
                    366.42621129033705,
                    398.48946654562246
                ]
            ],
            "tags": [
                "mirror ball"
            ],
            "type": "region"
        }
    ],
    "size": [
        2592,
        1728
    ]
}