{
    "objects": [
        {
            "data": [
                [
                    278.0,
                    521.0
                ],
                [
                    295.6344316510872,
                    516.7327078846108
                ],
                [
                    310.29350012737495,
                    506.04183920791047
                ],
                [
                    319.7454951381342,
                    490.55498181296
                ],
                [
                    322.551436125525,
                    472.62986934942955
                ],
                [
                    318.2841440101356,
                    454.99543769834213
                ],
                [
                    307.59327533343503,
                    440.3363692220546
                ],
                [
                    292.10641793848527,
                    430.8843742112956
                ],
                [
                    274.18130547495457,
                    428.07843322390454
                ],
                [
                    256.5468738238674,
                    432.3457253392937
                ],
                [
                    241.88780534757962,
                    443.03659401599407
                ],
                [
                    232.4358103368204,
                    458.5234514109443
                ],
                [
                    229.62986934942955,
                    476.448563874475
                ],
                [
                    233.89716146481896,
                    494.08299552556264
                ],
                [
                    244.58803014151954,
                    508.74206400184994
                ],
                [
                    260.0748875364693,
                    518.1940590126089
                ]
            ],
            "tags": [
                "mirror ball"
            ],
            "type": "region"
        }
    ],
    "size": [
        2592,
        1728
    ]
}