{
    "objects": [
        {
            "data": [
                [
                    300.0,
                    473.0
                ],
                [
                    316.58567282671174,
                    471.79958303623835
                ],
                [
                    330.84260260332894,
                    463.26527860511874
                ],
                [
                    339.60030101075154,
                    446.1530799975492
                ],
                [
                    339.5254878551832,
                    428.91592339408817
                ],
                [
                    335.3250708914211,
                    414.3302505673762
                ],
                [
                    324.79076646030217,
                    402.073320790759
                ],
                [
                    311.67856785273216,
                    398.31562238333663
                ],
                [
                    294.44141124927137,
                    400.39043553890497
                ],
                [
                    278.8557384225596,
                    402.5908525026666
                ],
                [
                    270.5988086459424,
                    409.12515693378623
                ],
                [
                    261.84111023851983,
                    421.2373555413558
                ],
                [
                    257.91592339408817,
                    437.4745121448168
                ],
                [
                    263.1163403578503,
                    452.06018497152877
                ],
                [
                    271.6506447889692,
                    462.31711474814597
                ],
                [
                    283.7628433965392,
                    471.07481315556834
                ]
            ],
            "tags": [
                "mirror ball"
            ],
            "type": "region"
        }
    ],
    "size": [
        2592,
        1728
    ]
}