{
    "objects": [
        {
            "data": [
                [
                    284.0,
                    514.0
                ],
                [
                    301.3160766212609,
                    511.0945940428387
                ],
                [
                    316.20219467094057,
                    501.78377330885974
                ],
                [
                    326.3920776189716,
                    487.48502585201186
                ],
                [
                    330.3344081580349,
                    470.375206354131
                ],
                [
                    327.4290022008736,
                    453.05912973287013
                ],
                [
                    318.11818146689484,
                    438.1730116831902
                ],
                [
                    303.81943401004673,
                    427.9831287351594
                ],
                [
                    286.7096145121659,
                    424.04079819609615
                ],
                [
                    269.393537890905,
                    426.94620415325744
                ],
                [
                    254.50741984122533,
                    436.2570248872364
                ],
                [
                    244.3175368931943,
                    450.5557723440843
                ],
                [
                    240.37520635413102,
                    467.6655918419651
                ],
                [
                    243.28061231129232,
                    484.981668463226
                ],
                [
                    252.59143304527106,
                    499.8677865129059
                ],
                [
                    266.89018050211916,
                    510.0576694609367
                ]
            ],
            "tags": [
                "mirror ball"
            ],
            "type": "region"
        }
    ],
    "size": [
        2592,
        1728
    ]
}