{
    "objects": [
        {
            "data": [
                [
                    262.0,
                    448.0
                ],
                [
                    280.15589733223806,
                    445.418601652907
                ],
                [
                    295.9419008921018,
                    436.0857394460006
                ],
                [
                    306.9547347380808,
                    421.4222570476752
                ],
                [
                    311.5177947487118,
                    403.6605367282773
                ],
                [
                    308.9363964016188,
                    385.50463939603947
                ],
                [
                    299.6035341947122,
                    369.71863583617574
                ],
                [
                    284.9400517963868,
                    358.70580199019696
                ],
                [
                    267.1783314769891,
                    354.14274197956547
                ],
                [
                    249.02243414475106,
                    356.72414032665824
                ],
                [
                    233.23643058488733,
                    366.05700253356486
                ],
                [
                    222.22359673890833,
                    380.72048493189027
                ],
                [
                    217.6605367282773,
                    398.4822052512882
                ],
                [
                    220.2419350753703,
                    416.638102583526
                ],
                [
                    229.5747972822769,
                    432.42410614338974
                ],
                [
                    244.23827968060232,
                    443.43693998936874
                ]
            ],
            "tags": [
                "mirror ball"
            ],
            "type": "region"
        }
    ],
    "size": [
        2592,
        1728
    ]
}