{
    "objects": [
        {
            "data": [
                [
                    355.0,
                    467.0
                ],
                [
                    373.23592997733203,
                    462.7322169631259
                ],
                [
                    388.4505225785574,
                    451.81071129006386
                ],
                [
                    398.32749400076545,
                    435.89818321584266
                ],
                [
                    401.3631648798937,
                    417.4171708923361
                ],
                [
                    397.09538184301937,
                    399.1812409150041
                ],
                [
                    386.17387616995757,
                    383.9666483137785
                ],
                [
                    370.2613480957366,
                    374.08967689157066
                ],
                [
                    351.7803357722296,
                    371.05400601244264
                ],
                [
                    333.54440579489756,
                    375.32178904931675
                ],
                [
                    318.3298131936722,
                    386.2432947223788
                ],
                [
                    308.45284177146414,
                    402.1558227966
                ],
                [
                    305.4171708923359,
                    420.6368351201065
                ],
                [
                    309.6849539292102,
                    438.87276509743856
                ],
                [
                    320.606459602272,
                    454.08735769866416
                ],
                [
                    336.518987676493,
                    463.964329120872
                ]
            ],
            "tags": [
                "mirror ball"
            ],
            "type": "region"
        }
    ],
    "size": [
        2592,
        1728
    ]
}