{
    "objects": [
        {
            "data": [
                [
                    301.0,
                    518.0
                ],
                [
                    314.15437956255073,
                    512.2563179684662
                ],
                [
                    325.57031464381043,
                    506.2329099122112
                ],
                [
                    336.05310980843433,
                    495.45574884537996
                ],
                [
                    337.1590954543599,
                    478.1745235850983
                ],
                [
                    334.4154134228261,
                    463.0201440225476
                ],
                [
                    327.3920053665711,
                    448.6042089412881
                ],
                [
                    315.6148442997396,
                    441.1214137766642
                ],
                [
                    299.3336190394584,
                    441.0154281307382
                ],
                [
                    283.1792394769077,
                    443.759110162272
                ],
                [
                    272.763304395648,
                    453.782518218527
                ],
                [
                    263.2805092310241,
                    466.55967928535824
                ],
                [
                    262.17452358509854,
                    478.8409045456399
                ],
                [
                    265.91820561663235,
                    495.9952841081906
                ],
                [
                    276.94161367288734,
                    507.4112191894501
                ],
                [
                    289.7187747397188,
                    514.894014354074
                ]
            ],
            "tags": [
                "mirror ball"
            ],
            "type": "region"
        }
    ],
    "size": [
        2592,
        1728
    ]
}