{
    "objects": [
        {
            "data": [
                [
                    233.0,
                    536.0
                ],
                [
                    250.5810144915622,
                    531.5177136300308
                ],
                [
                    265.10845720819816,
                    520.6486580238702
                ],
                [
                    274.37065668789546,
                    505.04754836932216
                ],
                [
                    276.95752702191794,
                    487.08951218688026
                ],
                [
                    272.4752406519483,
                    469.50849769531806
                ],
                [
                    261.60618504578815,
                    454.9810549786821
                ],
                [
                    246.0050753912401,
                    445.7188554989848
                ],
                [
                    228.0470392087982,
                    443.1319851649623
                ],
                [
                    210.466024717236,
                    447.6142715349315
                ],
                [
                    195.93858200060004,
                    458.4833271410921
                ],
                [
                    186.67638252090273,
                    474.08443679563993
                ],
                [
                    184.08951218688026,
                    492.04247297808206
                ],
                [
                    188.5717985568499,
                    509.62348746964426
                ],
                [
                    199.44085416301004,
                    524.1509301862802
                ],
                [
                    215.0419638175581,
                    533.4131296659775
                ]
            ],
            "tags": [
                "mirror ball"
            ],
            "type": "region"
        }
    ],
    "size": [
        2592,
        1728
    ]
}