{
    "objects": [
        {
            "data": [
                [
                    277.0,
                    523.0
                ],
                [
                    294.8026369017575,
                    521.7179093452685
                ],
                [
                    311.3768104753008,
                    514.7967583033128
                ],
                [
                    322.3514939742922,
                    500.594711249835
                ],
                [
                    327.05589132176465,
                    483.27390110684996
                ],
                [
                    324.7738006670329,
                    465.47126420509244
                ],
                [
                    315.852649625077,
                    449.8970906315494
                ],
                [
                    301.6506025715994,
                    438.92240713255774
                ],
                [
                    284.3297924286144,
                    434.21800978508554
                ],
                [
                    266.52715552685686,
                    436.50010043981706
                ],
                [
                    250.9529819533136,
                    445.42125148177274
                ],
                [
                    239.97829845432216,
                    459.62329853525057
                ],
                [
                    236.27390110684973,
                    476.9441086782356
                ],
                [
                    241.55599176158148,
                    494.7467455799931
                ],
                [
                    249.4771428035374,
                    506.3209191535361
                ],
                [
                    261.679189857015,
                    518.2956026525278
                ]
            ],
            "tags": [
                "mirror ball"
            ],
            "type": "region"
        }
    ],
    "size": [
        2592,
        1728
    ]
}