{
    "objects": [
        {
            "data": [
                [
                    326.0,
                    462.0
                ],
                [
                    343.92075488672026,
                    459.16636171238565
                ],
                [
                    359.3929871077271,
                    449.6904453052948
                ],
                [
                    370.061189563507,
                    435.0148731523109
                ],
                [
                    374.3012251376631,
                    417.3738680793331
                ],
                [
                    371.4675868500485,
                    399.4531131926128
                ],
                [
                    361.9916704429579,
                    383.980880971606
                ],
                [
                    347.316098289974,
                    373.3126785158263
                ],
                [
                    329.6750932169962,
                    369.07264294167
                ],
                [
                    311.7543383302759,
                    371.90628122928433
                ],
                [
                    296.2821061092691,
                    381.38219763637517
                ],
                [
                    285.61390365348916,
                    396.0577697893591
                ],
                [
                    281.3738680793331,
                    413.6987748623369
                ],
                [
                    284.20750636694765,
                    431.61952974905716
                ],
                [
                    293.68342277403826,
                    447.091761970064
                ],
                [
                    308.3589949270222,
                    457.7599644258437
                ]
            ],
            "tags": [
                "mirror ball"
            ],
            "type": "region"
        }
    ],
    "size": [
        2592,
        1728
    ]
}