{
    "objects": [
        {
            "data": [
                [
                    247.0,
                    509.0
                ],
                [
                    265.1331338266018,
                    505.1681509464279
                ],
                [
                    280.41957988116155,
                    494.6887341418603
                ],
                [
                    290.53211532385103,
                    479.15714579864266
                ],
                [
                    293.9311983038824,
                    460.93792944783127
                ],
                [
                    290.0993492503103,
                    442.80479562122923
                ],
                [
                    279.61993244574296,
                    427.5183495666695
                ],
                [
                    264.0883441025253,
                    417.40581412398024
                ],
                [
                    245.86912775171368,
                    414.00673114394885
                ],
                [
                    227.73599392511187,
                    417.83858019752097
                ],
                [
                    212.44954787055212,
                    428.31799700208853
                ],
                [
                    202.33701242786265,
                    443.8495853453062
                ],
                [
                    198.93792944783127,
                    462.0688016961176
                ],
                [
                    202.76977850140338,
                    480.2019355227196
                ],
                [
                    213.24919530597072,
                    495.48838157727937
                ],
                [
                    228.78078364918838,
                    505.6009170199686
                ]
            ],
            "tags": [
                "mirror ball"
            ],
            "type": "region"
        }
    ],
    "size": [
        2592,
        1728
    ]
}