{
    "objects": [
        {
            "data": [
                [
                    388.0,
                    497.0
                ],
                [
                    406.70113358043636,
                    493.02531917162196
                ],
                [
                    422.4576836282017,
                    482.1965789183389
                ],
                [
                    432.8708582320055,
                    466.1623567809386
                ],
                [
                    436.35534595408126,
                    447.3637177292544
                ],
                [
                    432.3806651257032,
                    428.6625841488178
                ],
                [
                    421.55192487241993,
                    412.9060341010529
                ],
                [
                    405.51770273502007,
                    402.4928594972489
                ],
                [
                    386.71906368333566,
                    399.00837177517315
                ],
                [
                    368.0179301028993,
                    402.9830526035512
                ],
                [
                    352.26138005513394,
                    413.81179285683424
                ],
                [
                    341.84820545133016,
                    429.84601499423457
                ],
                [
                    338.3637177292544,
                    448.64465404591874
                ],
                [
                    342.33839855763244,
                    467.34578762635533
                ],
                [
                    353.16713881091573,
                    483.10233767412024
                ],
                [
                    369.2013609483156,
                    493.51551227792424
                ]
            ],
            "tags": [
                "mirror ball"
            ],
            "type": "region"
        }
    ],
    "size": [
        2592,
        1728
    ]
}