{
    "objects": [
        {
            "data": [
                [
                    239.0,
                    513.0
                ],
                [
                    257.15613454187314,
                    509.2786577636266
                ],
                [
                    272.5061196146107,
                    498.8925339530051
                ],
                [
                    282.7130591388491,
                    483.4228217678558
                ],
                [
                    286.22303909816037,
                    465.2246446550773
                ],
                [
                    282.50169686178697,
                    447.0685101132042
                ],
                [
                    272.1155730511655,
                    431.71852504046683
                ],
                [
                    256.64586086601594,
                    421.5115855162285
                ],
                [
                    238.44768375323747,
                    418.0016055569172
                ],
                [
                    220.29154921136433,
                    421.7229477932906
                ],
                [
                    204.94156413862675,
                    432.10907160391207
                ],
                [
                    194.7346246143884,
                    447.5787837890614
                ],
                [
                    191.2246446550771,
                    465.77696090183986
                ],
                [
                    194.9459868914505,
                    483.933095443713
                ],
                [
                    205.33211070207244,
                    499.28308051645035
                ],
                [
                    220.80182288722153,
                    509.4900200406887
                ]
            ],
            "tags": [
                "mirror ball"
            ],
            "type": "region"
        }
    ],
    "size": [
        2592,
        1728
    ]
}