{
    "objects": [
        {
            "data": [
                [
                    344.0,
                    478.0
                ],
                [
                    361.30702114535325,
                    473.2451248716154
                ],
                [
                    375.47701181568755,
                    462.22908280493516
                ],
                [
                    384.3527193827299,
                    446.6289663439411
                ],
                [
                    386.5828978278878,
                    428.8197518044117
                ],
                [
                    381.82802269950344,
                    411.51273065905843
                ],
                [
                    370.8119806328232,
                    397.3427399887239
                ],
                [
                    355.2118641718289,
                    388.46703242168155
                ],
                [
                    337.4026496322995,
                    386.2368539765239
                ],
                [
                    320.0956284869462,
                    390.9917291049085
                ],
                [
                    305.9256378166119,
                    402.00777117158873
                ],
                [
                    297.04993024956957,
                    417.6078876325828
                ],
                [
                    294.8197518044117,
                    435.4171021721122
                ],
                [
                    299.57462693279604,
                    452.72412331746546
                ],
                [
                    310.5906689994763,
                    466.8941139878
                ],
                [
                    326.1907854604706,
                    475.76982155484257
                ]
            ],
            "tags": [
                "mirror ball"
            ],
            "type": "region"
        }
    ],
    "size": [
        2592,
        1728
    ]
}