{
    "objects": [
        {
            "data": [
                [
                    339.0,
                    448.0
                ],
                [
                    356.8591551802542,
                    444.80100986207367
                ],
                [
                    372.13466259314964,
                    435.0111255454176
                ],
                [
                    382.5009647078937,
                    420.1207681917206
                ],
                [
                    386.37988599827804,
                    402.39685972665734
                ],
                [
                    383.18089586035194,
                    384.5377045464036
                ],
                [
                    373.3910115436961,
                    369.26219713350747
                ],
                [
                    358.50065418999884,
                    358.89589501876367
                ],
                [
                    340.7767457249356,
                    355.01697372837907
                ],
                [
                    322.9175905446814,
                    358.2159638663054
                ],
                [
                    307.64208313178597,
                    368.0058481829615
                ],
                [
                    297.27578101704194,
                    382.8962055366583
                ],
                [
                    293.39685972665757,
                    400.62011400172173
                ],
                [
                    296.59584986458367,
                    418.4792691819757
                ],
                [
                    306.3857341812395,
                    433.7547765948716
                ],
                [
                    321.27609153493677,
                    444.1210787096154
                ]
            ],
            "tags": [
                "mirror ball"
            ],
            "type": "region"
        }
    ],
    "size": [
        2592,
        1728
    ]
}