{
    "objects": [
        {
            "data": [
                [
                    357.0,
                    510.0
                ],
                [
                    375.13593553520695,
                    507.28189999669667
                ],
                [
                    390.85118334035315,
                    497.83038097656095
                ],
                [
                    401.753239396181,
                    483.08435103217494
                ],
                [
                    406.1823644955748,
                    465.2887595494776
                ],
                [
                    403.46426449227147,
                    447.1528240142709
                ],
                [
                    394.0127454721355,
                    431.4375762091247
                ],
                [
                    379.2667155277495,
                    420.53552015329706
                ],
                [
                    361.4711240450524,
                    416.1063950539028
                ],
                [
                    343.33518850984547,
                    418.82449505720615
                ],
                [
                    327.6199407046993,
                    428.27601407734187
                ],
                [
                    316.7178846488714,
                    443.02204402172765
                ],
                [
                    312.2887595494776,
                    460.8176355044252
                ],
                [
                    315.00685955278095,
                    478.9535710396319
                ],
                [
                    324.4583785729169,
                    494.6688188447781
                ],
                [
                    339.2044085173029,
                    505.57087490060576
                ]
            ],
            "tags": [
                "mirror ball"
            ],
            "type": "region"
        }
    ],
    "size": [
        2592,
        1728
    ]
}