{
    "objects": [
        {
            "data": [
                [
                    277.0,
                    526.0
                ],
                [
                    294.8910896796506,
                    521.9739429413089
                ],
                [
                    309.87959591488607,
                    511.4077276207013
                ],
                [
                    319.6836545025394,
                    495.90996453775915
                ],
                [
                    322.8106863966523,
                    477.84004763428857
                ],
                [
                    318.7846293379612,
                    459.948957954638
                ],
                [
                    308.21841401735355,
                    444.9604517194025
                ],
                [
                    292.7206509344114,
                    435.15639313174916
                ],
                [
                    274.65073403094084,
                    432.0293612376363
                ],
                [
                    256.75964435129026,
                    436.0554182963274
                ],
                [
                    241.77113811605477,
                    446.621633616935
                ],
                [
                    231.96707952840143,
                    462.11939669987714
                ],
                [
                    228.84004763428857,
                    480.1893136033477
                ],
                [
                    232.86610469297966,
                    498.0804032829983
                ],
                [
                    243.4323200135873,
                    513.0689095182338
                ],
                [
                    258.9300830965294,
                    522.8729681058871
                ]
            ],
            "tags": [
                "mirror ball"
            ],
            "type": "region"
        }
    ],
    "size": [
        2592,
        1728
    ]
}