{
    "objects": [
        {
            "data": [
                [
                    207.0,
                    437.0
                ],
                [
                    223.98612132115932,
                    437.4223380280305
                ],
                [
                    233.2340187157679,
                    430.23401871576766
                ],
                [
                    240.42233802803048,
                    413.9861213211593
                ],
                [
                    245.0,
                    394.0
                ],
                [
                    240.42233802803048,
                    379.0138786788407
                ],
                [
                    228.2340187157679,
                    369.76598128423234
                ],
                [
                    218.98612132115932,
                    361.5776619719695
                ],
                [
                    205.0,
                    361.0
                ],
                [
                    192.01387867884068,
                    363.5776619719695
                ],
                [
                    177.7659812842321,
                    369.76598128423234
                ],
                [
                    170.57766197196952,
                    381.0138786788407
                ],
                [
                    166.0,
                    396.0
                ],
                [
                    168.57766197196952,
                    409.9861213211593
                ],
                [
                    178.7659812842321,
                    425.23401871576766
                ],
                [
                    190.01387867884068,
                    433.4223380280305
                ]
            ],
            "tags": [
                "mirror ball"
            ],
            "type": "region"
        }
    ],
    "size": [
        2592,
        1728
    ]
}