{
    "objects": [
        {
            "data": [
                [
                    251.0,
                    544.0
                ],
                [
                    268.43397515064134,
                    539.9761098636852
                ],
                [
                    276.61830844143924,
                    528.6629471427434
                ],
                [
                    282.3935637101713,
                    511.78283830736314
                ],
                [
                    282.42378789005943,
                    496.753385974185
                ],
                [
                    277.3998977537449,
                    482.31941082354365
                ],
                [
                    268.08673503280306,
                    471.13507753274575
                ],
                [
                    255.20662619742234,
                    465.3598222640137
                ],
                [
                    241.17717386424465,
                    463.32959808412534
                ],
                [
                    227.7431987136033,
                    468.3534882204401
                ],
                [
                    214.5588654228054,
                    478.66665094138193
                ],
                [
                    206.78361015407336,
                    492.5467597767622
                ],
                [
                    205.75338597418522,
                    507.57621210994034
                ],
                [
                    209.77727611049977,
                    523.0101872605817
                ],
                [
                    224.0904388314416,
                    536.1945205513796
                ],
                [
                    236.9705476668223,
                    542.9697758201114
                ]
            ],
            "tags": [
                "mirror ball"
            ],
            "type": "region"
        }
    ],
    "size": [
        2592,
        1728
    ]
}