{
    "objects": [
        {
            "data": [
                [
                    273.0,
                    447.0
                ],
                [
                    289.92492829259936,
                    443.12418862953587
                ],
                [
                    304.07831433290403,
                    433.0665161809445
                ],
                [
                    313.3054333970422,
                    418.3581721114963
                ],
                [
                    316.2015402515408,
                    401.2383684742938
                ],
                [
                    312.32572888107643,
                    384.31344018169443
                ],
                [
                    302.2680564324851,
                    370.16005414138976
                ],
                [
                    287.55971236303685,
                    360.9329350772516
                ],
                [
                    270.43990872583436,
                    358.03682822275323
                ],
                [
                    253.514980433235,
                    361.91263959321736
                ],
                [
                    239.36159439293033,
                    371.9703120418087
                ],
                [
                    230.13447532879218,
                    386.67865611125694
                ],
                [
                    227.23836847429357,
                    403.79845974845944
                ],
                [
                    231.11417984475793,
                    420.7233880410588
                ],
                [
                    241.17185229334927,
                    434.87677408136346
                ],
                [
                    255.8801963627975,
                    444.1038931455016
                ]
            ],
            "tags": [
                "mirror ball"
            ],
            "type": "region"
        }
    ],
    "size": [
        2592,
        1728
    ]
}