{
    "objects": [
        {
            "data": [
                [
                    295.0,
                    496.0
                ],
                [
                    312.7157685738439,
                    491.26167020954244
                ],
                [
                    327.2697242540353,
                    480.1044931730264
                ],
                [
                    336.446159220201,
                    464.22704795419895
                ],
                [
                    338.8480444333336,
                    446.0465316582279
                ],
                [
                    334.10971464287604,
                    428.33076308438376
                ],
                [
                    322.95253760635933,
                    413.7768074041926
                ],
                [
                    307.07509238753255,
                    404.6003724380266
                ],
                [
                    288.89457609156125,
                    402.1984872248945
                ],
                [
                    271.17880751771736,
                    406.93681701535206
                ],
                [
                    256.62485183752597,
                    418.0939940518681
                ],
                [
                    247.44841687136022,
                    433.97143927069556
                ],
                [
                    245.04653165822765,
                    452.15195556666663
                ],
                [
                    249.7848614486852,
                    469.86772414051075
                ],
                [
                    260.9420384852019,
                    484.4216798207019
                ],
                [
                    276.81948370402915,
                    493.5981147868679
                ]
            ],
            "tags": [
                "mirror ball"
            ],
            "type": "region"
        }
    ],
    "size": [
        2592,
        1728
    ]
}