{
    "objects": [
        {
            "data": [
                [
                    325.0,
                    510.0
                ],
                [
                    342.870648210569,
                    508.3321418086898
                ],
                [
                    358.74271262767434,
                    499.9524407667975
                ],
                [
                    370.199815324434,
                    486.1366303957718
                ],
                [
                    375.49771627416067,
                    468.988042583969
                ],
                [
                    373.8298580828505,
                    451.1173943734
                ],
                [
                    365.4501570409584,
                    435.24532995629465
                ],
                [
                    351.6343466699327,
                    423.7882272595348
                ],
                [
                    334.4857588581299,
                    418.4903263098081
                ],
                [
                    316.61511064756087,
                    420.1581845011183
                ],
                [
                    300.74304623045555,
                    428.5378855430106
                ],
                [
                    289.2859435336959,
                    442.3536959140363
                ],
                [
                    283.9880425839692,
                    459.5022837258391
                ],
                [
                    285.6559007752794,
                    477.3729319364081
                ],
                [
                    294.0356018171715,
                    493.24499635351344
                ],
                [
                    307.8514121881972,
                    504.7020990502733
                ]
            ],
            "tags": [
                "mirror ball"
            ],
            "type": "region"
        }
    ],
    "size": [
        2592,
        1728
    ]
}