{
    "objects": [
        {
            "data": [
                [
                    266.0,
                    509.0
                ],
                [
                    283.2858060616036,
                    505.91961006852716
                ],
                [
                    298.0769942928796,
                    496.45870926383395
                ],
                [
                    308.1217403680721,
                    482.0576339701554
                ],
                [
                    311.8908227530819,
                    464.9088173548814
                ],
                [
                    308.81043282160954,
                    447.62301129327784
                ],
                [
                    299.3495320169163,
                    432.8318230620016
                ],
                [
                    284.94845672323754,
                    422.78707698680955
                ],
                [
                    267.79964010796357,
                    419.0179946017993
                ],
                [
                    250.51383404636,
                    422.0983845332721
                ],
                [
                    235.72264581508398,
                    431.5592853379653
                ],
                [
                    225.67789973989147,
                    445.9603606316439
                ],
                [
                    221.90881735488165,
                    463.10917724691785
                ],
                [
                    224.98920728635403,
                    480.39498330852143
                ],
                [
                    234.45010809104724,
                    495.18617153979767
                ],
                [
                    248.85118338472603,
                    505.2309176149897
                ]
            ],
            "tags": [
                "mirror ball"
            ],
            "type": "region"
        }
    ],
    "size": [
        2592,
        1728
    ]
}