{
    "objects": [
        {
            "data": [
                [
                    216.0,
                    450.0
                ],
                [
                    233.6309313965794,
                    445.7182690715026
                ],
                [
                    248.28124056480874,
                    435.01540016030685
                ],
                [
                    257.72055073920774,
                    419.5208080363941
                ],
                [
                    260.51181251328535,
                    401.5934038918026
                ],
                [
                    256.23008158478797,
                    383.9624724952232
                ],
                [
                    245.5272126735922,
                    369.31216332699387
                ],
                [
                    230.03262054967945,
                    359.8728531525944
                ],
                [
                    212.10521640508796,
                    357.08159137851726
                ],
                [
                    194.47428500850856,
                    361.36332230701464
                ],
                [
                    179.82397584027922,
                    372.0661912182104
                ],
                [
                    170.38466566588022,
                    387.56078334212316
                ],
                [
                    167.5934038918026,
                    405.48818748671465
                ],
                [
                    171.8751348203,
                    423.11911888329405
                ],
                [
                    182.57800373149576,
                    437.7694280515234
                ],
                [
                    198.0725958554085,
                    447.20873822592284
                ]
            ],
            "tags": [
                "mirror ball"
            ],
            "type": "region"
        }
    ],
    "size": [
        2592,
        1728
    ]
}