{
    "objects": [
        {
            "data": [
                [
                    231.0,
                    448.0
                ],
                [
                    246.47323887428456,
                    446.8595034024527
                ],
                [
                    258.41459061963633,
                    438.27134384711076
                ],
                [
                    269.54936987651627,
                    423.69523170939306
                ],
                [
                    269.33464837506745,
                    406.3502479294805
                ],
                [
                    262.1941517775199,
                    390.8770090551959
                ],
                [
                    255.60599222217843,
                    380.93565730984415
                ],
                [
                    243.02988008445982,
                    374.8008780529642
                ],
                [
                    231.6848963045477,
                    374.01559955441326
                ],
                [
                    217.21165743026313,
                    377.1560961519606
                ],
                [
                    205.27030568491136,
                    384.7442557073025
                ],
                [
                    199.13552642803143,
                    394.3203678450202
                ],
                [
                    192.35024792948025,
                    408.6653516249328
                ],
                [
                    194.4907445270278,
                    420.13859049921734
                ],
                [
                    203.07890408236926,
                    435.0799422445691
                ],
                [
                    216.65501622008787,
                    443.21472150144905
                ]
            ],
            "tags": [
                "mirror ball"
            ],
            "type": "region"
        }
    ],
    "size": [
        2592,
        1728
    ]
}