{
    "objects": [
        {
            "data": [
                [
                    344.0,
                    494.0
                ],
                [
                    356.5338190510697,
                    481.70401393444445
                ],
                [
                    363.4080877846727,
                    465.54751918132774
                ],
                [
                    363.5762611015193,
                    447.99019560782153
                ],
                [
                    357.01273613861486,
                    431.70498657045823
                ],
                [
                    344.71675007305976,
                    419.17116751938875
                ],
                [
                    328.56025531994237,
                    412.29689878578574
                ],
                [
                    311.0029317464364,
                    412.1287254689387
                ],
                [
                    294.7177227090733,
                    418.69225043184315
                ],
                [
                    282.1839036580036,
                    430.9882364973987
                ],
                [
                    275.3096349244006,
                    447.1447312505154
                ],
                [
                    275.141461607554,
                    464.7020548240216
                ],
                [
                    281.70498657045846,
                    480.9872638613849
                ],
                [
                    294.00097263601356,
                    493.5210829124544
                ],
                [
                    310.15746738913094,
                    500.39535164605763
                ],
                [
                    327.7147909626369,
                    500.56352496290447
                ]
            ],
            "tags": [
                "mirror ball"
            ],
            "type": "region"
        }
    ],
    "size": [
        2592,
        1728
    ]
}