{
    "objects": [
        {
            "data": [
                [
                    269.0,
                    546.0
                ],
                [
                    287.04975182254293,
                    541.0030435930857
                ],
                [
                    301.813295669122,
                    529.4791168630979
                ],
                [
                    311.04301582095377,
                    513.1826331900209
                ],
                [
                    313.33377105254294,
                    494.5945844850885
                ],
                [
                    308.3368146456287,
                    476.5448326625458
                ],
                [
                    296.81288791564066,
                    461.7812888159667
                ],
                [
                    280.516404242564,
                    452.5515686641352
                ],
                [
                    261.92835553763143,
                    450.26081343254555
                ],
                [
                    243.8786037150885,
                    455.2577698394598
                ],
                [
                    229.11505986850943,
                    466.7816965694476
                ],
                [
                    219.88533971667766,
                    483.0781802425247
                ],
                [
                    217.5945844850885,
                    501.66622894745706
                ],
                [
                    222.59154089200274,
                    519.7159807699998
                ],
                [
                    234.11546762199077,
                    534.4795246165788
                ],
                [
                    250.4119512950674,
                    543.7092447684104
                ]
            ],
            "tags": [
                "mirror ball"
            ],
            "type": "region"
        }
    ],
    "size": [
        2592,
        1728
    ]
}