{
    "objects": [
        {
            "data": [
                [
                    367.0,
                    509.0
                ],
                [
                    379.13722989692405,
                    496.31238620707177
                ],
                [
                    385.4952285852755,
                    479.9458427110185
                ],
                [
                    385.10604840015503,
                    462.39202739602774
                ],
                [
                    378.0289384968196,
                    446.32334951807525
                ],
                [
                    365.34132470389113,
                    434.1861196211514
                ],
                [
                    348.9747812078381,
                    427.8281209327997
                ],
                [
                    331.4209658928471,
                    428.21730111792044
                ],
                [
                    315.35228801489484,
                    435.29441102125566
                ],
                [
                    303.2150581179708,
                    447.9820248141839
                ],
                [
                    296.8570594296193,
                    464.34856831023717
                ],
                [
                    297.2462396147398,
                    481.9023836252279
                ],
                [
                    304.32334951807525,
                    497.9710615031804
                ],
                [
                    317.0109633110037,
                    510.10829140010424
                ],
                [
                    333.37750680705676,
                    516.4662900884559
                ],
                [
                    350.93132212204773,
                    516.0771099033352
                ]
            ],
            "tags": [
                "mirror ball"
            ],
            "type": "region"
        }
    ],
    "size": [
        2592,
        1728
    ]
}