{
    "objects": [
        {
            "data": [
                [
                    229.0,
                    548.0
                ],
                [
                    245.47765119824908,
                    552.8192801438734
                ],
                [
                    262.5452745511584,
                    550.9659903123754
                ],
                [
                    277.60447912163727,
                    542.7222770822373
                ],
                [
                    288.3626375258609,
                    529.343171063301
                ],
                [
                    293.1819176697345,
                    512.8655198650517
                ],
                [
                    291.32862783823657,
                    495.79789651214264
                ],
                [
                    283.0849146080982,
                    480.7386919416633
                ],
                [
                    269.7058085891622,
                    469.9805335374399
                ],
                [
                    253.2281573909131,
                    465.16125339356654
                ],
                [
                    236.1605340380038,
                    467.0145432250645
                ],
                [
                    221.10132946752492,
                    475.2582564552026
                ],
                [
                    210.34317106330127,
                    488.63736247413885
                ],
                [
                    205.52389091942769,
                    505.11501367238816
                ],
                [
                    207.37718075092562,
                    522.1826370252973
                ],
                [
                    215.620893981064,
                    537.2418415957766
                ]
            ],
            "tags": [
                "mirror ball"
            ],
            "type": "region"
        }
    ],
    "size": [
        2592,
        1728
    ]
}