{
    "objects": [
        {
            "data": [
                [
                    295.0,
                    470.0
                ],
                [
                    312.84407677423906,
                    468.0684869953059
                ],
                [
                    328.59069605622426,
                    459.4553691161375
                ],
                [
                    339.84257780373264,
                    445.47191548149044
                ],
                [
                    341.88672501926794,
                    427.24698014691694
                ],
                [
                    338.9552120145736,
                    410.4029033726781
                ],
                [
                    330.3420941354052,
                    394.6562840906929
                ],
                [
                    317.3586405007586,
                    384.40440234318453
                ],
                [
                    303.1337051661849,
                    378.360255127649
                ],
                [
                    285.2896283919458,
                    380.2917681323431
                ],
                [
                    269.5430091099606,
                    388.9048860115115
                ],
                [
                    258.29112736245224,
                    402.88833964615856
                ],
                [
                    253.24698014691694,
                    420.11327498073206
                ],
                [
                    255.1784931516113,
                    437.9573517549709
                ],
                [
                    263.7916110307797,
                    453.7039710369561
                ],
                [
                    277.7750646654267,
                    464.95585278446447
                ]
            ],
            "tags": [
                "mirror ball"
            ],
            "type": "region"
        }
    ],
    "size": [
        2592,
        1728
    ]
}