{
    "objects": [
        {
            "data": [
                [
                    197.0,
                    532.0
                ],
                [
                    214.23121522180782,
                    527.7265918031669
                ],
                [
                    228.51541976887165,
                    517.1843768511442
                ],
                [
                    237.67797298553796,
                    501.9783118049602
                ],
                [
                    240.32395920332056,
                    484.42338222457397
                ],
                [
                    236.0505510064877,
                    467.19216700276615
                ],
                [
                    225.50833605446496,
                    452.90796245570255
                ],
                [
                    210.30227100828097,
                    443.745409239036
                ],
                [
                    192.74734142789475,
                    441.0994230212532
                ],
                [
                    175.51612620608694,
                    445.3728312180863
                ],
                [
                    161.2319216590231,
                    455.915046170109
                ],
                [
                    152.0693684423568,
                    471.121111216293
                ],
                [
                    149.42338222457397,
                    488.6760407966792
                ],
                [
                    153.69679042140706,
                    505.90725601848703
                ],
                [
                    164.2390053734298,
                    520.1914605655509
                ],
                [
                    179.44507041961378,
                    529.3540137822172
                ]
            ],
            "tags": [
                "mirror ball"
            ],
            "type": "region"
        }
    ],
    "size": [
        2592,
        1728
    ]
}