{
    "objects": [
        {
            "data": [
                [
                    311.0,
                    546.0
                ],
                [
                    329.4780693260109,
                    544.5666251272087
                ],
                [
                    346.00105056045186,
                    536.1711084266631
                ],
                [
                    358.05346959157623,
                    522.0915912104724
                ],
                [
                    363.80045487734606,
                    504.4715523436605
                ],
                [
                    362.3670800045552,
                    485.9934830176494
                ],
                [
                    353.9715633040091,
                    469.4705017832089
                ],
                [
                    339.8920460878189,
                    457.4180827520845
                ],
                [
                    322.2720072210068,
                    451.6710974663142
                ],
                [
                    303.7939378949959,
                    453.10447233910554
                ],
                [
                    287.27095666055493,
                    461.49998903965115
                ],
                [
                    275.21853762943056,
                    475.5795062558418
                ],
                [
                    269.47155234366073,
                    493.1995451226537
                ],
                [
                    270.9049272164516,
                    511.6776144486648
                ],
                [
                    279.30044391699766,
                    528.2005956831053
                ],
                [
                    293.37996113318786,
                    540.2530147142297
                ]
            ],
            "tags": [
                "mirror ball"
            ],
            "type": "region"
        }
    ],
    "size": [
        2592,
        1728
    ]
}