{
    "objects": [
        {
            "data": [
                [
                    276.0,
                    447.0
                ],
                [
                    293.7456696072868,
                    444.22188249998
                ],
                [
                    307.69470757538056,
                    434.94038331535535
                ],
                [
                    315.57125838700495,
                    419.72076749496296
                ],
                [
                    316.87170671224703,
                    402.88008358129696
                ],
                [
                    314.09358921222747,
                    389.13441397401016
                ],
                [
                    300.8120900276026,
                    376.1853760059164
                ],
                [
                    288.5924742072102,
                    367.3088251942918
                ],
                [
                    272.7517902935442,
                    364.0083768690497
                ],
                [
                    256.0061206862574,
                    367.7864943690697
                ],
                [
                    245.05708271816366,
                    375.06799355369435
                ],
                [
                    238.18053190653927,
                    389.28760937408674
                ],
                [
                    233.88008358129719,
                    405.12829328775274
                ],
                [
                    236.65820108131675,
                    421.87396289503954
                ],
                [
                    245.9397002659416,
                    433.8230008631333
                ],
                [
                    261.159316086334,
                    442.6995516747579
                ]
            ],
            "tags": [
                "mirror ball"
            ],
            "type": "region"
        }
    ],
    "size": [
        2592,
        1728
    ]
}