{
    "objects": [
        {
            "data": [
                [
                    268.0,
                    457.0
                ],
                [
                    286.2728101280554,
                    453.90193293054335
                ],
                [
                    301.96910646699416,
                    444.04699047596523
                ],
                [
                    312.69927018649287,
                    428.93549828969935
                ],
                [
                    316.82973112943455,
                    410.86804407108707
                ],
                [
                    313.73166405997745,
                    392.5952339430314
                ],
                [
                    303.8767216053993,
                    376.89893760409313
                ],
                [
                    288.7652294191339,
                    366.16877388459443
                ],
                [
                    270.6977752005214,
                    362.03831294165275
                ],
                [
                    252.42496507246597,
                    365.1363800111094
                ],
                [
                    236.72866873352723,
                    374.9913224656875
                ],
                [
                    225.99850501402852,
                    390.1028146519534
                ],
                [
                    221.86804407108684,
                    408.1702688705657
                ],
                [
                    224.96611114054394,
                    426.44307899862133
                ],
                [
                    234.82105359512207,
                    442.1393753375596
                ],
                [
                    249.9325457813875,
                    452.8695390570583
                ]
            ],
            "tags": [
                "mirror ball"
            ],
            "type": "region"
        }
    ],
    "size": [
        2592,
        1728
    ]
}