{
    "objects": [
        {
            "data": [
                [
                    374.0,
                    462.0
                ],
                [
                    387.2476797962877,
                    449.03880447034885
                ],
                [
                    394.526905220499,
                    431.9945536283103
                ],
                [
                    394.7294801881412,
                    413.4620801580663
                ],
                [
                    387.82456449673646,
                    396.2627851481709
                ],
                [
                    374.86336896708553,
                    383.01510535188345
                ],
                [
                    357.8191181250472,
                    375.7358799276717
                ],
                [
                    339.2866446548028,
                    375.5333049600297
                ],
                [
                    322.0873496449076,
                    382.4382206514342
                ],
                [
                    308.8396698486199,
                    395.39941618108537
                ],
                [
                    301.5604444244086,
                    412.4436670231239
                ],
                [
                    301.35786945676637,
                    430.97614049336767
                ],
                [
                    308.26278514817113,
                    448.1754355032633
                ],
                [
                    321.22398067782206,
                    461.4231152995508
                ],
                [
                    338.26823151986036,
                    468.7023407237625
                ],
                [
                    356.8007049901048,
                    468.90491569140454
                ]
            ],
            "tags": [
                "mirror ball"
            ],
            "type": "region"
        }
    ],
    "size": [
        2592,
        1728
    ]
}