{
    "objects": [
        {
            "data": [
                [
                    310.0,
                    533.0
                ],
                [
                    328.79382738170216,
                    529.4896528337536
                ],
                [
                    344.813708134835,
                    519.0544285651429
                ],
                [
                    355.6207606353146,
                    503.2829954935198
                ],
                [
                    359.56970910611744,
                    484.57641133564266
                ],
                [
                    356.05936193987145,
                    465.7825839539403
                ],
                [
                    345.62413767126054,
                    449.76270320080744
                ],
                [
                    329.8527045996375,
                    438.9556507003281
                ],
                [
                    311.1461204417601,
                    435.0067022295252
                ],
                [
                    292.35229306005795,
                    438.51704939577166
                ],
                [
                    276.3324123069251,
                    448.95227366438235
                ],
                [
                    265.5253598064455,
                    464.7237067360054
                ],
                [
                    261.57641133564266,
                    483.43029089388256
                ],
                [
                    265.08675850188865,
                    502.22411827558494
                ],
                [
                    275.52198277049956,
                    518.2439990287178
                ],
                [
                    291.2934158421226,
                    529.0510515291971
                ]
            ],
            "tags": [
                "mirror ball"
            ],
            "type": "region"
        }
    ],
    "size": [
        2592,
        1728
    ]
}