{
    "objects": [
        {
            "data": [
                [
                    317.0,
                    502.0
                ],
                [
                    334.89011756635136,
                    498.9789645620965
                ],
                [
                    350.2623308094503,
                    489.3416401583197
                ],
                [
                    360.7763596124955,
                    474.5552220665818
                ],
                [
                    364.83153840013165,
                    456.8708084021357
                ],
                [
                    361.81050296222793,
                    438.98069083578457
                ],
                [
                    352.1731785584511,
                    423.6084775926854
                ],
                [
                    337.386760466713,
                    413.0944487896402
                ],
                [
                    319.70234680226713,
                    409.0392700020043
                ],
                [
                    301.81222923591577,
                    412.0603054399078
                ],
                [
                    286.4400159928168,
                    421.6976298436846
                ],
                [
                    275.9259871897716,
                    436.4840479354225
                ],
                [
                    271.8708084021355,
                    454.1684615998686
                ],
                [
                    274.8918438400392,
                    472.0585791662197
                ],
                [
                    284.529168243816,
                    487.4307924093191
                ],
                [
                    299.31558633555414,
                    497.9448212123641
                ]
            ],
            "tags": [
                "mirror ball"
            ],
            "type": "region"
        }
    ],
    "size": [
        2592,
        1728
    ]
}