{
    "objects": [
        {
            "data": [
                [
                    285.0,
                    529.0
                ],
                [
                    302.70258871603573,
                    525.0249132832319
                ],
                [
                    317.53644827452445,
                    514.5779246140521
                ],
                [
                    327.24325802695876,
                    499.24949331515563
                ],
                [
                    330.3452441809791,
                    481.3732340992233
                ],
                [
                    326.37015746421093,
                    463.67064538318755
                ],
                [
                    315.9231687950314,
                    448.8367858246986
                ],
                [
                    300.5947374961347,
                    439.1299760722645
                ],
                [
                    282.71847828020236,
                    436.0279899182442
                ],
                [
                    265.0158895641666,
                    440.00307663501235
                ],
                [
                    250.18203000567792,
                    450.4500653041921
                ],
                [
                    240.4752202532436,
                    465.77849660308857
                ],
                [
                    237.37323409922328,
                    483.6547558190209
                ],
                [
                    241.34832081599143,
                    501.35734453505665
                ],
                [
                    251.79530948517095,
                    516.1912040935456
                ],
                [
                    267.12374078406765,
                    525.8980138459797
                ]
            ],
            "tags": [
                "mirror ball"
            ],
            "type": "region"
        }
    ],
    "size": [
        2592,
        1728
    ]
}