{
    "objects": [
        {
            "data": [
                [
                    201.0,
                    531.0
                ],
                [
                    218.3698919347653,
                    527.3307153542426
                ],
                [
                    233.0134051326645,
                    517.2935685056625
                ],
                [
                    242.70119745309603,
                    502.4166240749935
                ],
                [
                    245.95839033532957,
                    484.9647619919681
                ],
                [
                    242.28910568957144,
                    467.5948700572028
                ],
                [
                    232.25195884099185,
                    452.95135685930313
                ],
                [
                    217.37501441032327,
                    443.26356453887206
                ],
                [
                    199.92315232729743,
                    440.00637165663875
                ],
                [
                    182.55326039253214,
                    443.6756563023962
                ],
                [
                    167.90974719463293,
                    453.71280315097624
                ],
                [
                    158.2219548742014,
                    468.58974758164527
                ],
                [
                    154.96476199196786,
                    486.04160966467066
                ],
                [
                    158.634046637726,
                    503.41150159943595
                ],
                [
                    168.67119348630558,
                    518.0550147973356
                ],
                [
                    183.54813791697416,
                    527.7428071177667
                ]
            ],
            "tags": [
                "mirror ball"
            ],
            "type": "region"
        }
    ],
    "size": [
        2592,
        1728
    ]
}