{
    "objects": [
        {
            "data": [
                [
                    336.0,
                    537.0
                ],
                [
                    354.7970684620436,
                    534.8139175372617
                ],
                [
                    371.32671774506525,
                    525.6009140160993
                ],
                [
                    383.07245858736906,
                    510.76358570652496
                ],
                [
                    388.2461084211195,
                    492.5607813429556
                ],
                [
                    386.0600259583812,
                    473.7637128809117
                ],
                [
                    376.8470224372186,
                    457.2340635978901
                ],
                [
                    362.0096941276447,
                    445.4883227555865
                ],
                [
                    343.8068897640751,
                    440.31467292183606
                ],
                [
                    325.00982130203147,
                    442.5007553845744
                ],
                [
                    308.48017201900984,
                    451.71375890573677
                ],
                [
                    296.73443117670604,
                    466.5510872153111
                ],
                [
                    291.5607813429556,
                    484.7538915788805
                ],
                [
                    293.7468638056939,
                    503.55096004092434
                ],
                [
                    302.9598673268565,
                    520.080609323946
                ],
                [
                    317.7971956364304,
                    531.8263501662495
                ]
            ],
            "tags": [
                "mirror ball"
            ],
            "type": "region"
        }
    ],
    "size": [
        2592,
        1728
    ]
}