{
    "objects": [
        {
            "data": [
                [
                    331.0,
                    521.0
                ],
                [
                    349.22625006033286,
                    517.638836766678
                ],
                [
                    362.77884796264016,
                    508.5586429177497
                ],
                [
                    371.2900516609466,
                    493.2940365895297
                ],
                [
                    371.1596256764833,
                    475.1689157214887
                ],
                [
                    369.7984624431615,
                    459.94266566115584
                ],
                [
                    362.718268594233,
                    446.39006775884855
                ],
                [
                    350.45366226601345,
                    435.87886406054236
                ],
                [
                    334.328541397972,
                    436.0092900450054
                ],
                [
                    316.10229133763914,
                    436.37045327832743
                ],
                [
                    301.54969343533185,
                    444.4506471272557
                ],
                [
                    293.03848973702543,
                    459.7152534554755
                ],
                [
                    288.1689157214887,
                    475.8403743235167
                ],
                [
                    292.5300789548105,
                    494.06662438384956
                ],
                [
                    300.610272803739,
                    508.61922228615686
                ],
                [
                    313.87487913195855,
                    518.130425984463
                ]
            ],
            "tags": [
                "mirror ball"
            ],
            "type": "region"
        }
    ],
    "size": [
        2592,
        1728
    ]
}