{
    "objects": [
        {
            "data": [
                [
                    285.0,
                    511.0
                ],
                [
                    297.7742631196479,
                    506.3587732550038
                ],
                [
                    309.80210387256557,
                    499.19280237368207
                ],
                [
                    316.79566973183773,
                    486.0497642679609
                ],
                [
                    318.2335308872898,
                    471.2350492174535
                ],
                [
                    314.59230414229387,
                    456.460786097806
                ],
                [
                    305.42633326097257,
                    443.4329453448879
                ],
                [
                    295.2832951552509,
                    437.43937948561575
                ],
                [
                    282.4685801047435,
                    436.00151833016344
                ],
                [
                    267.6943169850956,
                    438.6427450751596
                ],
                [
                    255.66647623217796,
                    444.80871595648136
                ],
                [
                    244.6729103729058,
                    460.95175406220255
                ],
                [
                    243.2350492174537,
                    475.76646911270996
                ],
                [
                    249.87627596244965,
                    491.5407322323574
                ],
                [
                    259.04224684377095,
                    501.5685729852755
                ],
                [
                    273.18528494949305,
                    511.5621388445477
                ]
            ],
            "tags": [
                "mirror ball"
            ],
            "type": "region"
        }
    ],
    "size": [
        2592,
        1728
    ]
}