{
    "objects": [
        {
            "data": [
                [
                    234.0,
                    510.0
                ],
                [
                    248.11254799029712,
                    505.58681981714903
                ],
                [
                    257.8509464552658,
                    495.0370048389782
                ],
                [
                    264.12364876750644,
                    481.1089096965802
                ],
                [
                    267.6712109922141,
                    467.2274424868433
                ],
                [
                    268.2580308093634,
                    451.1148944965462
                ],
                [
                    256.70821583119186,
                    437.3764960315775
                ],
                [
                    240.7801206887939,
                    429.10379371933664
                ],
                [
                    222.89865347905743,
                    427.5562314946292
                ],
                [
                    205.7861054887603,
                    432.96941167748014
                ],
                [
                    195.04770702379165,
                    445.519226655651
                ],
                [
                    188.775004711551,
                    462.44732179804896
                ],
                [
                    191.2274424868433,
                    476.3287890077859
                ],
                [
                    195.64062266969404,
                    491.441336998083
                ],
                [
                    206.19043764786556,
                    502.17973546305166
                ],
                [
                    218.11853279026354,
                    509.45243777529254
                ]
            ],
            "tags": [
                "mirror ball"
            ],
            "type": "region"
        }
    ],
    "size": [
        2592,
        1728
    ]
}