{
    "objects": [
        {
            "data": [
                [
                    301.0,
                    485.0
                ],
                [
                    319.0103214307337,
                    478.58448701642124
                ],
                [
                    333.1945782455987,
                    465.76507425722093
                ],
                [
                    341.39334592514115,
                    448.4934011067214
                ],
                [
                    342.3584364121639,
                    429.3989232339786
                ],
                [
                    335.94292342858535,
                    411.38860180324514
                ],
                [
                    323.1235106693848,
                    397.20434498837994
                ],
                [
                    305.8518375188851,
                    389.0055773088377
                ],
                [
                    286.7573596461425,
                    388.04048682181474
                ],
                [
                    268.7470382154088,
                    394.4559998053933
                ],
                [
                    254.56278140054383,
                    407.2754125645936
                ],
                [
                    246.36401372100136,
                    424.5470857150933
                ],
                [
                    245.39892323397862,
                    443.6415635878361
                ],
                [
                    251.81443621755716,
                    461.6518850185696
                ],
                [
                    264.6338489767577,
                    475.836141833435
                ],
                [
                    281.9055221272574,
                    484.03490951297726
                ]
            ],
            "tags": [
                "mirror ball"
            ],
            "type": "region"
        }
    ],
    "size": [
        2592,
        1728
    ]
}