{
    "objects": [
        {
            "data": [
                [
                    336.0,
                    452.0
                ],
                [
                    354.12931539818146,
                    449.2380896903778
                ],
                [
                    369.82168151583255,
                    439.7486286416806
                ],
                [
                    380.6880778631935,
                    424.9763012763942
                ],
                [
                    385.0741941005067,
                    407.17006052440183
                ],
                [
                    382.3122837908845,
                    389.0407451262204
                ],
                [
                    372.8228227421873,
                    373.34837900856974
                ],
                [
                    358.05049537690047,
                    362.4819826612088
                ],
                [
                    340.24425462490854,
                    358.09586642389513
                ],
                [
                    322.1149392267271,
                    360.8577767335173
                ],
                [
                    306.422573109076,
                    370.3472377822143
                ],
                [
                    295.55617676171505,
                    385.1195651475009
                ],
                [
                    291.17006052440183,
                    402.9258058994933
                ],
                [
                    293.931970834024,
                    421.05512129767476
                ],
                [
                    303.4214318827212,
                    436.7474874153256
                ],
                [
                    318.19375924800806,
                    447.6138837626863
                ]
            ],
            "tags": [
                "mirror ball"
            ],
            "type": "region"
        }
    ],
    "size": [
        2592,
        1728
    ]
}