{
    "objects": [
        {
            "data": [
                [
                    268.0,
                    454.0
                ],
                [
                    285.94224331585883,
                    451.305771641182
                ],
                [
                    301.48767812679034,
                    441.95042994811615
                ],
                [
                    312.26965290254793,
                    427.358240887188
                ],
                [
                    316.6467097223672,
                    409.75073296440087
                ],
                [
                    313.95248136354894,
                    391.80848964854204
                ],
                [
                    304.59713967048356,
                    376.2630548376103
                ],
                [
                    290.00495060955564,
                    365.4810800618527
                ],
                [
                    272.39744268676804,
                    361.1040232420337
                ],
                [
                    254.4551993709092,
                    363.7982516008517
                ],
                [
                    238.9097645599777,
                    373.15359329391754
                ],
                [
                    228.1277897842201,
                    387.74578235484546
                ],
                [
                    223.75073296440087,
                    405.3532902776328
                ],
                [
                    226.4449613232191,
                    423.29553359349165
                ],
                [
                    235.8003030162845,
                    438.8409684044234
                ],
                [
                    250.3924920772124,
                    449.622943180181
                ]
            ],
            "tags": [
                "mirror ball"
            ],
            "type": "region"
        }
    ],
    "size": [
        2592,
        1728
    ]
}