{
    "objects": [
        {
            "data": [
                [
                    202.0,
                    526.0
                ],
                [
                    218.78250015008598,
                    530.4522803372431
                ],
                [
                    235.9913224644265,
                    528.1432662527218
                ],
                [
                    251.00657974402475,
                    519.4244842095397
                ],
                [
                    261.54233518170895,
                    505.6232897378152
                ],
                [
                    265.99461551895183,
                    488.840789587729
                ],
                [
                    263.68560143443074,
                    471.6319672733889
                ],
                [
                    254.96681939124846,
                    456.61670999379044
                ],
                [
                    241.1656249195239,
                    446.08095455610646
                ],
                [
                    224.38312476943793,
                    441.62867421886335
                ],
                [
                    207.1743024550974,
                    443.9376883033847
                ],
                [
                    192.15904517549916,
                    452.6564703465667
                ],
                [
                    181.62328973781496,
                    466.4576648182913
                ],
                [
                    177.17100940057207,
                    483.2401649683777
                ],
                [
                    179.48002348509317,
                    500.44898728271755
                ],
                [
                    188.19880552827544,
                    515.464244562316
                ]
            ],
            "tags": [
                "mirror ball"
            ],
            "type": "region"
        }
    ],
    "size": [
        2592,
        1728
    ]
}