{
    "objects": [
        {
            "data": [
                [
                    338.0,
                    611.0
                ],
                [
                    352.7069871124022,
                    607.0932120384773
                ],
                [
                    364.7994084638199,
                    597.8556902950418
                ],
                [
                    372.4363025215721,
                    584.693763716788
                ],
                [
                    374.45502139398286,
                    569.6112163120943
                ],
                [
                    370.54823343246017,
                    554.904229199692
                ],
                [
                    361.31071168902463,
                    542.8118078482744
                ],
                [
                    348.1487851107713,
                    535.1749137905222
                ],
                [
                    333.0662377060771,
                    533.1561949181114
                ],
                [
                    318.3592505936749,
                    537.0629828796341
                ],
                [
                    306.26682924225724,
                    546.3005046230696
                ],
                [
                    298.62993518450503,
                    559.4624312013232
                ],
                [
                    296.61121631209426,
                    574.5449786060171
                ],
                [
                    300.51800427361695,
                    589.2519657184193
                ],
                [
                    309.7555260170525,
                    601.344387069837
                ],
                [
                    322.9174525953058,
                    608.9812811275892
                ]
            ],
            "tags": [
                "mirror ball"
            ],
            "type": "region"
        }
    ],
    "size": [
        2592,
        1728
    ]
}