{
    "objects": [
        {
            "data": [
                [
                    345.0,
                    618.0
                ],
                [
                    359.5744484682232,
                    613.6246241363992
                ],
                [
                    371.36509925228484,
                    604.004903964327
                ],
                [
                    378.57693265282705,
                    590.6053546770008
                ],
                [
                    380.1120124100503,
                    575.4659361861991
                ],
                [
                    375.7366365464495,
                    560.8914877179759
                ],
                [
                    366.1169163743775,
                    549.1008369339145
                ],
                [
                    352.7173670870511,
                    541.889003533372
                ],
                [
                    337.57794859624937,
                    540.3539237761488
                ],
                [
                    323.0035001280262,
                    544.7292996397496
                ],
                [
                    311.21284934396454,
                    554.3490198118218
                ],
                [
                    304.0010159434223,
                    567.748569099148
                ],
                [
                    302.4659361861991,
                    582.8879875899497
                ],
                [
                    306.84131204979985,
                    597.4624360581729
                ],
                [
                    316.46103222187185,
                    609.2530868422346
                ],
                [
                    329.86058150919825,
                    616.4649202427768
                ]
            ],
            "tags": [
                "mirror ball"
            ],
            "type": "region"
        }
    ],
    "size": [
        2592,
        1728
    ]
}