{
    "objects": [
        {
            "data": [
                [
                    301.0,
                    465.0
                ],
                [
                    314.9176385131718,
                    459.3468182333329
                ],
                [
                    325.61248087412923,
                    448.7979096289059
                ],
                [
                    331.45633428240535,
                    434.9592498956488
                ],
                [
                    331.55952503125263,
                    419.93764953018695
                ],
                [
                    325.90634326458485,
                    406.0200110170156
                ],
                [
                    315.35743466015856,
                    395.3251686560575
                ],
                [
                    301.5187749269012,
                    389.4813152477816
                ],
                [
                    286.49717456143935,
                    389.37812449893454
                ],
                [
                    272.5795360482675,
                    395.03130626560164
                ],
                [
                    261.8846936873101,
                    405.5802148700286
                ],
                [
                    256.040840279034,
                    419.41887460328576
                ],
                [
                    255.93764953018672,
                    434.4404749687476
                ],
                [
                    261.5908312968545,
                    448.35811348191896
                ],
                [
                    272.1397399012808,
                    459.05295584287705
                ],
                [
                    285.9783996345386,
                    464.89680925115294
                ]
            ],
            "tags": [
                "mirror ball"
            ],
            "type": "region"
        }
    ],
    "size": [
        2592,
        1728
    ]
}