{
    "objects": [
        {
            "data": [
                [
                    364.0,
                    559.0
                ],
                [
                    378.16276081508886,
                    552.4424316962413
                ],
                [
                    388.73797290955144,
                    540.96417463687
                ],
                [
                    394.1156561065427,
                    526.3126894085158
                ],
                [
                    390.47710688813913,
                    511.71853182115115
                ],
                [
                    380.91953858438046,
                    500.55577100606206
                ],
                [
                    370.44128152500934,
                    494.98055891159925
                ],
                [
                    358.7897962966549,
                    493.6028757146087
                ],
                [
                    346.1956387092905,
                    493.2414249330118
                ],
                [
                    333.03287789420165,
                    496.79899323677046
                ],
                [
                    324.45766579973906,
                    504.2772502961418
                ],
                [
                    320.0799826027478,
                    513.928735524496
                ],
                [
                    318.7185318211514,
                    529.5228931118606
                ],
                [
                    324.27610012491004,
                    542.6856539269497
                ],
                [
                    333.75435718428116,
                    554.2608660214125
                ],
                [
                    348.4058424126356,
                    559.6385492184033
                ]
            ],
            "tags": [
                "mirror ball"
            ],
            "type": "region"
        }
    ],
    "size": [
        2592,
        1728
    ]
}