{
    "objects": [
        {
            "data": [
                [
                    309.0,
                    631.0
                ],
                [
                    322.9998216652648,
                    625.5535223115232
                ],
                [
                    333.8496935844846,
                    615.1641332434974
                ],
                [
                    339.8978211122926,
                    601.4135231014832
                ],
                [
                    340.223431658992,
                    586.3950976300109
                ],
                [
                    334.7769539705155,
                    572.3952759647461
                ],
                [
                    324.3875649024899,
                    561.5454040455261
                ],
                [
                    310.6369547604754,
                    555.4972765177183
                ],
                [
                    295.61852928900316,
                    555.1716659710187
                ],
                [
                    281.6187076237384,
                    560.6181436594954
                ],
                [
                    270.76883570451855,
                    571.0075327275213
                ],
                [
                    264.72070817671056,
                    584.7581428695355
                ],
                [
                    264.39509763001115,
                    599.7765683410078
                ],
                [
                    269.8415753184877,
                    613.7763900062725
                ],
                [
                    280.2309643865133,
                    624.6262619254926
                ],
                [
                    293.98157452852774,
                    630.6743894533004
                ]
            ],
            "tags": [
                "mirror ball"
            ],
            "type": "region"
        }
    ],
    "size": [
        2592,
        1728
    ]
}