{
    "objects": [
        {
            "data": [
                [
                    361.0,
                    578.0
                ],
                [
                    375.75610645512234,
                    575.1863816613861
                ],
                [
                    388.31224606538126,
                    566.9400197994512
                ],
                [
                    396.7568603968043,
                    554.5163482542187
                ],
                [
                    399.8043334680515,
                    539.8067583975874
                ],
                [
                    396.9907151294369,
                    525.050651942465
                ],
                [
                    388.74435326750245,
                    512.4945123322061
                ],
                [
                    376.32068172227036,
                    504.04989800078306
                ],
                [
                    361.6110918656386,
                    501.0024249295361
                ],
                [
                    346.8549854105163,
                    503.81604326815
                ],
                [
                    334.29884580025737,
                    512.0624051300849
                ],
                [
                    325.8542314688343,
                    524.4860766753175
                ],
                [
                    322.80675839758715,
                    539.1956665319487
                ],
                [
                    325.6203767362017,
                    553.9517729870711
                ],
                [
                    333.8667385981362,
                    566.5079125973302
                ],
                [
                    346.29041014336826,
                    574.9525269287531
                ]
            ],
            "tags": [
                "mirror ball"
            ],
            "type": "region"
        }
    ],
    "size": [
        2592,
        1728
    ]
}