{
    "objects": [
        {
            "data": [
                [
                    350.0,
                    613.0
                ],
                [
                    364.6113687533875,
                    608.7495452886533
                ],
                [
                    376.483934688566,
                    599.231108430876
                ],
                [
                    383.8102072669835,
                    585.893785153419
                ],
                [
                    385.47482790140293,
                    570.7680620221392
                ],
                [
                    381.2243731900562,
                    556.1566932687522
                ],
                [
                    371.70593633227827,
                    544.2841273335732
                ],
                [
                    358.3686130548217,
                    536.9578547551555
                ],
                [
                    343.24288992354195,
                    535.2932341207365
                ],
                [
                    328.63152117015443,
                    539.5436888320833
                ],
                [
                    316.75895523497593,
                    549.0621256898605
                ],
                [
                    309.4326826565584,
                    562.3994489673175
                ],
                [
                    307.768062022139,
                    577.5251720985973
                ],
                [
                    312.01851673348574,
                    592.1365408519844
                ],
                [
                    321.5369535912637,
                    604.0091067871633
                ],
                [
                    334.87427686872024,
                    611.335379365581
                ]
            ],
            "tags": [
                "mirror ball"
            ],
            "type": "region"
        }
    ],
    "size": [
        2592,
        1728
    ]
}