{
    "objects": [
        {
            "data": [
                [
                    341.0,
                    557.0
                ],
                [
                    355.6100748374847,
                    550.9784630832467
                ],
                [
                    363.8036815328787,
                    539.824254785678
                ],
                [
                    364.87669493710564,
                    527.2355022074482
                ],
                [
                    360.904553811376,
                    511.4332106812219
                ],
                [
                    354.8830168946224,
                    500.8231358437372
                ],
                [
                    347.728808597054,
                    493.6295291483434
                ],
                [
                    338.140056018824,
                    489.55651574411627
                ],
                [
                    325.33776449259767,
                    489.52865686984615
                ],
                [
                    313.72768965511295,
                    492.55019378659927
                ],
                [
                    305.53408295971894,
                    500.7044020841681
                ],
                [
                    298.46106955549203,
                    512.2931546623979
                ],
                [
                    295.4332106812217,
                    525.0954461886242
                ],
                [
                    299.45474759797526,
                    539.705521026109
                ],
                [
                    310.60895589554366,
                    550.8991277215027
                ],
                [
                    325.1977084737737,
                    556.9721411257301
                ]
            ],
            "tags": [
                "mirror ball"
            ],
            "type": "region"
        }
    ],
    "size": [
        2592,
        1728
    ]
}