{
    "objects": [
        {
            "data": [
                [
                    422.0,
                    575.0
                ],
                [
                    436.1074304810768,
                    569.2957150034158
                ],
                [
                    446.958061397188,
                    558.62696292911
                ],
                [
                    452.8999825525693,
                    544.6179645679176
                ],
                [
                    453.0285903149643,
                    529.4014629284436
                ],
                [
                    447.3243053183801,
                    515.294032447367
                ],
                [
                    436.6555532440748,
                    504.44340153125586
                ],
                [
                    422.64655488288236,
                    498.50148037587405
                ],
                [
                    407.4300532434081,
                    498.3728726134791
                ],
                [
                    393.3226227623313,
                    504.0771576100633
                ],
                [
                    382.47199184622013,
                    514.745909684369
                ],
                [
                    376.5300706908388,
                    528.7549080455613
                ],
                [
                    376.40146292844383,
                    543.9714096850355
                ],
                [
                    382.105747925028,
                    558.0788401661121
                ],
                [
                    392.77449999933333,
                    568.9294710822232
                ],
                [
                    406.78349836052575,
                    574.871392237605
                ]
            ],
            "tags": [
                "mirror ball"
            ],
            "type": "region"
        }
    ],
    "size": [
        2592,
        1728
    ]
}