{
    "objects": [
        {
            "data": [
                [
                    350.0,
                    560.0
                ],
                [
                    364.14592245581116,
                    554.3918505748466
                ],
                [
                    375.06890480999255,
                    543.7971859463223
                ],
                [
                    381.10602201620213,
                    529.8289477632461
                ],
                [
                    381.3381777063978,
                    514.6136736665965
                ],
                [
                    375.73002828124436,
                    500.46775121078554
                ],
                [
                    365.13536365272057,
                    489.54476885660415
                ],
                [
                    351.1671254696439,
                    483.50765165039456
                ],
                [
                    335.9518513729945,
                    483.27549596019844
                ],
                [
                    321.80592891718334,
                    488.8836453853519
                ],
                [
                    310.88294656300195,
                    499.4783100138761
                ],
                [
                    304.84582935679236,
                    513.4465481969523
                ],
                [
                    304.6136736665967,
                    528.661822293602
                ],
                [
                    310.22182309175014,
                    542.8077447494129
                ],
                [
                    320.8164877202739,
                    553.7307271035943
                ],
                [
                    334.7847259033506,
                    559.7678443098041
                ]
            ],
            "tags": [
                "mirror ball"
            ],
            "type": "region"
        }
    ],
    "size": [
        2592,
        1728
    ]
}