{
    "objects": [
        {
            "data": [
                [
                    356.0,
                    638.0
                ],
                [
                    370.8783296660131,
                    634.8072318514944
                ],
                [
                    383.4022944485814,
                    626.1638084425872
                ],
                [
                    391.66523423958324,
                    613.385612634456
                ],
                [
                    394.4091913595739,
                    598.4180089042554
                ],
                [
                    391.21642321106856,
                    583.5396792382428
                ],
                [
                    382.5729998021616,
                    571.0157144556742
                ],
                [
                    369.7948039940302,
                    562.7527746646722
                ],
                [
                    354.8272002638296,
                    560.0088175446813
                ],
                [
                    339.9488705978165,
                    563.2015856931869
                ],
                [
                    327.42490581524817,
                    571.8450091020941
                ],
                [
                    319.16196602424634,
                    584.6232049102252
                ],
                [
                    316.41800890425566,
                    599.5908086404258
                ],
                [
                    319.610777052761,
                    614.4691383064385
                ],
                [
                    328.254200461668,
                    626.9931030890073
                ],
                [
                    341.0323962697994,
                    635.2560428800091
                ]
            ],
            "tags": [
                "mirror ball"
            ],
            "type": "region"
        }
    ],
    "size": [
        2592,
        1728
    ]
}