{
    "objects": [
        {
            "data": [
                [
                    324.0,
                    450.0
                ],
                [
                    337.5576889040417,
                    444.4974654573341
                ],
                [
                    347.9776313851462,
                    434.2254834916919
                ],
                [
                    353.6734856575795,
                    420.7478702415942
                ],
                [
                    353.77810954141114,
                    406.11647014949995
                ],
                [
                    348.27557499874547,
                    392.55878124545825
                ],
                [
                    338.00359303310324,
                    382.1388387643535
                ],
                [
                    324.52597978300537,
                    376.44298449192024
                ],
                [
                    309.8945796909111,
                    376.3383606080888
                ],
                [
                    296.3368907868694,
                    381.8408951507547
                ],
                [
                    285.9169483057649,
                    392.11287711639693
                ],
                [
                    280.2210940333316,
                    405.5904903664946
                ],
                [
                    280.11647014949995,
                    420.22189045858886
                ],
                [
                    285.6190046921656,
                    433.77957936263056
                ],
                [
                    295.89098665780784,
                    444.1995218437353
                ],
                [
                    309.3685999079057,
                    449.89537611616856
                ]
            ],
            "tags": [
                "mirror ball"
            ],
            "type": "region"
        }
    ],
    "size": [
        2592,
        1728
    ]
}