{
    "objects": [
        {
            "data": [
                [
                    336.0,
                    323.0
                ],
                [
                    350.5447159003197,
                    319.2436233882536
                ],
                [
                    362.54477813177755,
                    310.20716211674744
                ],
                [
                    370.17328600046903,
                    297.26633549834287
                ],
                [
                    372.268868335982,
                    282.391267076807
                ],
                [
                    368.51249172423513,
                    267.8465511764872
                ],
                [
                    359.47603045272945,
                    255.84648894502948
                ],
                [
                    346.5352038343244,
                    248.217981076338
                ],
                [
                    331.6601354127888,
                    246.12239874082525
                ],
                [
                    317.1154195124691,
                    249.87877535257167
                ],
                [
                    305.11535728101126,
                    258.9152366240778
                ],
                [
                    297.48684941231977,
                    271.85606324248226
                ],
                [
                    295.3912670768068,
                    286.7311316640182
                ],
                [
                    299.14764368855367,
                    301.27584756433794
                ],
                [
                    308.18410496005936,
                    313.27590979579577
                ],
                [
                    321.1249315784644,
                    320.90441766448726
                ]
            ],
            "tags": [
                "mirror ball"
            ],
            "type": "region"
        }
    ],
    "size": [
        2592,
        1728
    ]
}