{
    "objects": [
        {
            "data": [
                [
                    317.0,
                    616.0
                ],
                [
                    331.586267740307,
                    612.408354238185
                ],
                [
                    343.68775863333576,
                    603.5081832265564
                ],
                [
                    351.46213039091026,
                    590.6544573213832
                ],
                [
                    353.72580538779584,
                    575.8040397724128
                ],
                [
                    350.1341596259804,
                    561.2177720321056
                ],
                [
                    341.2339886143518,
                    549.1162811390768
                ],
                [
                    328.3802627091786,
                    541.3419093815023
                ],
                [
                    313.5298451602084,
                    539.0782343846172
                ],
                [
                    298.94357741990143,
                    542.6698801464322
                ],
                [
                    286.84208652687266,
                    551.5700511580608
                ],
                [
                    279.06771476929816,
                    564.423777063234
                ],
                [
                    276.8040397724126,
                    579.2741946122044
                ],
                [
                    280.39568553422805,
                    593.8604623525116
                ],
                [
                    289.2958565458566,
                    605.9619532455404
                ],
                [
                    302.1495824510298,
                    613.7363250031149
                ]
            ],
            "tags": [
                "mirror ball"
            ],
            "type": "region"
        }
    ],
    "size": [
        2592,
        1728
    ]
}