{
    "objects": [
        {
            "data": [
                [
                    330.0,
                    652.0
                ],
                [
                    344.28418655459745,
                    648.8296957109046
                ],
                [
                    356.26783122397046,
                    640.4343949271201
                ],
                [
                    364.12653273921615,
                    628.0922060893859
                ],
                [
                    366.66387503394526,
                    613.6821155660275
                ],
                [
                    363.4935707448499,
                    599.3979290114298
                ],
                [
                    355.09826996106494,
                    587.4142843420568
                ],
                [
                    342.7560811233311,
                    579.5555828268111
                ],
                [
                    328.34599059997254,
                    577.0182405320825
                ],
                [
                    314.0618040453751,
                    580.1885448211779
                ],
                [
                    302.0781593760021,
                    588.5838456049623
                ],
                [
                    294.2194578607564,
                    600.9260344426964
                ],
                [
                    291.6821155660273,
                    615.336124966055
                ],
                [
                    294.85241985512266,
                    629.6203115206529
                ],
                [
                    303.2477206389076,
                    641.6039561900257
                ],
                [
                    315.5899094766414,
                    649.4626577052713
                ]
            ],
            "tags": [
                "mirror ball"
            ],
            "type": "region"
        }
    ],
    "size": [
        2592,
        1728
    ]
}