{
    "objects": [
        {
            "data": [
                [
                    327.0,
                    567.0
                ],
                [
                    340.634140700683,
                    561.1736703267509
                ],
                [
                    351.0008043999733,
                    550.5732838312865
                ],
                [
                    356.52176052369487,
                    536.8126532647991
                ],
                [
                    356.3564935496024,
                    521.9867098906095
                ],
                [
                    350.5301638763531,
                    508.3525691899265
                ],
                [
                    339.9297773808894,
                    497.985905490636
                ],
                [
                    326.16914681440176,
                    492.46494936691465
                ],
                [
                    311.34320344021216,
                    492.63021634100687
                ],
                [
                    297.70906273952914,
                    498.456546014256
                ],
                [
                    287.3423990402389,
                    509.05693250972035
                ],
                [
                    281.8214429165173,
                    522.8175630762078
                ],
                [
                    281.98670989060975,
                    537.6435064503974
                ],
                [
                    287.8130395638591,
                    551.2776471510804
                ],
                [
                    298.4134260593228,
                    561.6443108503709
                ],
                [
                    312.1740566258104,
                    567.1652669740922
                ]
            ],
            "tags": [
                "mirror ball"
            ],
            "type": "region"
        }
    ],
    "size": [
        2592,
        1728
    ]
}