{
    "objects": [
        {
            "data": [
                [
                    346.0,
                    483.0
                ],
                [
                    360.13226896491415,
                    479.8507811307577
                ],
                [
                    370.8355788262975,
                    468.76145848193255
                ],
                [
                    376.4804476834993,
                    454.4202809018477
                ],
                [
                    376.2074954238742,
                    439.010562673973
                ],
                [
                    370.0582765546319,
                    424.8782937090584
                ],
                [
                    358.96895390580676,
                    414.1749838476753
                ],
                [
                    344.62777632572215,
                    408.5301149904735
                ],
                [
                    329.21805809784746,
                    408.8030672500986
                ],
                [
                    315.0857891329333,
                    414.9522861193409
                ],
                [
                    304.38247927155,
                    426.04160876816604
                ],
                [
                    298.7376104143482,
                    440.3827863482509
                ],
                [
                    301.01056267397325,
                    453.79250457612557
                ],
                [
                    309.15978154321556,
                    465.92477354104017
                ],
                [
                    318.2491041920407,
                    476.6280834024233
                ],
                [
                    331.5902817721253,
                    483.2729522596251
                ]
            ],
            "tags": [
                "mirror ball"
            ],
            "type": "region"
        }
    ],
    "size": [
        2592,
        1728
    ]
}