{
    "objects": [
        {
            "data": [
                [
                    339.0,
                    617.0
                ],
                [
                    353.63458565855717,
                    613.6106005734582
                ],
                [
                    365.8581128090759,
                    604.8787903447133
                ],
                [
                    373.80966024943973,
                    592.1339082670347
                ],
                [
                    376.2786769628101,
                    577.3162471041051
                ],
                [
                    372.8892775362683,
                    562.6816614455479
                ],
                [
                    364.15746730752335,
                    550.4581342950287
                ],
                [
                    351.41258522984435,
                    542.5065868546653
                ],
                [
                    336.59492406691515,
                    540.037570141295
                ],
                [
                    321.960338408358,
                    543.4269695678367
                ],
                [
                    309.73681125783924,
                    552.1587797965817
                ],
                [
                    301.7852638174754,
                    564.9036618742603
                ],
                [
                    299.31624710410506,
                    579.7213230371899
                ],
                [
                    302.70564653064685,
                    594.3559086957471
                ],
                [
                    311.4374567593918,
                    606.5794358462663
                ],
                [
                    324.1823388370708,
                    614.5309832866299
                ]
            ],
            "tags": [
                "mirror ball"
            ],
            "type": "region"
        }
    ],
    "size": [
        2592,
        1728
    ]
}