{
    "objects": [
        {
            "data": [
                [
                    362.0,
                    621.0
                ],
                [
                    374.6140051505372,
                    617.7586186730332
                ],
                [
                    386.49247903295964,
                    609.2475556238642
                ],
                [
                    391.82703167730324,
                    598.9147839837281
                ],
                [
                    394.5010439313519,
                    584.7900973729595
                ],
                [
                    392.2596626043851,
                    571.1760922224223
                ],
                [
                    384.74859955521606,
                    558.2976183399996
                ],
                [
                    371.4158279150797,
                    550.963065695656
                ],
                [
                    356.29114130431117,
                    549.2890534416078
                ],
                [
                    341.677136153774,
                    553.5304347685747
                ],
                [
                    329.79866227135153,
                    563.0414978177437
                ],
                [
                    322.46410962700793,
                    576.3742694578798
                ],
                [
                    323.7900973729593,
                    590.4989560686483
                ],
                [
                    327.0314786999261,
                    605.1129612191855
                ],
                [
                    336.5425417490951,
                    614.9914351016082
                ],
                [
                    348.87531338923145,
                    621.3259877459518
                ]
            ],
            "tags": [
                "mirror ball"
            ],
            "type": "region"
        }
    ],
    "size": [
        2592,
        1728
    ]
}