{
    "objects": [
        {
            "data": [
                [
                    336.0,
                    621.0
                ],
                [
                    349.6886263112792,
                    617.8530359141084
                ],
                [
                    362.05485650305764,
                    612.3245262720768
                ],
                [
                    371.21604412879424,
                    600.712859355772
                ],
                [
                    373.92972235381967,
                    585.9380471281559
                ],
                [
                    370.78275826792833,
                    571.2494208168766
                ],
                [
                    362.25424862589625,
                    558.8831906250978
                ],
                [
                    349.64258170959147,
                    550.7220029993616
                ],
                [
                    334.8677694819753,
                    548.0083247743364
                ],
                [
                    320.1791431706961,
                    551.155288860228
                ],
                [
                    307.81291297891767,
                    559.6837985022596
                ],
                [
                    299.65172535318106,
                    572.2954654185644
                ],
                [
                    296.93804712815563,
                    587.0702776461806
                ],
                [
                    302.085011214047,
                    600.7589039574598
                ],
                [
                    311.61352085607905,
                    612.1251341492386
                ],
                [
                    325.22518777238383,
                    618.2863217749748
                ]
            ],
            "tags": [
                "mirror ball"
            ],
            "type": "region"
        }
    ],
    "size": [
        2592,
        1728
    ]
}