{
    "objects": [
        {
            "data": [
                [
                    273.0,
                    579.0
                ],
                [
                    287.71006546592434,
                    577.1426136385714
                ],
                [
                    300.5896028837733,
                    569.7973140524668
                ],
                [
                    309.6778194349772,
                    558.0823565183641
                ],
                [
                    313.5911165345028,
                    543.7812371244759
                ],
                [
                    311.73373017307404,
                    529.0711716585515
                ],
                [
                    304.38843058696966,
                    516.1916342407026
                ],
                [
                    292.67347305286694,
                    507.1034176894989
                ],
                [
                    278.3723536589787,
                    503.19012058997305
                ],
                [
                    263.66228819305434,
                    505.0475069514016
                ],
                [
                    250.7827507752054,
                    512.3928065375062
                ],
                [
                    241.69453422400147,
                    524.1077640716089
                ],
                [
                    237.78123712447587,
                    538.4088834654972
                ],
                [
                    239.63862348590465,
                    553.1189489314215
                ],
                [
                    246.98392307200902,
                    565.9984863492707
                ],
                [
                    258.69888060611174,
                    575.0867029004742
                ]
            ],
            "tags": [
                "mirror ball"
            ],
            "type": "region"
        }
    ],
    "size": [
        2592,
        1728
    ]
}