{
    "objects": [
        {
            "data": [
                [
                    332.0,
                    588.0
                ],
                [
                    346.3806564360093,
                    584.3899265136472
                ],
                [
                    358.28513526846746,
                    575.5514145441491
                ],
                [
                    365.90108750950185,
                    562.8300474175512
                ],
                [
                    368.06905346919393,
                    548.1625379593979
                ],
                [
                    364.4589799828409,
                    533.7818815233886
                ],
                [
                    355.62046801334327,
                    521.8774026909307
                ],
                [
                    342.89910088674515,
                    514.2614504498963
                ],
                [
                    328.23159142859186,
                    512.093484490204
                ],
                [
                    313.85093499258255,
                    515.7035579765568
                ],
                [
                    301.9464561601244,
                    524.5420699460549
                ],
                [
                    294.33050391909,
                    537.2634370726528
                ],
                [
                    292.1625379593979,
                    551.9309465308061
                ],
                [
                    295.77261144575095,
                    566.3116029668154
                ],
                [
                    304.6111234152486,
                    578.2160817992733
                ],
                [
                    317.3324905418467,
                    585.8320340403077
                ]
            ],
            "tags": [
                "mirror ball"
            ],
            "type": "region"
        }
    ],
    "size": [
        2592,
        1728
    ]
}