{
    "objects": [
        {
            "data": [
                [
                    336.0,
                    621.0
                ],
                [
                    350.77481222761617,
                    618.2863217749748
                ],
                [
                    363.38647914392095,
                    610.1251341492386
                ],
                [
                    371.914988785953,
                    597.7589039574598
                ],
                [
                    375.06195287184437,
                    583.0702776461806
                ],
                [
                    372.34827464681894,
                    568.2954654185644
                ],
                [
                    364.18708702108233,
                    555.6837985022596
                ],
                [
                    351.8208568293039,
                    547.155288860228
                ],
                [
                    337.1322305180247,
                    544.0083247743364
                ],
                [
                    322.35741829040853,
                    546.7220029993616
                ],
                [
                    309.74575137410375,
                    554.8831906250978
                ],
                [
                    301.21724173207167,
                    567.2494208168766
                ],
                [
                    298.07027764618033,
                    581.9380471281559
                ],
                [
                    300.78395587120576,
                    596.712859355772
                ],
                [
                    308.94514349694236,
                    609.3245262720768
                ],
                [
                    321.3113736887208,
                    617.8530359141084
                ]
            ],
            "tags": [
                "mirror ball"
            ],
            "type": "region"
        }
    ],
    "size": [
        2592,
        1728
    ]
}