{
    "objects": [
        {
            "data": [
                [
                    342.0,
                    497.0
                ],
                [
                    356.45238147063674,
                    491.10812714062195
                ],
                [
                    367.5499187785176,
                    480.1340594506505
                ],
                [
                    373.6031124679448,
                    465.74849925571334
                ],
                [
                    373.6904186720394,
                    450.14151769006094
                ],
                [
                    367.79854581266136,
                    435.6891362194242
                ],
                [
                    356.8244781226899,
                    424.59159891154286
                ],
                [
                    342.43891792775275,
                    418.5384052221161
                ],
                [
                    328.83193636210035,
                    425.4510990180215
                ],
                [
                    312.3795548914636,
                    424.3429718773996
                ],
                [
                    301.28201758358273,
                    435.317039567371
                ],
                [
                    295.22882389415554,
                    449.7025997623082
                ],
                [
                    295.14151769006094,
                    465.3095813279606
                ],
                [
                    301.033390549439,
                    479.7619627985973
                ],
                [
                    312.0074582394104,
                    490.85950010647866
                ],
                [
                    326.3930184343476,
                    496.9126937959054
                ]
            ],
            "tags": [
                "mirror ball"
            ],
            "type": "region"
        }
    ],
    "size": [
        2592,
        1728
    ]
}