{
    "objects": [
        {
            "data": [
                [
                    167.0,
                    593.0
                ],
                [
                    180.81867227068915,
                    589.5551077957421
                ],
                [
                    192.26715757520742,
                    581.0842654612447
                ],
                [
                    199.60252780671908,
                    568.8770819535582
                ],
                [
                    201.70803934277274,
                    554.7919903033339
                ],
                [
                    198.2631471385148,
                    540.9733180326446
                ],
                [
                    189.79230480401748,
                    529.5248327281265
                ],
                [
                    177.58512129633118,
                    522.1894624966153
                ],
                [
                    163.50002964610667,
                    520.0839509605612
                ],
                [
                    149.68135737541752,
                    523.5288431648191
                ],
                [
                    138.23287207089925,
                    531.9996854993165
                ],
                [
                    130.89750183938781,
                    544.206869007003
                ],
                [
                    128.79199030333393,
                    558.2919606572273
                ],
                [
                    132.2368825075921,
                    572.1106329279166
                ],
                [
                    140.70772484208942,
                    583.5591182324347
                ],
                [
                    152.9149083497755,
                    590.8944884639459
                ]
            ],
            "tags": [
                "mirror ball"
            ],
            "type": "region"
        }
    ],
    "size": [
        2592,
        1728
    ]
}