{
    "objects": [
        {
            "data": [
                [
                    289.0,
                    615.0
                ],
                [
                    303.27961854496334,
                    611.0089594943511
                ],
                [
                    314.9449607713145,
                    601.8571454201076
                ],
                [
                    322.2200840716814,
                    588.937838508672
                ],
                [
                    323.99741687273945,
                    574.2178861235016
                ],
                [
                    320.0063763670905,
                    559.9382675785378
                ],
                [
                    310.8545622928473,
                    548.2729253521868
                ],
                [
                    297.9352553814115,
                    540.9978020518206
                ],
                [
                    283.215302996241,
                    539.2204692507621
                ],
                [
                    268.93568445127767,
                    543.211509756411
                ],
                [
                    257.2703422249265,
                    552.3633238306545
                ],
                [
                    249.9952189245596,
                    565.2826307420901
                ],
                [
                    248.21788612350156,
                    580.0025831272606
                ],
                [
                    252.20892662915048,
                    594.2822016722243
                ],
                [
                    261.36074070339373,
                    605.9475438985753
                ],
                [
                    274.2800476148295,
                    613.2226671989415
                ]
            ],
            "tags": [
                "mirror ball"
            ],
            "type": "region"
        }
    ],
    "size": [
        2592,
        1728
    ]
}