{
    "objects": [
        {
            "data": [
                [
                    298.0,
                    634.0
                ],
                [
                    312.6137901869838,
                    630.5220318803781
                ],
                [
                    324.7842110554793,
                    621.7163529313148
                ],
                [
                    332.6584263533978,
                    608.9235479491258
                ],
                [
                    335.0376581815708,
                    594.0912055252838
                ],
                [
                    331.55969006194937,
                    579.4774153383
                ],
                [
                    322.75401111288556,
                    567.3069944698045
                ],
                [
                    309.9612061306966,
                    559.4327791718861
                ],
                [
                    295.12886370685464,
                    557.053547343713
                ],
                [
                    280.51507351987084,
                    560.5315154633349
                ],
                [
                    268.3446526513753,
                    569.3371944123983
                ],
                [
                    260.4704373534569,
                    582.1299993945872
                ],
                [
                    258.09120552528384,
                    596.9623418184292
                ],
                [
                    261.5691736449053,
                    611.576132005413
                ],
                [
                    270.3748525939691,
                    623.7465528739085
                ],
                [
                    283.16765757615804,
                    631.6207681718272
                ]
            ],
            "tags": [
                "mirror ball"
            ],
            "type": "region"
        }
    ],
    "size": [
        2592,
        1728
    ]
}