{
    "objects": [
        {
            "data": [
                [
                    362.0,
                    563.0
                ],
                [
                    374.8793277309628,
                    556.29938954012
                ],
                [
                    383.1379419368877,
                    547.7974439059012
                ],
                [
                    385.21406159949174,
                    533.2452300547563
                ],
                [
                    384.3348935152826,
                    521.858190629375
                ],
                [
                    381.63428305540265,
                    507.9788628984122
                ],
                [
                    372.13233742118337,
                    499.72024869248753
                ],
                [
                    360.5801235700387,
                    494.6441290298835
                ],
                [
                    345.1930841446574,
                    493.52329711409266
                ],
                [
                    332.3137564136946,
                    498.2239075739726
                ],
                [
                    323.0551422077697,
                    508.72585320819144
                ],
                [
                    318.97902254516566,
                    520.2780670593363
                ],
                [
                    320.8581906293748,
                    533.6651064847176
                ],
                [
                    326.55880108925476,
                    548.5444342156804
                ],
                [
                    334.06074672347404,
                    557.8030484216054
                ],
                [
                    349.6129605746187,
                    563.8791680842091
                ]
            ],
            "tags": [
                "mirror ball"
            ],
            "type": "region"
        }
    ],
    "size": [
        2592,
        1728
    ]
}