{
    "objects": [
        {
            "data": [
                [
                    368.0,
                    476.0
                ],
                [
                    382.33066828230267,
                    470.3285041319664
                ],
                [
                    393.4000918901079,
                    459.60461585441067
                ],
                [
                    399.5230514237014,
                    445.4609499453011
                ],
                [
                    399.7673817988598,
                    430.0507513266491
                ],
                [
                    394.09588593082617,
                    415.720083044346
                ],
                [
                    383.3719976532707,
                    404.6506594365412
                ],
                [
                    369.2283317441611,
                    399.5276999029479
                ],
                [
                    354.8181331255091,
                    402.2833695277891
                ],
                [
                    342.48746484320645,
                    406.9548653958227
                ],
                [
                    331.41804123540123,
                    416.6787536733784
                ],
                [
                    324.2950817018077,
                    429.822419582488
                ],
                [
                    324.05075132664933,
                    444.23261820114
                ],
                [
                    327.72224719468295,
                    458.5632864834431
                ],
                [
                    338.44613547223844,
                    469.6327100912479
                ],
                [
                    352.589801381348,
                    475.7556696248412
                ]
            ],
            "tags": [
                "mirror ball"
            ],
            "type": "region"
        }
    ],
    "size": [
        2592,
        1728
    ]
}