{
    "objects": [
        {
            "data": [
                [
                    321.0,
                    637.0
                ],
                [
                    335.10685082228247,
                    631.8370661685274
                ],
                [
                    346.16411232547716,
                    621.6686791813863
                ],
                [
                    352.488416680048,
                    608.0428837807119
                ],
                [
                    353.11694587797365,
                    593.0340837981134
                ],
                [
                    347.95401204650125,
                    578.9272329758312
                ],
                [
                    337.78562505936,
                    567.8699714726363
                ],
                [
                    324.15982965868534,
                    561.5456671180652
                ],
                [
                    309.1510296760871,
                    560.9171379201398
                ],
                [
                    295.0441788538046,
                    566.0800717516124
                ],
                [
                    283.98691735060993,
                    576.2484587387535
                ],
                [
                    277.6626129960391,
                    589.8742541394279
                ],
                [
                    277.03408379811344,
                    604.8830541220264
                ],
                [
                    282.19701762958584,
                    618.9899049443086
                ],
                [
                    292.3654046167271,
                    630.0471664475035
                ],
                [
                    305.99120001740175,
                    636.3714708020746
                ]
            ],
            "tags": [
                "mirror ball"
            ],
            "type": "region"
        }
    ],
    "size": [
        2592,
        1728
    ]
}