{
    "objects": [
        {
            "data": [
                [
                    334.0,
                    595.0
                ],
                [
                    347.87289813069356,
                    590.3490310399445
                ],
                [
                    358.9099360047985,
                    580.7431677378986
                ],
                [
                    365.4308246569781,
                    567.6448157042316
                ],
                [
                    366.4428179019428,
                    553.048080299212
                ],
                [
                    361.7918489418871,
                    539.1751821685182
                ],
                [
                    352.1859856398414,
                    528.1381442944139
                ],
                [
                    339.0876336061742,
                    521.6172556422337
                ],
                [
                    324.4908982011548,
                    520.6052623972691
                ],
                [
                    310.6180000704612,
                    525.2562313573246
                ],
                [
                    299.58096219635627,
                    534.8620946593705
                ],
                [
                    293.0600735441767,
                    547.9604466930375
                ],
                [
                    292.04808029921196,
                    562.5571820980572
                ],
                [
                    296.69904925926767,
                    576.430080228751
                ],
                [
                    306.30491256131336,
                    587.4671181028552
                ],
                [
                    319.40326459498056,
                    593.9880067550355
                ]
            ],
            "tags": [
                "mirror ball"
            ],
            "type": "region"
        }
    ],
    "size": [
        2592,
        1728
    ]
}