{
    "objects": [
        {
            "data": [
                [
                    325.0,
                    635.0
                ],
                [
                    339.1933425481425,
                    630.0798218343859
                ],
                [
                    350.4234105580276,
                    620.1026128878098
                ],
                [
                    356.9805279759712,
                    606.5873127787631
                ],
                [
                    357.8664331155078,
                    591.591503432348
                ],
                [
                    351.94625494989396,
                    577.3981608842055
                ],
                [
                    339.96904600331754,
                    568.1680928743203
                ],
                [
                    327.4537458942709,
                    562.610975456377
                ],
                [
                    314.45793654785575,
                    561.7250703168402
                ],
                [
                    300.26459399971327,
                    564.6452484824542
                ],
                [
                    289.0345259898281,
                    573.6224574290304
                ],
                [
                    282.47740857188455,
                    587.137757538077
                ],
                [
                    281.59150343234796,
                    602.1335668844922
                ],
                [
                    286.5116815979618,
                    616.3269094326347
                ],
                [
                    296.4888905445382,
                    627.5569774425198
                ],
                [
                    310.0041906535848,
                    634.1140948604632
                ]
            ],
            "tags": [
                "mirror ball"
            ],
            "type": "region"
        }
    ],
    "size": [
        2592,
        1728
    ]
}