{
    "objects": [
        {
            "data": [
                [
                    310.0,
                    654.0
                ],
                [
                    322.4595278422539,
                    644.600762695198
                ],
                [
                    330.37369820705135,
                    631.1489448477525
                ],
                [
                    332.53765039848395,
                    615.6924637839052
                ],
                [
                    328.62194231168314,
                    600.5844286322767
                ],
                [
                    319.2227050068809,
                    588.1249007900228
                ],
                [
                    305.7708871594359,
                    580.2107304252256
                ],
                [
                    290.3144060955883,
                    578.0467782337926
                ],
                [
                    275.2063709439599,
                    581.9624863205936
                ],
                [
                    262.74684310170596,
                    591.3617236253956
                ],
                [
                    254.83267273690853,
                    604.813541472841
                ],
                [
                    252.66872054547594,
                    620.2700225366884
                ],
                [
                    256.58442863227674,
                    635.3780576883169
                ],
                [
                    265.98366593707897,
                    647.8375855305708
                ],
                [
                    279.4354837845244,
                    655.751755895368
                ],
                [
                    294.8919648483716,
                    657.915708086801
                ]
            ],
            "tags": [
                "mirror ball"
            ],
            "type": "region"
        }
    ],
    "size": [
        2592,
        1728
    ]
}