{
    "objects": [
        {
            "data": [
                [
                    387.0,
                    575.0
                ],
                [
                    401.6630472543752,
                    570.2535314164645
                ],
                [
                    413.39354160777793,
                    560.2570609881927
                ],
                [
                    420.40562163209916,
                    546.5324607196585
                ],
                [
                    421.63176170829865,
                    531.169176587935
                ],
                [
                    416.8852931247634,
                    516.5061293335598
                ],
                [
                    406.8888226964914,
                    504.77563498015707
                ],
                [
                    395.16422242795716,
                    500.76355495583607
                ],
                [
                    378.80093829623365,
                    503.53741487963634
                ],
                [
                    365.13789104185844,
                    501.28388346317183
                ],
                [
                    351.4073966884557,
                    511.2803538914436
                ],
                [
                    344.3953166641345,
                    525.0049541599778
                ],
                [
                    343.169176587935,
                    540.3682382917013
                ],
                [
                    347.91564517147026,
                    555.0312855460766
                ],
                [
                    357.91211559974226,
                    566.7617798994793
                ],
                [
                    371.6367158682765,
                    573.7738599238003
                ]
            ],
            "tags": [
                "mirror ball"
            ],
            "type": "region"
        }
    ],
    "size": [
        2592,
        1728
    ]
}