{
    "objects": [
        {
            "data": [
                [
                    244.0,
                    524.0
                ],
                [
                    258.4352355997985,
                    520.6147550626697
                ],
                [
                    270.4761771654162,
                    511.96307104620337
                ],
                [
                    278.28970049489544,
                    499.3620884143968
                ],
                [
                    280.6862674910881,
                    484.73019254475093
                ],
                [
                    277.30102255375823,
                    470.2949569449527
                ],
                [
                    268.6493385372919,
                    458.25401537933476
                ],
                [
                    256.0483559054851,
                    450.4404920498555
                ],
                [
                    241.416460035839,
                    448.04392505366286
                ],
                [
                    226.98122443604052,
                    451.42916999099316
                ],
                [
                    214.94028287042283,
                    460.0808540074595
                ],
                [
                    207.12675954094402,
                    472.68183663926607
                ],
                [
                    204.73019254475093,
                    487.3137325089119
                ],
                [
                    208.11543748208078,
                    501.7489681087102
                ],
                [
                    216.76712149854757,
                    513.7899096743281
                ],
                [
                    229.3681041303539,
                    521.6034330038074
                ]
            ],
            "tags": [
                "mirror ball"
            ],
            "type": "region"
        }
    ],
    "size": [
        2592,
        1728
    ]
}