{
    "objects": [
        {
            "data": [
                [
                    271.0,
                    548.0
                ],
                [
                    285.15105896983914,
                    543.5746819165706
                ],
                [
                    296.53143680196035,
                    534.070845296259
                ],
                [
                    303.408574134804,
                    520.9353631120143
                ],
                [
                    304.73548915085075,
                    506.1679934529452
                ],
                [
                    300.3101710674214,
                    492.0169344831056
                ],
                [
                    290.80633444710975,
                    480.63655665098486
                ],
                [
                    277.6708522628651,
                    474.7594193181408
                ],
                [
                    264.90348260379596,
                    481.43250430209446
                ],
                [
                    250.75242363395682,
                    474.85782238552383
                ],
                [
                    237.3720458018356,
                    486.36165900583546
                ],
                [
                    230.49490846899198,
                    499.49714119008013
                ],
                [
                    229.1679934529452,
                    514.2645108491492
                ],
                [
                    233.59331153637459,
                    528.4155698189888
                ],
                [
                    243.09714815668622,
                    539.7959476511096
                ],
                [
                    256.2326303409309,
                    546.6730849839537
                ]
            ],
            "tags": [
                "mirror ball"
            ],
            "type": "region"
        }
    ],
    "size": [
        2592,
        1728
    ]
}