{
    "objects": [
        {
            "data": [
                [
                    327.0,
                    570.0
                ],
                [
                    341.6714454668713,
                    565.9617887606908
                ],
                [
                    353.68073710839553,
                    556.6164489397163
                ],
                [
                    361.1995691366492,
                    543.3867238091036
                ],
                [
                    363.0832675337142,
                    528.2867190922316
                ],
                [
                    359.0450562944052,
                    513.61527362536
                ],
                [
                    349.6997164734307,
                    501.6059819838363
                ],
                [
                    336.46999134281805,
                    494.08714995558216
                ],
                [
                    321.3699866259458,
                    492.2034515585174
                ],
                [
                    306.69854115907447,
                    496.2416627978266
                ],
                [
                    294.68924951755025,
                    505.5870026188011
                ],
                [
                    287.1704174892966,
                    518.8167277494138
                ],
                [
                    285.2867190922316,
                    533.9167324662858
                ],
                [
                    289.3249303315406,
                    548.5881779331573
                ],
                [
                    298.67027015251506,
                    560.5974695746811
                ],
                [
                    311.89999528312774,
                    568.1163016029352
                ]
            ],
            "tags": [
                "mirror ball"
            ],
            "type": "region"
        }
    ],
    "size": [
        2592,
        1728
    ]
}