{
    "objects": [
        {
            "data": [
                [
                    360.0,
                    601.0
                ],
                [
                    375.07049548758596,
                    597.7729139216342
                ],
                [
                    385.758865436364,
                    589.0242462035478
                ],
                [
                    395.13342054199165,
                    576.0859021989495
                ],
                [
                    396.91921070516946,
                    560.9276274961585
                ],
                [
                    394.6921246268039,
                    546.8571320085725
                ],
                [
                    384.9434569087175,
                    536.1687620597947
                ],
                [
                    372.00511290411896,
                    530.7942069541666
                ],
                [
                    357.84683820132796,
                    527.008416790989
                ],
                [
                    343.776342713742,
                    527.2355028693548
                ],
                [
                    331.08797276496443,
                    533.9841705874412
                ],
                [
                    322.7134176593363,
                    546.9225145920395
                ],
                [
                    319.9276274961585,
                    562.0807892948305
                ],
                [
                    323.15471357452407,
                    577.1512847824165
                ],
                [
                    331.9033812926109,
                    589.8396547311943
                ],
                [
                    344.841725297209,
                    598.2142098368224
                ]
            ],
            "tags": [
                "mirror ball"
            ],
            "type": "region"
        }
    ],
    "size": [
        2592,
        1728
    ]
}