{
    "objects": [
        {
            "data": [
                [
                    413.0,
                    609.0
                ],
                [
                    428.9406066424781,
                    606.1550026125401
                ],
                [
                    442.5790734899747,
                    597.4263616922924
                ],
                [
                    451.8390675979672,
                    584.142933694038
                ],
                [
                    455.3108388055698,
                    568.327000115936
                ],
                [
                    452.46584141811036,
                    552.3863934734579
                ],
                [
                    443.73720049786243,
                    538.7479266259618
                ],
                [
                    430.453772499608,
                    529.487932517969
                ],
                [
                    414.63783892150605,
                    526.016161310366
                ],
                [
                    398.69723227902796,
                    528.8611586978259
                ],
                [
                    385.05876543153136,
                    537.5897996180736
                ],
                [
                    375.79877132353886,
                    550.873227616328
                ],
                [
                    372.32700011593624,
                    566.68916119443
                ],
                [
                    375.1719975033957,
                    582.6297678369081
                ],
                [
                    383.9006384236436,
                    596.2682346844042
                ],
                [
                    397.184066421898,
                    605.5282287923969
                ]
            ],
            "tags": [
                "mirror ball"
            ],
            "type": "region"
        }
    ],
    "size": [
        2592,
        1728
    ]
}