{
    "objects": [
        {
            "data": [
                [
                    369.0,
                    573.0
                ],
                [
                    382.9989466501511,
                    569.4328884935428
                ],
                [
                    395.87377542689956,
                    563.321338329112
                ],
                [
                    403.6644103595986,
                    550.9002594878568
                ],
                [
                    406.03255696704946,
                    537.0606486259985
                ],
                [
                    402.46544546059204,
                    522.0617019758472
                ],
                [
                    391.3538952961617,
                    511.1868731990987
                ],
                [
                    380.93281645490606,
                    503.3962382663997
                ],
                [
                    369.09320559304797,
                    502.02809165894905
                ],
                [
                    354.0942589428969,
                    505.59520316540625
                ],
                [
                    345.2194301661484,
                    511.70675332983706
                ],
                [
                    336.42879523344936,
                    522.1278321710922
                ],
                [
                    333.0606486259985,
                    535.9674430329505
                ],
                [
                    336.62776013245593,
                    550.9663896831019
                ],
                [
                    344.7393102968863,
                    562.8412184598503
                ],
                [
                    356.1603891381419,
                    571.6318533925494
                ]
            ],
            "tags": [
                "mirror ball"
            ],
            "type": "region"
        }
    ],
    "size": [
        2592,
        1728
    ]
}