{
    "objects": [
        {
            "data": [
                [
                    290.0,
                    568.0
                ],
                [
                    304.6690741402772,
                    564.763120370274
                ],
                [
                    316.9828312925142,
                    556.1590218895483
                ],
                [
                    325.06661355476854,
                    543.497600555166
                ],
                [
                    327.6897383572814,
                    528.7064429892168
                ],
                [
                    324.45285872755585,
                    514.0373688489392
                ],
                [
                    315.8487602468299,
                    501.7236116967026
                ],
                [
                    303.18733891244756,
                    493.6398294344481
                ],
                [
                    288.39618134649845,
                    491.0167046319352
                ],
                [
                    273.72710720622126,
                    494.2535842616612
                ],
                [
                    261.41335005398423,
                    502.85768274238694
                ],
                [
                    253.32956779172991,
                    515.5191040767693
                ],
                [
                    250.70644298921707,
                    530.3102616427184
                ],
                [
                    253.9433226189426,
                    544.979335782996
                ],
                [
                    262.54742109966855,
                    557.2930929352326
                ],
                [
                    275.2088424340509,
                    565.3768751974872
                ]
            ],
            "tags": [
                "mirror ball"
            ],
            "type": "region"
        }
    ],
    "size": [
        2592,
        1728
    ]
}