{
    "objects": [
        {
            "data": [
                [
                    328.0,
                    560.0
                ],
                [
                    342.98469689272724,
                    556.3954503982293
                ],
                [
                    355.44935023906737,
                    547.3308855573725
                ],
                [
                    363.49632955940433,
                    534.1863033039649
                ],
                [
                    365.9005551982664,
                    518.9628471301532
                ],
                [
                    362.2960055964959,
                    503.97815023742623
                ],
                [
                    353.23144075563914,
                    491.5134968910859
                ],
                [
                    340.0868585022313,
                    483.4665175707489
                ],
                [
                    324.8634023284194,
                    481.0622919318871
                ],
                [
                    309.87870543569215,
                    484.6668415336578
                ],
                [
                    297.414052089352,
                    493.73140637451456
                ],
                [
                    289.36707276901507,
                    506.87598862792197
                ],
                [
                    286.962847130153,
                    522.0994448017339
                ],
                [
                    290.5673967319235,
                    537.0841416944611
                ],
                [
                    299.6319615727807,
                    549.5487950408012
                ],
                [
                    312.7765438261881,
                    557.5957743611384
                ]
            ],
            "tags": [
                "mirror ball"
            ],
            "type": "region"
        }
    ],
    "size": [
        2592,
        1728
    ]
}