{
    "objects": [
        {
            "data": [
                [
                    255.0,
                    647.0
                ],
                [
                    268.68609317504206,
                    641.8250924243941
                ],
                [
                    279.3500431463017,
                    631.8066601207609
                ],
                [
                    285.3683601996004,
                    618.4699185900129
                ],
                [
                    285.82481011975415,
                    603.8452658323438
                ],
                [
                    280.6499025441485,
                    590.1591726573013
                ],
                [
                    268.6314702405152,
                    581.4952226860421
                ],
                [
                    257.29472870976724,
                    580.4769056327434
                ],
                [
                    243.67007595209816,
                    575.0204557125894
                ],
                [
                    228.9839827770561,
                    578.1953632881953
                ],
                [
                    218.32003280579647,
                    588.2137955918286
                ],
                [
                    212.30171575249778,
                    601.5505371225765
                ],
                [
                    211.845265832344,
                    616.1751898802456
                ],
                [
                    217.02017340794964,
                    629.8612830552881
                ],
                [
                    227.03860571158293,
                    640.5252330265473
                ],
                [
                    240.37534724233092,
                    646.5435500798462
                ]
            ],
            "tags": [
                "mirror ball"
            ],
            "type": "region"
        }
    ],
    "size": [
        2592,
        1728
    ]
}