{
    "objects": [
        {
            "data": [
                [
                    374.0,
                    522.0
                ],
                [
                    388.9803291338949,
                    519.3263879973267
                ],
                [
                    401.7972015929877,
                    511.1235688192628
                ],
                [
                    410.49936473061916,
                    498.640347326927
                ],
                [
                    413.7619930943911,
                    483.7771808318432
                ],
                [
                    411.08838109171757,
                    468.7968516979481
                ],
                [
                    402.8855619136534,
                    455.97997923885555
                ],
                [
                    390.40234042131806,
                    447.2778161012236
                ],
                [
                    375.53917392623407,
                    444.0151877374524
                ],
                [
                    360.5588447923392,
                    446.68879974012566
                ],
                [
                    347.7419723332464,
                    454.8916189181896
                ],
                [
                    339.0398091956149,
                    467.3748404105254
                ],
                [
                    335.777180831843,
                    482.23800690560915
                ],
                [
                    338.4507928345165,
                    497.21833603950427
                ],
                [
                    346.65361201258065,
                    510.03520849859706
                ],
                [
                    359.13683350491647,
                    518.7373716362288
                ]
            ],
            "tags": [
                "mirror ball"
            ],
            "type": "region"
        }
    ],
    "size": [
        2592,
        1728
    ]
}