{
    "objects": [
        {
            "data": [
                [
                    309.0,
                    564.0
                ],
                [
                    323.59645821542153,
                    560.4499952907438
                ],
                [
                    335.72329922075596,
                    551.5843958692924
                ],
                [
                    343.5343214030272,
                    538.7529088807025
                ],
                [
                    345.8403674420779,
                    523.9090119012678
                ],
                [
                    342.29036273282236,
                    509.3125536858463
                ],
                [
                    333.4247633113705,
                    497.1857126805123
                ],
                [
                    320.59327632278064,
                    489.3746904982406
                ],
                [
                    305.74937934334594,
                    487.0686444591897
                ],
                [
                    291.1529211279244,
                    490.6186491684459
                ],
                [
                    279.02608012259,
                    499.48424858989733
                ],
                [
                    271.21505794031873,
                    512.3157355784872
                ],
                [
                    268.90901190126806,
                    527.1596325579219
                ],
                [
                    272.4590166105236,
                    541.7560907733434
                ],
                [
                    281.32461603197544,
                    553.8829317786774
                ],
                [
                    294.1561030205653,
                    561.6939539609493
                ]
            ],
            "tags": [
                "mirror ball"
            ],
            "type": "region"
        }
    ],
    "size": [
        2592,
        1728
    ]
}