{
    "objects": [
        {
            "data": [
                [
                    318.0,
                    571.0
                ],
                [
                    332.74536699292366,
                    567.2406630445419
                ],
                [
                    344.9296737875211,
                    558.1246809232459
                ],
                [
                    352.6979701253317,
                    545.0398792774961
                ],
                [
                    354.86760330870584,
                    529.9783005438351
                ],
                [
                    351.1082663532475,
                    515.2329335509119
                ],
                [
                    341.992284231952,
                    503.048626756314
                ],
                [
                    331.9074825862017,
                    497.28033041850335
                ],
                [
                    314.8459038525407,
                    501.11069723512946
                ],
                [
                    299.100536859617,
                    496.8700341905876
                ],
                [
                    286.9162300650196,
                    505.98601631188353
                ],
                [
                    279.14793372720897,
                    519.0708179576334
                ],
                [
                    276.97830054383485,
                    534.1323966912944
                ],
                [
                    280.7376374992932,
                    548.8777636842176
                ],
                [
                    289.8536196205887,
                    561.0620704788155
                ],
                [
                    302.938421266339,
                    568.8303668166261
                ]
            ],
            "tags": [
                "mirror ball"
            ],
            "type": "region"
        }
    ],
    "size": [
        2592,
        1728
    ]
}