{
    "objects": [
        {
            "data": [
                [
                    271.0,
                    641.0
                ],
                [
                    285.2841644433174,
                    637.0252602269231
                ],
                [
                    296.9599445524045,
                    627.8867664258828
                ],
                [
                    304.2498086468627,
                    614.975771437435
                ],
                [
                    306.0439410010945,
                    600.2578572101097
                ],
                [
                    302.0692012280174,
                    585.9736927667927
                ],
                [
                    292.9307074269773,
                    574.2979126577056
                ],
                [
                    280.0197124385295,
                    567.0080485632468
                ],
                [
                    265.3017982112042,
                    565.2139162090152
                ],
                [
                    251.01763376788676,
                    569.1886559820921
                ],
                [
                    239.34185365879966,
                    578.3271497831324
                ],
                [
                    232.0519895643415,
                    591.2381447715802
                ],
                [
                    230.2578572101097,
                    605.9560589989055
                ],
                [
                    234.2325969831868,
                    620.2402234422225
                ],
                [
                    243.3710907842269,
                    631.9160035513096
                ],
                [
                    256.28208577267515,
                    639.2058676457684
                ]
            ],
            "tags": [
                "mirror ball"
            ],
            "type": "region"
        }
    ],
    "size": [
        2592,
        1728
    ]
}