{
    "objects": [
        {
            "data": [
                [
                    377.0,
                    575.0
                ],
                [
                    391.88426870173953,
                    571.000942109328
                ],
                [
                    404.10516671184587,
                    561.6103313397823
                ],
                [
                    411.80217309099726,
                    548.2578030549278
                ],
                [
                    412.8034883915034,
                    532.9761586451632
                ],
                [
                    407.80443050083113,
                    518.0918899434234
                ],
                [
                    398.41381973128546,
                    504.8709919333171
                ],
                [
                    384.0612914464309,
                    508.17398555416617
                ],
                [
                    368.7796470366666,
                    507.1726702536598
                ],
                [
                    356.89537833492705,
                    500.17172814433184
                ],
                [
                    344.6744803248207,
                    509.5623389138775
                ],
                [
                    336.9774739456693,
                    522.914867198732
                ],
                [
                    334.9761586451632,
                    538.1965116084966
                ],
                [
                    338.97521653583544,
                    553.0807803102364
                ],
                [
                    348.3658273053811,
                    565.3016783203427
                ],
                [
                    361.71835559023566,
                    572.9986846994937
                ]
            ],
            "tags": [
                "mirror ball"
            ],
            "type": "region"
        }
    ],
    "size": [
        2592,
        1728
    ]
}