{
    "objects": [
        {
            "data": [
                [
                    280.0,
                    634.0
                ],
                [
                    293.9578084097843,
                    630.3125314401557
                ],
                [
                    305.4420087930789,
                    621.5643326803856
                ],
                [
                    312.7042357460623,
                    609.0872376792461
                ],
                [
                    314.6388810473936,
                    594.7807710455124
                ],
                [
                    310.95141248754953,
                    580.8229626357277
                ],
                [
                    302.2032137277797,
                    569.3387622524333
                ],
                [
                    289.7261187266399,
                    562.0765352994501
                ],
                [
                    275.4196520929063,
                    560.1418899981186
                ],
                [
                    261.46184368312197,
                    563.8293585579629
                ],
                [
                    249.97764329982738,
                    572.577557317733
                ],
                [
                    242.715416346844,
                    585.0546523188725
                ],
                [
                    240.78077104551267,
                    599.3611189526061
                ],
                [
                    244.46823960535676,
                    613.3189273623909
                ],
                [
                    253.21643836512658,
                    624.8031277456853
                ],
                [
                    265.69353336626637,
                    632.0653546986684
                ]
            ],
            "tags": [
                "mirror ball"
            ],
            "type": "region"
        }
    ],
    "size": [
        2592,
        1728
    ]
}