{
    "objects": [
        {
            "data": [
                [
                    303.0,
                    536.0
                ],
                [
                    318.205605294067,
                    533.4853456620094
                ],
                [
                    331.2914362514266,
                    525.3431747626767
                ],
                [
                    340.2652937321741,
                    512.8130590124624
                ],
                [
                    343.760989283086,
                    497.80259494855477
                ],
                [
                    341.246334945095,
                    482.59698965448797
                ],
                [
                    333.10416404576245,
                    469.51115869712817
                ],
                [
                    320.574048295548,
                    460.5373012163809
                ],
                [
                    305.56358423164056,
                    457.041605665469
                ],
                [
                    290.35797893757353,
                    459.55626000345956
                ],
                [
                    277.27214798021396,
                    467.6984309027923
                ],
                [
                    268.2982904994665,
                    480.22854665300656
                ],
                [
                    264.80259494855454,
                    495.2390107169142
                ],
                [
                    267.3172492865456,
                    510.444616010981
                ],
                [
                    275.4594201858781,
                    523.5304469683408
                ],
                [
                    287.9895359360926,
                    532.5043044490881
                ]
            ],
            "tags": [
                "mirror ball"
            ],
            "type": "region"
        }
    ],
    "size": [
        2592,
        1728
    ]
}