{
    "objects": [
        {
            "data": [
                [
                    271.0,
                    533.0
                ],
                [
                    285.4948866360987,
                    529.0557146050339
                ],
                [
                    297.3770030520882,
                    519.8647170885963
                ],
                [
                    304.8374047352877,
                    506.82625350596504
                ],
                [
                    306.74031315814045,
                    491.9253117436292
                ],
                [
                    302.79602776317415,
                    477.4304251075307
                ],
                [
                    293.60503024673653,
                    465.54830869154125
                ],
                [
                    280.5665666641057,
                    458.0879070083413
                ],
                [
                    265.66562490176966,
                    456.18499858548876
                ],
                [
                    251.17073826567093,
                    460.12928398045483
                ],
                [
                    239.28862184968148,
                    469.32028149689245
                ],
                [
                    231.82822016648197,
                    482.3587450795237
                ],
                [
                    229.9253117436292,
                    497.25968684185955
                ],
                [
                    233.8695971385955,
                    511.75457347795805
                ],
                [
                    243.06059465503313,
                    523.6366898939475
                ],
                [
                    256.0990582376644,
                    531.0970915771475
                ]
            ],
            "tags": [
                "mirror ball"
            ],
            "type": "region"
        }
    ],
    "size": [
        2592,
        1728
    ]
}