{
    "objects": [
        {
            "data": [
                [
                    361.0,
                    490.0
                ],
                [
                    376.27063000438375,
                    487.9163066281842
                ],
                [
                    389.5814575824634,
                    480.14740786547964
                ],
                [
                    398.90602989842955,
                    467.8760481232648
                ],
                [
                    402.8247653446342,
                    452.9704306821393
                ],
                [
                    400.74107197281865,
                    437.6998006777558
                ],
                [
                    392.9721732101143,
                    424.3889730996757
                ],
                [
                    380.700813467899,
                    415.06440078370974
                ],
                [
                    365.79519602677374,
                    417.14566533750485
                ],
                [
                    350.52456602239,
                    413.22935870932065
                ],
                [
                    337.21373844431037,
                    420.9982574720252
                ],
                [
                    327.8891661283442,
                    433.26961721424004
                ],
                [
                    323.9704306821395,
                    448.17523465536556
                ],
                [
                    326.0541240539551,
                    463.4458646597491
                ],
                [
                    333.82302281665943,
                    476.75669223782916
                ],
                [
                    346.0943825588747,
                    486.0812645537951
                ]
            ],
            "tags": [
                "mirror ball"
            ],
            "type": "region"
        }
    ],
    "size": [
        2592,
        1728
    ]
}