{
    "objects": [
        {
            "data": [
                [
                    317.0,
                    586.0
                ],
                [
                    332.55407816935167,
                    583.2100455382886
                ],
                [
                    345.8565032875463,
                    574.6801756933523
                ],
                [
                    354.8821017171226,
                    561.7089858256204
                ],
                [
                    358.2568079144312,
                    546.2712220083258
                ],
                [
                    355.46685345271953,
                    530.7171438389742
                ],
                [
                    346.93698360778353,
                    517.4147187207795
                ],
                [
                    333.9657937400516,
                    508.3891202912034
                ],
                [
                    318.528029922757,
                    505.01441409389463
                ],
                [
                    302.97395175340534,
                    507.80436855560606
                ],
                [
                    289.67152663521074,
                    516.3342384005423
                ],
                [
                    280.6459282056344,
                    529.3054282682742
                ],
                [
                    277.2712220083258,
                    544.7431920855688
                ],
                [
                    280.0611764700375,
                    560.2972702549205
                ],
                [
                    288.5910463149735,
                    573.5996953731151
                ],
                [
                    301.5622361827054,
                    582.6252938026912
                ]
            ],
            "tags": [
                "mirror ball"
            ],
            "type": "region"
        }
    ],
    "size": [
        2592,
        1728
    ]
}