{
    "objects": [
        {
            "data": [
                [
                    366.0,
                    493.0
                ],
                [
                    381.13609949495003,
                    490.0961386263293
                ],
                [
                    394.00877238280054,
                    481.62098603059803
                ],
                [
                    402.65827090744597,
                    468.8648073680563
                ],
                [
                    405.76778732640923,
                    453.7696152050287
                ],
                [
                    402.86392595273855,
                    438.6335157100782
                ],
                [
                    394.3887733570068,
                    425.7608428222279
                ],
                [
                    381.6325946944653,
                    417.1113442975825
                ],
                [
                    367.5374025314377,
                    422.0018278786197
                ],
                [
                    351.40130303648766,
                    416.90568925229036
                ],
                [
                    338.52863014863715,
                    425.38084184802165
                ],
                [
                    329.8791316239917,
                    438.1370205105634
                ],
                [
                    326.76961520502846,
                    453.232212673591
                ],
                [
                    329.67347657869914,
                    468.3683121685415
                ],
                [
                    338.1486291744309,
                    481.24098505639176
                ],
                [
                    350.9048078369724,
                    489.8904835810372
                ]
            ],
            "tags": [
                "mirror ball"
            ],
            "type": "region"
        }
    ],
    "size": [
        2592,
        1728
    ]
}