{
    "objects": [
        {
            "data": [
                [
                    383.0,
                    561.0
                ],
                [
                    397.86335862558417,
                    556.923912517401
                ],
                [
                    410.03546029567497,
                    547.4701376241908
                ],
                [
                    417.66321287137816,
                    534.0779268491774
                ],
                [
                    419.58536016879134,
                    518.7861228821637
                ],
                [
                    415.50927268619307,
                    503.9227642565793
                ],
                [
                    406.05549779298235,
                    491.75066258648826
                ],
                [
                    392.66328701796874,
                    484.1229100107855
                ],
                [
                    377.37148305095525,
                    482.2007627133721
                ],
                [
                    362.5081244253711,
                    486.27685019597106
                ],
                [
                    350.3360227552803,
                    495.73062508918133
                ],
                [
                    342.7082701795771,
                    509.1228358641947
                ],
                [
                    340.7861228821639,
                    524.4146398312084
                ],
                [
                    344.8622103647622,
                    539.2779984567928
                ],
                [
                    354.3159852579729,
                    551.4501001268839
                ],
                [
                    367.7081960329865,
                    559.0778527025868
                ]
            ],
            "tags": [
                "mirror ball"
            ],
            "type": "region"
        }
    ],
    "size": [
        2592,
        1728
    ]
}