{
    "objects": [
        {
            "data": [
                [
                    374.0,
                    497.0
                ],
                [
                    388.9832505213508,
                    494.3428086416104
                ],
                [
                    401.8091058990367,
                    486.15404219413176
                ],
                [
                    410.52494591847335,
                    473.6803661178401
                ],
                [
                    413.80386294598793,
                    458.82078452119526
                ],
                [
                    411.1466715875986,
                    443.83753399984425
                ],
                [
                    402.9579051401197,
                    431.01167862215834
                ],
                [
                    390.484229063828,
                    422.2958386027219
                ],
                [
                    378.6246474671834,
                    433.0169215752071
                ],
                [
                    360.64139694583264,
                    421.6741129335967
                ],
                [
                    347.8155415681467,
                    429.86287938107535
                ],
                [
                    339.0997015487101,
                    442.336555457367
                ],
                [
                    335.8207845211955,
                    457.19613705401184
                ],
                [
                    338.47797587958485,
                    472.17938757536285
                ],
                [
                    346.66674232706373,
                    485.00524295304876
                ],
                [
                    359.1404184033554,
                    493.7210829724852
                ]
            ],
            "tags": [
                "mirror ball"
            ],
            "type": "region"
        }
    ],
    "size": [
        2592,
        1728
    ]
}