{
    "objects": [
        {
            "data": [
                [
                    316.0,
                    539.0
                ],
                [
                    330.9400611759406,
                    534.4855711299185
                ],
                [
                    343.0152807756881,
                    524.5974688053186
                ],
                [
                    350.38731607731916,
                    510.84106696925005
                ],
                [
                    351.9338415338261,
                    495.31065309916085
                ],
                [
                    347.4194126637449,
                    480.37059192322
                ],
                [
                    337.53131033914497,
                    468.2953723234725
                ],
                [
                    323.77490850307595,
                    460.9233370218419
                ],
                [
                    308.24449463298697,
                    459.3768115653347
                ],
                [
                    293.30443345704634,
                    463.8912404354162
                ],
                [
                    281.2292138572989,
                    473.7793427600161
                ],
                [
                    273.8571785556678,
                    487.53574459608467
                ],
                [
                    272.31065309916085,
                    503.0661584661739
                ],
                [
                    276.8250819692421,
                    518.0062196421147
                ],
                [
                    286.713184293842,
                    530.0814392418622
                ],
                [
                    300.469586129911,
                    537.4534745434928
                ]
            ],
            "tags": [
                "mirror ball"
            ],
            "type": "region"
        }
    ],
    "size": [
        2592,
        1728
    ]
}