{
    "objects": [
        {
            "data": [
                [
                    379.0,
                    589.0
                ],
                [
                    393.9521778347071,
                    585.2628491068974
                ],
                [
                    406.33604317162326,
                    576.0882211517346
                ],
                [
                    414.2662647732218,
                    562.872870072476
                ],
                [
                    416.5355382882972,
                    547.6287132734822
                ],
                [
                    412.7983873951948,
                    532.6765354387749
                ],
                [
                    403.62375944003225,
                    520.2926701018587
                ],
                [
                    390.40840836077314,
                    512.3624485002599
                ],
                [
                    375.16425156177957,
                    510.09317498518476
                ],
                [
                    360.2120737270725,
                    513.8303258782873
                ],
                [
                    347.8282083901563,
                    523.0049538334501
                ],
                [
                    339.8979867885578,
                    536.2203049127088
                ],
                [
                    337.6287132734824,
                    551.4644617117026
                ],
                [
                    341.36586416658474,
                    566.4166395464099
                ],
                [
                    350.5404921217473,
                    578.8005048833263
                ],
                [
                    363.7558432010064,
                    586.7307264849248
                ]
            ],
            "tags": [
                "mirror ball"
            ],
            "type": "region"
        }
    ],
    "size": [
        2592,
        1728
    ]
}