{
    "objects": [
        {
            "data": [
                [
                    284.0,
                    580.0
                ],
                [
                    298.77116877627714,
                    576.343357402835
                ],
                [
                    311.0186127399338,
                    567.3123785822559
                ],
                [
                    318.8777695708595,
                    554.2819481976685
                ],
                [
                    321.1521538849797,
                    539.2358311539806
                ],
                [
                    317.49551128781513,
                    524.4646623777035
                ],
                [
                    308.4645324672356,
                    512.2172184140468
                ],
                [
                    295.4341020826482,
                    504.35806158312107
                ],
                [
                    281.3879850389603,
                    510.0836772690009
                ],
                [
                    265.6168162626832,
                    505.7403198661659
                ],
                [
                    253.3693722990265,
                    514.771298686745
                ],
                [
                    245.5102154681008,
                    527.8017290713324
                ],
                [
                    243.2358311539806,
                    542.8478461150203
                ],
                [
                    246.8924737511452,
                    557.6190148912974
                ],
                [
                    255.92345257172474,
                    569.8664588549541
                ],
                [
                    268.9538829563121,
                    577.7256156858798
                ]
            ],
            "tags": [
                "mirror ball"
            ],
            "type": "region"
        }
    ],
    "size": [
        2592,
        1728
    ]
}