{
    "objects": [
        {
            "data": [
                [
                    351.0,
                    596.0
                ],
                [
                    366.0033969276442,
                    592.4740959414517
                ],
                [
                    378.51542319992177,
                    583.475033914754
                ],
                [
                    386.63123623868023,
                    570.3728395367707
                ],
                [
                    389.11527707879577,
                    555.1622031298623
                ],
                [
                    385.5893730202474,
                    540.1588062022183
                ],
                [
                    376.59031099354934,
                    527.6467799299403
                ],
                [
                    363.488116615566,
                    519.5309668911823
                ],
                [
                    348.27748020865783,
                    517.0469260510667
                ],
                [
                    333.27408328101365,
                    520.5728301096151
                ],
                [
                    320.76205700873606,
                    529.5718921363127
                ],
                [
                    312.6462439699776,
                    542.674086514296
                ],
                [
                    310.16220312986206,
                    557.8847229212045
                ],
                [
                    313.6881071884104,
                    572.8881198488484
                ],
                [
                    322.6871692151085,
                    585.4001461211265
                ],
                [
                    335.7893635930918,
                    593.5159591598845
                ]
            ],
            "tags": [
                "mirror ball"
            ],
            "type": "region"
        }
    ],
    "size": [
        2592,
        1728
    ]
}