{
    "objects": [
        {
            "data": [
                [
                    323.0,
                    577.0
                ],
                [
                    337.5184359955765,
                    573.1432990636249
                ],
                [
                    349.45582630402714,
                    564.0242070861309
                ],
                [
                    356.9948114636031,
                    551.0310231563167
                ],
                [
                    358.98764932482936,
                    536.1418417439907
                ],
                [
                    355.1309483884547,
                    521.6234057484139
                ],
                [
                    346.0118564109607,
                    509.6860154399633
                ],
                [
                    333.0186724811465,
                    502.1470302803873
                ],
                [
                    318.12949106882024,
                    500.15419241916106
                ],
                [
                    303.61105507324373,
                    504.01089335553615
                ],
                [
                    291.6736647647931,
                    513.1299853330302
                ],
                [
                    284.1346796052171,
                    526.1231692628444
                ],
                [
                    282.1418417439909,
                    541.0123506751704
                ],
                [
                    285.9985426803655,
                    555.5307866707471
                ],
                [
                    295.1176346578595,
                    567.468176979198
                ],
                [
                    308.11081858767375,
                    575.0071621387738
                ]
            ],
            "tags": [
                "mirror ball"
            ],
            "type": "region"
        }
    ],
    "size": [
        2592,
        1728
    ]
}