{
    "objects": [
        {
            "data": [
                [
                    267.0,
                    646.0
                ],
                [
                    281.1835624262844,
                    642.4062037186707
                ],
                [
                    292.91217915386505,
                    633.6581545378804
                ],
                [
                    300.4002746061424,
                    621.0876636441408
                ],
                [
                    302.50785413026233,
                    606.6084743242404
                ],
                [
                    298.9140578489332,
                    592.424911897956
                ],
                [
                    290.1660086681427,
                    580.6962951703754
                ],
                [
                    277.5955177744031,
                    573.2081997180978
                ],
                [
                    263.11632845450276,
                    571.1006201939781
                ],
                [
                    248.93276602821834,
                    574.6944164753074
                ],
                [
                    237.2041493006377,
                    583.4424656560977
                ],
                [
                    229.7160538483604,
                    596.0129565498373
                ],
                [
                    227.60847432424043,
                    610.4921458697377
                ],
                [
                    231.20227060556954,
                    624.6757082960221
                ],
                [
                    239.95031978636007,
                    636.4043250236027
                ],
                [
                    252.52081068009966,
                    643.8924204758803
                ]
            ],
            "tags": [
                "mirror ball"
            ],
            "type": "region"
        }
    ],
    "size": [
        2592,
        1728
    ]
}