{
    "objects": [
        {
            "data": [
                [
                    322.0,
                    595.0
                ],
                [
                    337.51875512264223,
                    592.019826676152
                ],
                [
                    350.71575239389404,
                    583.3277350625465
                ],
                [
                    359.58186861028344,
                    570.2470173133481
                ],
                [
                    362.7673179494104,
                    554.7690941288708
                ],
                [
                    359.78714462556263,
                    539.2503390062282
                ],
                [
                    351.09505301195713,
                    526.053341734977
                ],
                [
                    338.0143352627588,
                    517.187225518587
                ],
                [
                    322.5364120782815,
                    514.0017761794602
                ],
                [
                    307.01765695563927,
                    516.9819495033082
                ],
                [
                    293.82065968438746,
                    525.6740411169137
                ],
                [
                    284.95454346799806,
                    538.7547588661121
                ],
                [
                    281.7690941288711,
                    554.2326820505893
                ],
                [
                    284.74926745271887,
                    569.751437173232
                ],
                [
                    293.44135906632437,
                    582.9484344444834
                ],
                [
                    306.5220768155227,
                    591.8145506608732
                ]
            ],
            "tags": [
                "mirror ball"
            ],
            "type": "region"
        }
    ],
    "size": [
        2592,
        1728
    ]
}