{
    "objects": [
        {
            "data": [
                [
                    266.0,
                    533.0
                ],
                [
                    280.4538654582266,
                    528.9079468251527
                ],
                [
                    292.2415349663829,
                    519.5961278064663
                ],
                [
                    299.56844269734256,
                    506.4821829776861
                ],
                [
                    301.31913336765047,
                    491.5625915607877
                ],
                [
                    297.2270801928039,
                    477.1087261025614
                ],
                [
                    287.91526117411695,
                    465.3210565944048
                ],
                [
                    274.801316345337,
                    457.99414886344516
                ],
                [
                    259.8817249284384,
                    456.24345819313703
                ],
                [
                    245.42785947021184,
                    460.3355113679843
                ],
                [
                    233.6401899620555,
                    469.6473303866708
                ],
                [
                    226.3132822310963,
                    482.76127521545095
                ],
                [
                    224.56259156078795,
                    497.6808666323493
                ],
                [
                    228.65464473563497,
                    512.1347320905757
                ],
                [
                    237.96646375432147,
                    523.9224015987322
                ],
                [
                    251.08040858310142,
                    531.2493093296919
                ]
            ],
            "tags": [
                "mirror ball"
            ],
            "type": "region"
        }
    ],
    "size": [
        2592,
        1728
    ]
}