{
    "objects": [
        {
            "data": [
                [
                    319.0,
                    577.0
                ],
                [
                    333.98469689272724,
                    573.3954503982293
                ],
                [
                    346.44935023906737,
                    564.3308855573725
                ],
                [
                    354.49632955940433,
                    551.1863033039649
                ],
                [
                    356.9005551982664,
                    535.9628471301532
                ],
                [
                    353.2960055964959,
                    520.9781502374262
                ],
                [
                    344.23144075563914,
                    510.5134968910859
                ],
                [
                    330.0868585022313,
                    504.4665175707489
                ],
                [
                    316.8634023284194,
                    505.0622919318871
                ],
                [
                    300.87870543569215,
                    504.6668415336578
                ],
                [
                    291.414052089352,
                    510.73140637451456
                ],
                [
                    281.36707276901507,
                    524.875988627922
                ],
                [
                    277.962847130153,
                    539.0994448017339
                ],
                [
                    281.5673967319235,
                    554.0841416944611
                ],
                [
                    290.6319615727807,
                    566.5487950408012
                ],
                [
                    303.7765438261881,
                    574.5957743611384
                ]
            ],
            "tags": [
                "mirror ball"
            ],
            "type": "region"
        }
    ],
    "size": [
        2592,
        1728
    ]
}