{
    "objects": [
        {
            "data": [
                [
                    306.0,
                    595.0
                ],
                [
                    321.49867901078596,
                    591.9171210667071
                ],
                [
                    334.637824638055,
                    583.1378246380552
                ],
                [
                    343.4171210667073,
                    569.9986790107862
                ],
                [
                    346.5,
                    554.5
                ],
                [
                    343.4171210667073,
                    539.0013209892138
                ],
                [
                    334.637824638055,
                    525.8621753619448
                ],
                [
                    321.49867901078596,
                    517.0828789332929
                ],
                [
                    306.0,
                    514.0
                ],
                [
                    290.50132098921404,
                    517.0828789332929
                ],
                [
                    277.362175361945,
                    525.8621753619448
                ],
                [
                    268.5828789332927,
                    539.0013209892138
                ],
                [
                    265.5,
                    554.5
                ],
                [
                    268.5828789332927,
                    569.9986790107862
                ],
                [
                    277.362175361945,
                    583.1378246380552
                ],
                [
                    290.50132098921404,
                    591.9171210667071
                ]
            ],
            "tags": [
                "mirror ball"
            ],
            "type": "region"
        }
    ],
    "size": [
        2592,
        1728
    ]
}