{
    "objects": [
        {
            "data": [
                [
                    380.0,
                    585.0
                ],
                [
                    395.45182751679795,
                    582.8030652365167
                ],
                [
                    408.8867241634907,
                    574.8602037838302
                ],
                [
                    418.2593487132599,
                    562.380644295894
                ],
                [
                    422.14280404145666,
                    547.2642865772575
                ],
                [
                    419.94586927797354,
                    531.8124590604593
                ],
                [
                    412.00300782528757,
                    518.3775624137668
                ],
                [
                    399.52344833735106,
                    509.0049378639976
                ],
                [
                    384.4070906187144,
                    505.1214825358006
                ],
                [
                    368.95526310191644,
                    507.31841729928396
                ],
                [
                    355.5203664552241,
                    515.2612787519704
                ],
                [
                    346.1477419054545,
                    527.7408382399067
                ],
                [
                    342.26428657725774,
                    542.8571959585431
                ],
                [
                    344.46122134074085,
                    558.3090234753413
                ],
                [
                    352.4040827934273,
                    571.7439201220338
                ],
                [
                    364.88364228136334,
                    581.116544671803
                ]
            ],
            "tags": [
                "mirror ball"
            ],
            "type": "region"
        }
    ],
    "size": [
        2592,
        1728
    ]
}