{
    "objects": [
        {
            "data": [
                [
                    354.0,
                    578.0
                ],
                [
                    368.4322044092546,
                    575.5916207313821
                ],
                [
                    380.84417582703145,
                    567.8436028986537
                ],
                [
                    389.34630411977696,
                    555.9355119808909
                ],
                [
                    392.64421732690425,
                    541.6802468732101
                ],
                [
                    390.23583805828684,
                    527.2480424639559
                ],
                [
                    382.48782022555815,
                    514.8360710461782
                ],
                [
                    370.57972930779533,
                    506.3339427534329
                ],
                [
                    356.32446420011456,
                    503.0360295463056
                ],
                [
                    341.89225979085995,
                    505.44440881492346
                ],
                [
                    329.4802883730831,
                    513.1924266476519
                ],
                [
                    320.9781600803376,
                    525.1005175654147
                ],
                [
                    317.6802468732103,
                    539.3557826730955
                ],
                [
                    320.0886261418277,
                    553.7879870823497
                ],
                [
                    327.8366439745564,
                    566.1999585001274
                ],
                [
                    339.7447348923197,
                    574.7020867928727
                ]
            ],
            "tags": [
                "mirror ball"
            ],
            "type": "region"
        }
    ],
    "size": [
        2592,
        1728
    ]
}