{
    "objects": [
        {
            "data": [
                [
                    366.0,
                    601.0
                ],
                [
                    379.9514443208004,
                    596.5902362675986
                ],
                [
                    391.1533546567248,
                    587.1771592128878
                ],
                [
                    397.9003417046979,
                    574.1938244876915
                ],
                [
                    399.16523784825586,
                    559.6168271096983
                ],
                [
                    394.75547411585467,
                    545.6653827888977
                ],
                [
                    385.3423970611434,
                    534.4634724529735
                ],
                [
                    372.3590623359478,
                    527.7164854050004
                ],
                [
                    357.7820649579544,
                    526.4515892614422
                ],
                [
                    343.83062063715397,
                    530.8613529938436
                ],
                [
                    332.6287103012296,
                    540.2744300485544
                ],
                [
                    325.8817232532565,
                    553.2577647737508
                ],
                [
                    324.61682710969853,
                    567.8347621517439
                ],
                [
                    329.0265908420997,
                    581.7862064725446
                ],
                [
                    338.439667896811,
                    592.9881168084687
                ],
                [
                    351.42300262200706,
                    599.7351038564418
                ]
            ],
            "tags": [
                "mirror ball"
            ],
            "type": "region"
        }
    ],
    "size": [
        2592,
        1728
    ]
}