{
    "objects": [
        {
            "data": [
                [
                    374.0,
                    547.0
                ],
                [
                    388.3032730460627,
                    543.0945819331127
                ],
                [
                    400.0232354705845,
                    534.0128204918935
                ],
                [
                    407.37562923615405,
                    521.1373315293952
                ],
                [
                    409.2411190415796,
                    506.4282915235601
                ],
                [
                    405.3357009746924,
                    492.12501847749695
                ],
                [
                    396.25393953347293,
                    480.4050560529761
                ],
                [
                    383.37845057097456,
                    473.0526622874063
                ],
                [
                    368.6694105651395,
                    471.1871724819807
                ],
                [
                    354.3661375190768,
                    475.092590548868
                ],
                [
                    342.646175094555,
                    484.1743519900872
                ],
                [
                    335.2937813289859,
                    497.04984095258555
                ],
                [
                    333.4282915235599,
                    511.7588809584206
                ],
                [
                    337.33370959044714,
                    526.0621540044838
                ],
                [
                    346.4154710316666,
                    537.7821164290046
                ],
                [
                    359.29095999416495,
                    545.1345101945744
                ]
            ],
            "tags": [
                "mirror ball"
            ],
            "type": "region"
        }
    ],
    "size": [
        2592,
        1728
    ]
}