{
    "objects": [
        {
            "data": [
                [
                    393.0,
                    449.0
                ],
                [
                    407.44370330304173,
                    447.65106808055134
                ],
                [
                    416.5063643966964,
                    438.02969246832777
                ],
                [
                    421.351552477749,
                    426.4483994473262
                ],
                [
                    425.7849087776681,
                    411.82257683028865
                ],
                [
                    423.4359768582194,
                    397.3788735272469
                ],
                [
                    415.8146012459961,
                    385.31621243359245
                ],
                [
                    403.2333082249943,
                    380.4710243525392
                ],
                [
                    390.60748560795673,
                    379.0376680526206
                ],
                [
                    377.163782304915,
                    380.38659997206923
                ],
                [
                    368.1011212112603,
                    390.0079755842928
                ],
                [
                    361.2559331302077,
                    403.58926860529436
                ],
                [
                    358.82257683028865,
                    414.2150912223319
                ],
                [
                    362.1715087497373,
                    428.65879452537365
                ],
                [
                    367.79288436196066,
                    440.72145561902835
                ],
                [
                    381.37417738296244,
                    447.5666437000814
                ]
            ],
            "tags": [
                "mirror ball"
            ],
            "type": "region"
        }
    ],
    "size": [
        2592,
        1728
    ]
}