{
    "objects": [
        {
            "data": [
                [
                    419.0,
                    448.0
                ],
                [
                    433.6270457871119,
                    445.57400707974307
                ],
                [
                    446.21228671331255,
                    437.73515378752677
                ],
                [
                    454.8397339330809,
                    425.67683447770946
                ],
                [
                    458.19593681521155,
                    411.234818956274
                ],
                [
                    455.7699438949544,
                    396.60777316916233
                ],
                [
                    447.9310906027381,
                    384.0225322429617
                ],
                [
                    435.8727712929208,
                    375.3950850231929
                ],
                [
                    421.43075577148556,
                    372.03888214106246
                ],
                [
                    406.80370998437365,
                    374.4648750613194
                ],
                [
                    394.218469058173,
                    382.30372835353546
                ],
                [
                    385.5910218384047,
                    394.36204766335277
                ],
                [
                    382.234818956274,
                    408.80406318478845
                ],
                [
                    384.66081187653117,
                    423.43110897190013
                ],
                [
                    392.49966516874747,
                    436.016349898101
                ],
                [
                    404.5579844785648,
                    444.64379711786955
                ]
            ],
            "tags": [
                "mirror ball"
            ],
            "type": "region"
        }
    ],
    "size": [
        2592,
        1728
    ]
}