{
    "objects": [
        {
            "data": [
                [
                    325.0,
                    613.0
                ],
                [
                    338.86251652974624,
                    608.3181787438521
                ],
                [
                    349.87815639265546,
                    598.6877845035999
                ],
                [
                    356.3698882766248,
                    585.5749575025802
                ],
                [
                    357.34940485001425,
                    570.9760067836257
                ],
                [
                    352.66758359386677,
                    557.1134902538793
                ],
                [
                    343.0371893536144,
                    546.0978503909698
                ],
                [
                    329.92436235259447,
                    539.6061185070012
                ],
                [
                    315.3254116336402,
                    538.6266019336113
                ],
                [
                    301.46289510389397,
                    543.3084231897592
                ],
                [
                    290.44725524098476,
                    552.9388174300113
                ],
                [
                    283.9555233570154,
                    566.051644431031
                ],
                [
                    282.97600678362596,
                    580.6505951499855
                ],
                [
                    287.65782803977345,
                    594.513111679732
                ],
                [
                    297.2882222800258,
                    605.5287515426414
                ],
                [
                    310.40104928104574,
                    612.0204834266101
                ]
            ],
            "tags": [
                "mirror ball"
            ],
            "type": "region"
        }
    ],
    "size": [
        2592,
        1728
    ]
}