{
    "objects": [
        {
            "data": [
                [
                    280.0,
                    570.0
                ],
                [
                    293.8779971044182,
                    567.8307955143641
                ],
                [
                    305.8694759633763,
                    560.5158323219821
                ],
                [
                    314.1488426236242,
                    549.1687472585872
                ],
                [
                    317.4556385637852,
                    535.5170311634993
                ],
                [
                    315.28643407814934,
                    521.639034059081
                ],
                [
                    307.9714708857673,
                    509.64755520012295
                ],
                [
                    296.624385822372,
                    501.36818853987506
                ],
                [
                    282.9726697272845,
                    498.06139259971405
                ],
                [
                    269.09467262286626,
                    500.2305970853499
                ],
                [
                    257.10319376390817,
                    507.54556027773197
                ],
                [
                    248.82382710366028,
                    518.8926453411268
                ],
                [
                    245.51703116349927,
                    532.5443614362148
                ],
                [
                    247.68623564913514,
                    546.422358540633
                ],
                [
                    255.00119884151718,
                    558.4138373995911
                ],
                [
                    266.3482839049125,
                    566.693204059839
                ]
            ],
            "tags": [
                "mirror ball"
            ],
            "type": "region"
        }
    ],
    "size": [
        2592,
        1728
    ]
}