{
    "objects": [
        {
            "data": [
                [
                    373.0,
                    453.0
                ],
                [
                    387.47020182452934,
                    449.7674825190293
                ],
                [
                    399.6018942367218,
                    441.2435192786486
                ],
                [
                    407.54813704088656,
                    428.72580641228706
                ],
                [
                    410.0991868029587,
                    414.1200522304987
                ],
                [
                    406.86666932198796,
                    399.6498504059691
                ],
                [
                    398.3427060816075,
                    387.51815799377687
                ],
                [
                    385.8249932152462,
                    379.57191518961235
                ],
                [
                    371.2192390334576,
                    377.0208654275398
                ],
                [
                    356.74903720892826,
                    380.2533829085105
                ],
                [
                    344.6173447967358,
                    388.7773461488912
                ],
                [
                    336.67110199257104,
                    401.2950590152525
                ],
                [
                    334.1200522304989,
                    415.9008131970411
                ],
                [
                    337.35256971146964,
                    430.37101502157066
                ],
                [
                    345.8765329518501,
                    442.5027074337629
                ],
                [
                    358.3942458182114,
                    450.4489502379274
                ]
            ],
            "tags": [
                "mirror ball"
            ],
            "type": "region"
        }
    ],
    "size": [
        2592,
        1728
    ]
}