{
    "objects": [
        {
            "data": [
                [
                    333.0,
                    614.0
                ],
                [
                    346.4389078554418,
                    609.9134357482499
                ],
                [
                    357.29097932795,
                    600.9950952924069
                ],
                [
                    363.90408491010703,
                    588.6027151219155
                ],
                [
                    365.2714392249818,
                    574.6229227805272
                ],
                [
                    361.1848749732312,
                    561.1840149250852
                ],
                [
                    352.26653451738866,
                    550.3319434525774
                ],
                [
                    339.8741543468973,
                    543.71883787042
                ],
                [
                    325.8943620055088,
                    542.3514835555457
                ],
                [
                    312.455454150067,
                    546.4380478072958
                ],
                [
                    301.6033826775588,
                    555.3563882631388
                ],
                [
                    294.9902770954018,
                    567.7487684336302
                ],
                [
                    293.622922780527,
                    581.7285607750184
                ],
                [
                    297.7094870322776,
                    595.1674686304605
                ],
                [
                    306.62782748812015,
                    606.0195401029682
                ],
                [
                    319.0202076586115,
                    612.6326456851257
                ]
            ],
            "tags": [
                "mirror ball"
            ],
            "type": "region"
        }
    ],
    "size": [
        2592,
        1728
    ]
}