{
    "objects": [
        {
            "data": [
                [
                    258.0,
                    466.0
                ],
                [
                    272.179329134437,
                    462.38953741062005
                ],
                [
                    283.89765689035494,
                    453.62771057959344
                ],
                [
                    291.3709740938202,
                    441.0484282157861
                ],
                [
                    293.46153594639463,
                    426.5667720276092
                ],
                [
                    289.8510733570147,
                    412.3874428931724
                ],
                [
                    281.0892465259881,
                    400.6691151372547
                ],
                [
                    268.5099641621805,
                    393.19579793378944
                ],
                [
                    254.02830797400384,
                    391.10523608121457
                ],
                [
                    239.84897883956683,
                    394.7156986705945
                ],
                [
                    228.1306510836489,
                    403.47752550162113
                ],
                [
                    220.65733388018361,
                    416.05680786542825
                ],
                [
                    218.5667720276092,
                    430.53846405360537
                ],
                [
                    222.17723461698915,
                    444.7177931880424
                ],
                [
                    230.93906144801622,
                    456.43612094395985
                ],
                [
                    243.51834381182334,
                    463.90943814742513
                ]
            ],
            "tags": [
                "mirror ball"
            ],
            "type": "region"
        }
    ],
    "size": [
        2592,
        1728
    ]
}