{
    "objects": [
        {
            "data": [
                [
                    420.0,
                    622.0
                ],
                [
                    434.63700522500767,
                    618.6210646775369
                ],
                [
                    446.8667722027135,
                    609.8979960923825
                ],
                [
                    454.8274297738749,
                    597.1588023618121
                ],
                [
                    457.30703998682384,
                    582.3429102502271
                ],
                [
                    453.9281046643605,
                    567.7059050252194
                ],
                [
                    445.2050360792059,
                    555.4761380475138
                ],
                [
                    432.4658423486362,
                    547.5154804763522
                ],
                [
                    417.6499502370507,
                    545.0358702634035
                ],
                [
                    403.012945012043,
                    548.4148055858666
                ],
                [
                    390.7831780343372,
                    557.1378741710209
                ],
                [
                    382.8225204631758,
                    569.8770679015913
                ],
                [
                    380.34291025022685,
                    584.6929600131764
                ],
                [
                    383.7218455726902,
                    599.3299652381841
                ],
                [
                    392.4449141578448,
                    611.5597322158897
                ],
                [
                    405.1841078884145,
                    619.5203897870513
                ]
            ],
            "tags": [
                "mirror ball"
            ],
            "type": "region"
        }
    ],
    "size": [
        2592,
        1728
    ]
}