{
    "objects": [
        {
            "data": [
                [
                    349.0,
                    465.0
                ],
                [
                    363.6675094581533,
                    462.8320340403077
                ],
                [
                    376.3888765847514,
                    455.2160817992733
                ],
                [
                    385.22738855424905,
                    443.31160296681537
                ],
                [
                    388.8374620406021,
                    428.93094653080607
                ],
                [
                    386.66949608091,
                    414.2634370726528
                ],
                [
                    379.0535438398756,
                    401.5420699460549
                ],
                [
                    367.14906500741745,
                    392.7035579765568
                ],
                [
                    352.76840857140814,
                    389.093484490204
                ],
                [
                    338.10089911325485,
                    391.2614504498963
                ],
                [
                    325.37953198665673,
                    398.8774026909307
                ],
                [
                    316.5410200171591,
                    410.7818815233886
                ],
                [
                    312.93094653080607,
                    425.1625379593979
                ],
                [
                    315.09891249049815,
                    439.8300474175512
                ],
                [
                    322.71486473153254,
                    452.5514145441491
                ],
                [
                    334.6193435639907,
                    461.3899265136472
                ]
            ],
            "tags": [
                "mirror ball"
            ],
            "type": "region"
        }
    ],
    "size": [
        2592,
        1728
    ]
}