{
    "objects": [
        {
            "data": [
                [
                    367.0,
                    584.0
                ],
                [
                    381.2565653488127,
                    579.9273774343264
                ],
                [
                    392.86938909633136,
                    570.7090134408363
                ],
                [
                    400.07052409750486,
                    557.7483203728605
                ],
                [
                    401.7636628268565,
                    543.0184462610232
                ],
                [
                    397.69104026118293,
                    528.7618809122102
                ],
                [
                    388.4726762676928,
                    517.1490571646918
                ],
                [
                    375.5119831997172,
                    509.94792216351834
                ],
                [
                    360.7821090878797,
                    508.2547834341667
                ],
                [
                    346.52554373906696,
                    512.3274059998403
                ],
                [
                    334.91271999154833,
                    521.5457699933304
                ],
                [
                    327.71158499037483,
                    534.5064630613062
                ],
                [
                    326.0184462610232,
                    549.2363371731435
                ],
                [
                    330.09106882669676,
                    563.4929025219565
                ],
                [
                    339.3094328201869,
                    575.1057262694749
                ],
                [
                    352.2701258881625,
                    582.3068612706484
                ]
            ],
            "tags": [
                "mirror ball"
            ],
            "type": "region"
        }
    ],
    "size": [
        2592,
        1728
    ]
}