{
    "objects": [
        {
            "data": [
                [
                    328.0,
                    485.0
                ],
                [
                    342.2342112210881,
                    481.61236871465417
                ],
                [
                    354.08851726183,
                    473.0354086993325
                ],
                [
                    361.75820748707565,
                    460.5748843660317
                ],
                [
                    364.07564108594534,
                    446.1277975895623
                ],
                [
                    360.68800980059905,
                    431.8935863684742
                ],
                [
                    352.1110497852778,
                    420.03928032773183
                ],
                [
                    339.65052545197705,
                    412.36959010248665
                ],
                [
                    325.20343867550764,
                    410.05215650361697
                ],
                [
                    310.9692274544195,
                    413.4397877889628
                ],
                [
                    299.1149214136776,
                    422.0167478042845
                ],
                [
                    291.445231188432,
                    434.47727213758526
                ],
                [
                    289.1277975895623,
                    448.92435891405466
                ],
                [
                    292.5154288749086,
                    463.1585701351428
                ],
                [
                    301.0923888902298,
                    475.01287617588514
                ],
                [
                    313.5529132235306,
                    482.6825664011303
                ]
            ],
            "tags": [
                "mirror ball"
            ],
            "type": "region"
        }
    ],
    "size": [
        2592,
        1728
    ]
}