{
    "objects": [
        {
            "data": [
                [
                    328.0,
                    504.0
                ],
                [
                    342.49752656382225,
                    500.8923266518698
                ],
                [
                    354.702239524644,
                    492.473247625554
                ],
                [
                    362.75608197017937,
                    480.02449138366774
                ],
                [
                    365.4329293963583,
                    465.441268215782
                ],
                [
                    362.32525604822786,
                    450.94374165195995
                ],
                [
                    353.9061770219123,
                    438.7390286911382
                ],
                [
                    341.45742078002604,
                    430.68518624560306
                ],
                [
                    326.87419761214005,
                    428.0083388194239
                ],
                [
                    312.3766710483178,
                    431.1160121675541
                ],
                [
                    300.171958087496,
                    439.5350911938699
                ],
                [
                    292.1181156419607,
                    451.98384743575616
                ],
                [
                    289.44126821578175,
                    466.5670706036419
                ],
                [
                    292.5489415639122,
                    481.06459716746394
                ],
                [
                    300.96802059022775,
                    493.2693101282857
                ],
                [
                    313.41677683211446,
                    501.32315257382083
                ]
            ],
            "tags": [
                "mirror ball"
            ],
            "type": "region"
        }
    ],
    "size": [
        2592,
        1728
    ]
}