{
    "objects": [
        {
            "data": [
                [
                    357.0,
                    460.0
                ],
                [
                    371.56395592732315,
                    457.22023420871596
                ],
                [
                    383.955526406794,
                    449.07868084589154
                ],
                [
                    392.28820716277824,
                    436.8148176076518
                ],
                [
                    395.2934230861183,
                    422.295706499822
                ],
                [
                    392.51365729483405,
                    407.73175057249887
                ],
                [
                    384.37210393200985,
                    395.34018009302827
                ],
                [
                    372.1082406937703,
                    387.0074993370433
                ],
                [
                    357.5891295859401,
                    384.00228341370394
                ],
                [
                    343.02517365861695,
                    386.78204920498797
                ],
                [
                    330.6336031791461,
                    394.9236025678124
                ],
                [
                    322.30092242316186,
                    407.18746580605193
                ],
                [
                    319.2957064998218,
                    421.7065769138819
                ],
                [
                    322.07547229110605,
                    436.27053284120507
                ],
                [
                    330.2170256539307,
                    448.66210332067567
                ],
                [
                    342.4808888921698,
                    456.9947840766606
                ]
            ],
            "tags": [
                "mirror ball"
            ],
            "type": "region"
        }
    ],
    "size": [
        2592,
        1728
    ]
}