{
    "objects": [
        {
            "data": [
                [
                    306.0,
                    475.0
                ],
                [
                    320.3899392493204,
                    472.35076176743837
                ],
                [
                    332.67069001585924,
                    464.3963934441731
                ],
                [
                    340.9726193206934,
                    452.347875500893
                ],
                [
                    344.0318336843384,
                    438.03948557437525
                ],
                [
                    341.382595451777,
                    423.64954632505464
                ],
                [
                    333.4282271285115,
                    411.368795558516
                ],
                [
                    321.37970918523115,
                    403.06686625368206
                ],
                [
                    307.07131925871363,
                    400.00765189003687
                ],
                [
                    292.68138000939325,
                    402.6568901225985
                ],
                [
                    280.4006292428544,
                    410.61125844586377
                ],
                [
                    272.0986999380202,
                    422.6597763891439
                ],
                [
                    269.03948557437525,
                    436.9681663156616
                ],
                [
                    271.68872380693665,
                    451.3581055649822
                ],
                [
                    279.64309213020215,
                    463.63885633152086
                ],
                [
                    291.6916100734825,
                    471.9407856363548
                ]
            ],
            "tags": [
                "mirror ball"
            ],
            "type": "region"
        }
    ],
    "size": [
        2592,
        1728
    ]
}