{
    "objects": [
        {
            "data": [
                [
                    317.0,
                    540.0
                ],
                [
                    330.9214660006014,
                    544.5035096542706
                ],
                [
                    345.50664203329416,
                    543.3366956556542
                ],
                [
                    358.5350672620507,
                    536.6771948582448
                ],
                [
                    368.02328204876267,
                    525.5388558899231
                ],
                [
                    372.5267917030328,
                    511.6173898893219
                ],
                [
                    371.35997770441645,
                    497.0322138566289
                ],
                [
                    364.70047690700767,
                    484.0037886278719
                ],
                [
                    353.56213793868574,
                    474.5155738411604
                ],
                [
                    339.6406719380843,
                    470.0120641868898
                ],
                [
                    325.0554959053916,
                    471.17887818550616
                ],
                [
                    312.02707067663505,
                    477.83837898291563
                ],
                [
                    302.53885588992307,
                    488.97671795123733
                ],
                [
                    298.03534623565247,
                    502.8981839518385
                ],
                [
                    299.2021602342693,
                    517.4833599845315
                ],
                [
                    305.86166103167807,
                    530.5117852132885
                ]
            ],
            "tags": [
                "mirror ball"
            ],
            "type": "region"
        }
    ],
    "size": [
        2592,
        1728
    ]
}