{
    "objects": [
        {
            "data": [
                [
                    302.0,
                    487.0
                ],
                [
                    316.39105087105463,
                    484.3568069236767
                ],
                [
                    328.67514202329994,
                    476.40759819731034
                ],
                [
                    336.98213193436914,
                    464.36256878973336
                ],
                [
                    340.0473566933547,
                    450.0554652397864
                ],
                [
                    337.4041636170314,
                    435.66441436873174
                ],
                [
                    329.4549548906648,
                    423.38032321648666
                ],
                [
                    317.4099254830885,
                    415.0733333054168
                ],
                [
                    303.10282193314106,
                    412.0081085464317
                ],
                [
                    288.7117710620864,
                    414.651301622755
                ],
                [
                    276.4276799098411,
                    422.60051034912135
                ],
                [
                    268.1206899987719,
                    434.6455397566983
                ],
                [
                    265.0554652397864,
                    448.9526433066453
                ],
                [
                    267.6986583161097,
                    463.34369417769994
                ],
                [
                    275.64786704247626,
                    475.627785329945
                ],
                [
                    287.69289645005256,
                    483.9347752410149
                ]
            ],
            "tags": [
                "mirror ball"
            ],
            "type": "region"
        }
    ],
    "size": [
        2592,
        1728
    ]
}