{
    "objects": [
        {
            "data": [
                [
                    318.0,
                    487.0
                ],
                [
                    332.30807550507643,
                    483.93931541104917
                ],
                [
                    344.35574032995555,
                    475.6361481190229
                ],
                [
                    352.30884671740387,
                    463.354580075734
                ],
                [
                    354.9566063150205,
                    448.96436868308115
                ],
                [
                    351.8959217260699,
                    434.6562931780047
                ],
                [
                    343.59275443404385,
                    422.60862835312537
                ],
                [
                    331.31118639075476,
                    414.6555219656773
                ],
                [
                    316.9209749981019,
                    412.0077623680604
                ],
                [
                    302.61289949302545,
                    415.06844695701125
                ],
                [
                    290.56523466814633,
                    423.3716142490375
                ],
                [
                    282.612128280698,
                    435.6531822923264
                ],
                [
                    279.9643686830814,
                    450.04339368497926
                ],
                [
                    283.025053272032,
                    464.3514691900557
                ],
                [
                    291.32822056405803,
                    476.39913401493504
                ],
                [
                    303.6097886073471,
                    484.35224040238313
                ]
            ],
            "tags": [
                "mirror ball"
            ],
            "type": "region"
        }
    ],
    "size": [
        2592,
        1728
    ]
}