{
    "objects": [
        {
            "data": [
                [
                    364.0,
                    495.0
                ],
                [
                    378.66227363746066,
                    492.7969017526161
                ],
                [
                    391.36535895204406,
                    485.1504951718871
                ],
                [
                    400.17532635836005,
                    473.2248763448806
                ],
                [
                    403.75093818135065,
                    458.8356126320043
                ],
                [
                    401.54783993396677,
                    444.1733389945434
                ],
                [
                    393.9014333532373,
                    431.47025367996
                ],
                [
                    381.9758145262308,
                    422.66028627364403
                ],
                [
                    367.58655081335473,
                    419.0846744506539
                ],
                [
                    352.9242771758941,
                    421.28777269803777
                ],
                [
                    340.2211918613107,
                    428.9341792787668
                ],
                [
                    331.4112244549947,
                    440.8597981057733
                ],
                [
                    327.8356126320041,
                    455.2490618186496
                ],
                [
                    330.03871087938796,
                    469.91133545611046
                ],
                [
                    337.68511746011745,
                    482.61442077069387
                ],
                [
                    349.6107362871239,
                    491.42438817700986
                ]
            ],
            "tags": [
                "mirror ball"
            ],
            "type": "region"
        }
    ],
    "size": [
        2592,
        1728
    ]
}