{
    "objects": [
        {
            "data": [
                [
                    340.0,
                    505.0
                ],
                [
                    354.44839279754297,
                    502.69072297462753
                ],
                [
                    366.91324512252504,
                    495.0280686480646
                ],
                [
                    375.4968962026355,
                    483.1786066793959
                ],
                [
                    378.89256297191787,
                    468.94631023771103
                ],
                [
                    376.58328594654586,
                    454.49791744016807
                ],
                [
                    368.9206316199825,
                    442.03306511518576
                ],
                [
                    357.071169651314,
                    433.44941403507573
                ],
                [
                    342.8388732096291,
                    430.05374726579294
                ],
                [
                    328.39048041208616,
                    432.3630242911654
                ],
                [
                    315.9256280871041,
                    440.0256786177283
                ],
                [
                    307.3419770069936,
                    451.87514058639704
                ],
                [
                    303.94631023771126,
                    466.1074370280819
                ],
                [
                    306.25558726308327,
                    480.55582982562487
                ],
                [
                    313.91824158964664,
                    493.0206821506072
                ],
                [
                    325.76770355831513,
                    501.6043332307172
                ]
            ],
            "tags": [
                "mirror ball"
            ],
            "type": "region"
        }
    ],
    "size": [
        2592,
        1728
    ]
}