{
    "objects": [
        {
            "data": [
                [
                    373.0,
                    483.0
                ],
                [
                    387.8141951264088,
                    480.51027137483175
                ],
                [
                    400.54794889838877,
                    472.54091501783114
                ],
                [
                    409.2626627359223,
                    460.3051931919563
                ],
                [
                    412.6316004563223,
                    445.66588362810194
                ],
                [
                    410.1418718311543,
                    430.8516885016934
                ],
                [
                    402.1725154741539,
                    418.11793472971294
                ],
                [
                    389.9367936482786,
                    409.4032208921792
                ],
                [
                    377.29748408442447,
                    411.0342831717794
                ],
                [
                    362.4832889580157,
                    414.52401179694766
                ],
                [
                    347.7495351860357,
                    416.49336815394827
                ],
                [
                    339.0348213485022,
                    428.72908997982313
                ],
                [
                    335.66588362810216,
                    443.36839954367747
                ],
                [
                    338.1556122532702,
                    458.182594670086
                ],
                [
                    346.12496861027057,
                    470.91634844206646
                ],
                [
                    358.3606904361459,
                    479.6310622796002
                ]
            ],
            "tags": [
                "mirror ball"
            ],
            "type": "region"
        }
    ],
    "size": [
        2592,
        1728
    ]
}