{
    "objects": [
        {
            "data": [
                [
                    357.0,
                    559.0
                ],
                [
                    371.15453504804964,
                    555.2935256124531
                ],
                [
                    382.8132139305567,
                    546.452483732302
                ],
                [
                    390.20110847384694,
                    533.8228428415546
                ],
                [
                    392.19347870513457,
                    519.3273512778483
                ],
                [
                    388.4870043175879,
                    505.1728162297986
                ],
                [
                    379.6459624374361,
                    493.5141373472916
                ],
                [
                    367.0163215466896,
                    486.12624280400155
                ],
                [
                    352.52082998298283,
                    484.1338725727137
                ],
                [
                    338.3662949349332,
                    487.8403469602606
                ],
                [
                    326.70761605242615,
                    496.6813888404117
                ],
                [
                    319.3197215091359,
                    509.3110297311591
                ],
                [
                    317.32735127784827,
                    523.8065212948654
                ],
                [
                    321.03382566539494,
                    537.9610563429151
                ],
                [
                    329.87486754554675,
                    549.6197352254221
                ],
                [
                    342.50450843629324,
                    557.0076297687121
                ]
            ],
            "tags": [
                "mirror ball"
            ],
            "type": "region"
        }
    ],
    "size": [
        2592,
        1728
    ]
}