{
    "objects": [
        {
            "data": [
                [
                    373.0,
                    487.0
                ],
                [
                    388.10838183854776,
                    485.18471480992434
                ],
                [
                    401.3720270212875,
                    477.7258825576848
                ],
                [
                    410.77166580439007,
                    465.75904283920204
                ],
                [
                    414.8762883910663,
                    451.106038521943
                ],
                [
                    413.06100320099085,
                    435.99765668339546
                ],
                [
                    405.6021709487509,
                    422.7340115006557
                ],
                [
                    393.6353312302681,
                    413.3343727175527
                ],
                [
                    378.9823269130093,
                    409.2297501308767
                ],
                [
                    363.8739450744615,
                    411.04503532095237
                ],
                [
                    350.61029989172175,
                    418.5038675731919
                ],
                [
                    341.2106611086192,
                    430.47070729167444
                ],
                [
                    337.106038521943,
                    445.1237116089337
                ],
                [
                    338.9213237120184,
                    460.23209344748125
                ],
                [
                    346.3801559642584,
                    473.495738630221
                ],
                [
                    358.3469956827412,
                    482.895377413324
                ]
            ],
            "tags": [
                "mirror ball"
            ],
            "type": "region"
        }
    ],
    "size": [
        2592,
        1728
    ]
}