{
    "objects": [
        {
            "data": [
                [
                    351.0,
                    499.0
                ],
                [
                    365.58638473633664,
                    496.34043416494933
                ],
                [
                    378.0446752652151,
                    488.3013479478807
                ],
                [
                    386.4782097882985,
                    476.10661935084477
                ],
                [
                    389.6030591246281,
                    461.61278525725015
                ],
                [
                    383.94349328957696,
                    448.0264005209135
                ],
                [
                    378.90440707250855,
                    436.56810999203503
                ],
                [
                    368.70967847547263,
                    436.1345754689519
                ],
                [
                    352.215844381878,
                    434.0097261326223
                ],
                [
                    338.6294596455414,
                    431.66929196767296
                ],
                [
                    324.1711691166629,
                    438.7083781847416
                ],
                [
                    318.7376345935795,
                    446.9031067817775
                ],
                [
                    313.6127852572499,
                    460.39694087537214
                ],
                [
                    316.27235109230105,
                    474.9833256117088
                ],
                [
                    324.31143730936947,
                    487.44161614058726
                ],
                [
                    336.5061659064054,
                    495.8751506636704
                ]
            ],
            "tags": [
                "mirror ball"
            ],
            "type": "region"
        }
    ],
    "size": [
        2592,
        1728
    ]
}