{
    "objects": [
        {
            "data": [
                [
                    429.0,
                    526.0
                ],
                [
                    439.9932714161173,
                    515.7624656561325
                ],
                [
                    446.23199509114284,
                    502.09727437401125
                ],
                [
                    446.7663818997248,
                    487.08482765107146
                ],
                [
                    441.51507629448497,
                    473.01063441271253
                ],
                [
                    431.27754195061743,
                    462.01736299659524
                ],
                [
                    417.61235066849576,
                    455.7786393215697
                ],
                [
                    402.59990394555643,
                    455.2442525129877
                ],
                [
                    388.5257107071975,
                    460.49555811822756
                ],
                [
                    377.5324392910802,
                    470.7330924620951
                ],
                [
                    371.29371561605467,
                    484.3982837442163
                ],
                [
                    370.7593288074727,
                    499.4107304671561
                ],
                [
                    376.01063441271253,
                    513.484923705515
                ],
                [
                    386.24816875658007,
                    524.4781951216323
                ],
                [
                    399.91336003870174,
                    530.7169187966579
                ],
                [
                    414.9258067616415,
                    531.2513056052398
                ]
            ],
            "tags": [
                "mirror ball"
            ],
            "type": "region"
        }
    ],
    "size": [
        2592,
        1728
    ]
}