{
    "objects": [
        {
            "data": [
                [
                    314.0,
                    483.0
                ],
                [
                    328.39105087105463,
                    480.3568069236767
                ],
                [
                    340.67514202329994,
                    472.40759819731034
                ],
                [
                    348.98213193436914,
                    460.36256878973336
                ],
                [
                    352.0473566933547,
                    446.0554652397864
                ],
                [
                    349.4041636170314,
                    431.66441436873174
                ],
                [
                    341.4549548906648,
                    419.38032321648666
                ],
                [
                    329.4099254830885,
                    411.0733333054168
                ],
                [
                    315.10282193314106,
                    408.0081085464317
                ],
                [
                    300.7117710620864,
                    410.651301622755
                ],
                [
                    288.4276799098411,
                    418.60051034912135
                ],
                [
                    280.1206899987719,
                    430.6455397566983
                ],
                [
                    277.0554652397864,
                    444.9526433066453
                ],
                [
                    279.6986583161097,
                    459.34369417769994
                ],
                [
                    287.64786704247626,
                    471.627785329945
                ],
                [
                    299.69289645005256,
                    479.9347752410149
                ]
            ],
            "tags": [
                "mirror ball"
            ],
            "type": "region"
        }
    ],
    "size": [
        2592,
        1728
    ]
}