{
    "objects": [
        {
            "data": [
                [
                    368.0,
                    501.0
                ],
                [
                    382.5994414847619,
                    498.4130677549615
                ],
                [
                    395.09759054780216,
                    490.43608962377493
                ],
                [
                    403.5917172902764,
                    478.2834882154268
                ],
                [
                    406.7886679150938,
                    463.80538693073186
                ],
                [
                    404.2017356700553,
                    449.2059454459702
                ],
                [
                    396.22475753886874,
                    436.7077963829297
                ],
                [
                    384.07215613052085,
                    428.21366964045546
                ],
                [
                    369.59405484582567,
                    425.01671901563805
                ],
                [
                    354.9946133610638,
                    427.60365126067654
                ],
                [
                    342.4964642980235,
                    435.5806293918631
                ],
                [
                    334.0023375555493,
                    447.73323080021123
                ],
                [
                    330.80538693073186,
                    462.2113320849062
                ],
                [
                    333.39231917577035,
                    476.81077356966784
                ],
                [
                    341.3692973069569,
                    489.30892263270835
                ],
                [
                    353.52189871530527,
                    497.8030493751826
                ]
            ],
            "tags": [
                "mirror ball"
            ],
            "type": "region"
        }
    ],
    "size": [
        2592,
        1728
    ]
}