{
    "objects": [
        {
            "data": [
                [
                    329.0,
                    526.0
                ],
                [
                    343.7105122668668,
                    522.9569826295842
                ],
                [
                    356.13674113092384,
                    514.5161318378473
                ],
                [
                    364.3869058916639,
                    501.9624906413285
                ],
                [
                    367.2049937521938,
                    487.2072371131567
                ],
                [
                    364.16197638177755,
                    472.4967248462897
                ],
                [
                    355.7211255900411,
                    460.07049598223284
                ],
                [
                    343.16748439352205,
                    451.8203312214928
                ],
                [
                    328.41223086535047,
                    449.0022433609629
                ],
                [
                    313.7017185984837,
                    452.0452607313787
                ],
                [
                    301.2754897344266,
                    460.4861115231156
                ],
                [
                    293.02532497368657,
                    473.0397527196344
                ],
                [
                    290.2072371131567,
                    487.7950062478062
                ],
                [
                    293.2502544835729,
                    502.5055185146732
                ],
                [
                    301.6911052753094,
                    514.9317473787303
                ],
                [
                    314.2447464718284,
                    523.1819121394701
                ]
            ],
            "tags": [
                "mirror ball"
            ],
            "type": "region"
        }
    ],
    "size": [
        2592,
        1728
    ]
}