{
    "objects": [
        {
            "data": [
                [
                    298.0,
                    510.0
                ],
                [
                    312.1592869975084,
                    507.1835427029175
                ],
                [
                    324.16295090390213,
                    499.16295090390236
                ],
                [
                    332.18354270291775,
                    487.1592869975084
                ],
                [
                    335.0,
                    473.0
                ],
                [
                    332.18354270291775,
                    458.8407130024916
                ],
                [
                    324.16295090390213,
                    446.83704909609764
                ],
                [
                    312.1592869975084,
                    438.8164572970825
                ],
                [
                    298.0,
                    436.0
                ],
                [
                    283.8407130024916,
                    438.8164572970825
                ],
                [
                    271.83704909609787,
                    446.83704909609764
                ],
                [
                    263.81645729708225,
                    458.8407130024916
                ],
                [
                    261.0,
                    473.0
                ],
                [
                    263.81645729708225,
                    487.1592869975084
                ],
                [
                    271.83704909609787,
                    499.16295090390236
                ],
                [
                    283.8407130024916,
                    507.1835427029175
                ]
            ],
            "tags": [
                "mirror ball"
            ],
            "type": "region"
        }
    ],
    "size": [
        2592,
        1728
    ]
}