{
    "objects": [
        {
            "data": [
                [
                    381.0,
                    519.0
                ],
                [
                    395.87605818842667,
                    515.7966650385551
                ],
                [
                    408.39388065509957,
                    507.1443484242884
                ],
                [
                    416.6477424038126,
                    494.360286928277
                ],
                [
                    419.3810678047653,
                    479.3907380254818
                ],
                [
                    416.1777328433204,
                    464.5146798370554
                ],
                [
                    407.5254162290539,
                    451.99685737038203
                ],
                [
                    394.74135473304204,
                    443.7429956216697
                ],
                [
                    379.7718058302471,
                    441.00967022071654
                ],
                [
                    364.89574764182044,
                    444.2130051821614
                ],
                [
                    352.37792517514754,
                    452.86532179642813
                ],
                [
                    344.12406342643453,
                    465.64938329243955
                ],
                [
                    341.3907380254818,
                    480.6189321952347
                ],
                [
                    344.5940729869267,
                    495.49499038366116
                ],
                [
                    353.2463896011932,
                    508.0128128503345
                ],
                [
                    366.03045109720506,
                    516.2666745990468
                ]
            ],
            "tags": [
                "mirror ball"
            ],
            "type": "region"
        }
    ],
    "size": [
        2592,
        1728
    ]
}