{
    "objects": [
        {
            "data": [
                [
                    300.0,
                    551.0
                ],
                [
                    313.865207259435,
                    546.3261533545788
                ],
                [
                    324.8863847838361,
                    536.7020969962834
                ],
                [
                    331.38565820233634,
                    523.5930062633765
                ],
                [
                    332.37357205302897,
                    508.9946213857397
                ],
                [
                    327.69972540760773,
                    495.1294141263047
                ],
                [
                    318.0756690493122,
                    484.1082366019034
                ],
                [
                    304.9665783164055,
                    477.6089631834034
                ],
                [
                    290.3681934387687,
                    476.62104933271075
                ],
                [
                    276.5029861793337,
                    481.294895978132
                ],
                [
                    265.4818086549326,
                    490.9189523364273
                ],
                [
                    258.98253523643234,
                    504.0280430693342
                ],
                [
                    257.9946213857397,
                    518.626427946971
                ],
                [
                    262.66846803116096,
                    532.491635206406
                ],
                [
                    272.2925243894565,
                    543.5128127308074
                ],
                [
                    285.4016151223632,
                    550.0120861493074
                ]
            ],
            "tags": [
                "mirror ball"
            ],
            "type": "region"
        }
    ],
    "size": [
        2592,
        1728
    ]
}