{
    "objects": [
        {
            "data": [
                [
                    303.0,
                    468.0
                ],
                [
                    317.371081772274,
                    465.25030483387286
                ],
                [
                    329.5959672975923,
                    457.21034284982943
                ],
                [
                    337.81352857358934,
                    445.10412537750403
                ],
                [
                    340.7727163883728,
                    430.7747142839228
                ],
                [
                    338.02302122224546,
                    416.40363251164877
                ],
                [
                    329.98305923820226,
                    404.1787469863302
                ],
                [
                    317.87684176587663,
                    395.96118571033344
                ],
                [
                    303.5474306722954,
                    393.0019978955502
                ],
                [
                    289.17634890002137,
                    395.7516930616773
                ],
                [
                    276.95146337470305,
                    403.7916550457205
                ],
                [
                    268.73390209870604,
                    415.89787251804614
                ],
                [
                    265.77471428392255,
                    430.2272836116274
                ],
                [
                    268.5244094500499,
                    444.5983653839014
                ],
                [
                    276.5643714340931,
                    456.8232509092202
                ],
                [
                    288.67058890641874,
                    465.04081218521674
                ]
            ],
            "tags": [
                "mirror ball"
            ],
            "type": "region"
        }
    ],
    "size": [
        2592,
        1728
    ]
}