{
    "objects": [
        {
            "data": [
                [
                    321.0,
                    470.0
                ],
                [
                    335.41266501410337,
                    467.4773224535718
                ],
                [
                    347.762844327357,
                    459.6311841841755
                ],
                [
                    356.1703350939729,
                    447.65608861790633
                ],
                [
                    359.35517305882695,
                    433.37513550021754
                ],
                [
                    356.8324955123985,
                    418.9624704861144
                ],
                [
                    348.9863572430022,
                    406.6122911728605
                ],
                [
                    337.01126167673374,
                    398.20480040624466
                ],
                [
                    322.7303085590447,
                    395.01996244139036
                ],
                [
                    308.31764354494135,
                    397.5426399878186
                ],
                [
                    295.9674642316877,
                    405.3887782572149
                ],
                [
                    287.55997346507183,
                    417.363873823484
                ],
                [
                    284.37513550021777,
                    431.6448269411728
                ],
                [
                    286.8978130466462,
                    446.05749195527596
                ],
                [
                    294.74395131604206,
                    458.40767126852984
                ],
                [
                    306.719046882311,
                    466.8151620351457
                ]
            ],
            "tags": [
                "mirror ball"
            ],
            "type": "region"
        }
    ],
    "size": [
        2592,
        1728
    ]
}