{
    "objects": [
        {
            "data": [
                [
                    394.0,
                    493.0
                ],
                [
                    408.1369439288783,
                    491.27668865975124
                ],
                [
                    420.53829437830836,
                    484.27458235849485
                ],
                [
                    429.31605816088677,
                    473.0596883063454
                ],
                [
                    433.1339003113417,
                    459.33937245947504
                ],
                [
                    431.41058897109315,
                    445.202428530597
                ],
                [
                    424.40848266983676,
                    432.8010780811667
                ],
                [
                    413.19358861768706,
                    424.02331429858873
                ],
                [
                    399.47327277081695,
                    420.20547214813314
                ],
                [
                    385.33632884193867,
                    421.9287834883819
                ],
                [
                    372.9349783925086,
                    428.9308897896383
                ],
                [
                    364.1572146099302,
                    440.14578384178776
                ],
                [
                    360.33937245947527,
                    453.8660996886581
                ],
                [
                    362.0626837997238,
                    468.00304361753615
                ],
                [
                    369.0647901009802,
                    480.40439406696646
                ],
                [
                    380.2796841531299,
                    489.1821578495444
                ]
            ],
            "tags": [
                "mirror ball"
            ],
            "type": "region"
        }
    ],
    "size": [
        2592,
        1728
    ]
}