{
    "objects": [
        {
            "data": [
                [
                    385.0,
                    584.0
                ],
                [
                    400.6514773466197,
                    579.1436365283851
                ],
                [
                    413.2531070785949,
                    568.6673806419356
                ],
                [
                    420.88640530329167,
                    554.1661473318679
                ],
                [
                    422.38927156202,
                    537.8476179156319
                ],
                [
                    417.5329080904053,
                    522.1961405690124
                ],
                [
                    407.05665220395576,
                    509.59451083703675
                ],
                [
                    392.5554188938877,
                    501.96121261234
                ],
                [
                    376.23688947765186,
                    500.4583463536119
                ],
                [
                    360.5854121310322,
                    505.3147098252268
                ],
                [
                    347.98378239905696,
                    515.7909657116763
                ],
                [
                    340.3504841743602,
                    530.292199021744
                ],
                [
                    338.8476179156319,
                    546.61072843798
                ],
                [
                    343.7039813872466,
                    562.2622057845995
                ],
                [
                    354.1802372736961,
                    574.8638355165751
                ],
                [
                    368.68147058376417,
                    582.4971337412719
                ]
            ],
            "tags": [
                "mirror ball"
            ],
            "type": "region"
        }
    ],
    "size": [
        2592,
        1728
    ]
}