{
    "objects": [
        {
            "data": [
                [
                    306.0,
                    600.0
                ],
                [
                    322.838071024064,
                    596.6506994304966
                ],
                [
                    337.1126983722079,
                    587.1126983722081
                ],
                [
                    346.6506994304964,
                    572.838071024064
                ],
                [
                    350.0,
                    556.0
                ],
                [
                    346.6506994304964,
                    539.161928975936
                ],
                [
                    337.1126983722079,
                    524.8873016277919
                ],
                [
                    322.838071024064,
                    515.3493005695034
                ],
                [
                    306.0,
                    520.0
                ],
                [
                    289.161928975936,
                    515.3493005695034
                ],
                [
                    274.8873016277921,
                    524.8873016277919
                ],
                [
                    265.3493005695036,
                    539.161928975936
                ],
                [
                    262.0,
                    556.0
                ],
                [
                    265.3493005695036,
                    572.838071024064
                ],
                [
                    274.8873016277921,
                    587.1126983722081
                ],
                [
                    289.161928975936,
                    596.6506994304966
                ]
            ],
            "tags": [
                "mirror ball"
            ],
            "type": "region"
        }
    ],
    "size": [
        2592,
        1728
    ]
}