{
    "objects": [
        {
            "data": [
                [
                    401.0,
                    596.0
                ],
                [
                    416.76841682072154,
                    590.8675327793587
                ],
                [
                    429.372424208997,
                    580.091439491006
                ],
                [
                    436.8931762955722,
                    565.3122826525646
                ],
                [
                    438.18570675105366,
                    548.7800549192968
                ],
                [
                    433.05323953041307,
                    533.0116380985751
                ],
                [
                    422.2771462420601,
                    520.4076307103
                ],
                [
                    407.4979894036187,
                    512.8868786237247
                ],
                [
                    390.96576167035073,
                    511.59434816824296
                ],
                [
                    375.1973448496292,
                    516.7268153888842
                ],
                [
                    362.5933374613537,
                    527.502908677237
                ],
                [
                    355.07258537477855,
                    542.2820655156784
                ],
                [
                    353.7800549192971,
                    558.8142932489461
                ],
                [
                    358.91252213993766,
                    574.5827100696679
                ],
                [
                    369.68861542829063,
                    587.1867174579431
                ],
                [
                    384.467772266732,
                    594.7074695445183
                ]
            ],
            "tags": [
                "mirror ball"
            ],
            "type": "region"
        }
    ],
    "size": [
        2592,
        1728
    ]
}