{
    "objects": [
        {
            "data": [
                [
                    318.0,
                    623.0
                ],
                [
                    331.353600379568,
                    615.7034378640712
                ],
                [
                    340.8984450129433,
                    603.8520918213051
                ],
                [
                    345.1814178289269,
                    589.2502218739933
                ],
                [
                    343.55047504153026,
                    574.120830355333
                ],
                [
                    336.2539129056013,
                    560.7672299757651
                ],
                [
                    321.4025668628351,
                    550.2223853423895
                ],
                [
                    307.8006969155231,
                    552.9394125264064
                ],
                [
                    293.6713053968633,
                    554.5703553138028
                ],
                [
                    281.31770501729534,
                    555.8669174497315
                ],
                [
                    271.77286038392003,
                    567.7182634924977
                ],
                [
                    267.4898875679364,
                    582.3201334398095
                ],
                [
                    269.12083035533306,
                    597.4495249584697
                ],
                [
                    276.41739249126204,
                    610.8031253380377
                ],
                [
                    288.2687385340282,
                    620.347969971413
                ],
                [
                    302.87060848134024,
                    624.6309427873966
                ]
            ],
            "tags": [
                "mirror ball"
            ],
            "type": "region"
        }
    ],
    "size": [
        2592,
        1728
    ]
}