{
    "objects": [
        {
            "data": [
                [
                    294.0,
                    586.0
                ],
                [
                    309.35080920312566,
                    581.4978151408127
                ],
                [
                    321.81019607832286,
                    571.4638383423935
                ],
                [
                    329.4813319184668,
                    557.4256516140758
                ],
                [
                    331.19635583091485,
                    541.5204416287665
                ],
                [
                    326.69417097172754,
                    526.1696324256413
                ],
                [
                    316.66019417330835,
                    513.7102455504437
                ],
                [
                    302.6220074449907,
                    506.0391097102997
                ],
                [
                    287.7167974596814,
                    511.3240857978517
                ],
                [
                    271.36598825655574,
                    508.826270657039
                ],
                [
                    258.90660138135854,
                    518.8602474554582
                ],
                [
                    251.23546554121458,
                    532.8984341837756
                ],
                [
                    249.52044162876655,
                    548.8036441690851
                ],
                [
                    254.02262648795386,
                    564.1544533722104
                ],
                [
                    264.05660328637305,
                    576.613840247408
                ],
                [
                    278.0947900146907,
                    584.284976087552
                ]
            ],
            "tags": [
                "mirror ball"
            ],
            "type": "region"
        }
    ],
    "size": [
        2592,
        1728
    ]
}