{
    "objects": [
        {
            "data": [
                [
                    285.0,
                    630.0
                ],
                [
                    300.03301120011974,
                    624.5295716845822
                ],
                [
                    311.8282602756726,
                    613.722670605053
                ],
                [
                    318.5900274791038,
                    599.224549485968
                ],
                [
                    319.28889504926383,
                    583.242415841913
                ],
                [
                    313.81846673384644,
                    568.2094046417933
                ],
                [
                    303.01156565431666,
                    556.4141555662407
                ],
                [
                    288.5134445352319,
                    549.6523883628092
                ],
                [
                    274.5313108911769,
                    554.9535207926492
                ],
                [
                    257.4982996910571,
                    554.4239491080671
                ],
                [
                    245.70305061550425,
                    565.2308501875962
                ],
                [
                    238.94128341207306,
                    579.7289713066812
                ],
                [
                    238.24241584191304,
                    595.7111049507362
                ],
                [
                    243.71284415733044,
                    610.7441161508559
                ],
                [
                    254.51974523686022,
                    622.5393652264086
                ],
                [
                    269.017866355945,
                    629.30113242984
                ]
            ],
            "tags": [
                "mirror ball"
            ],
            "type": "region"
        }
    ],
    "size": [
        2592,
        1728
    ]
}