{
    "objects": [
        {
            "data": [
                [
                    333.0,
                    578.0
                ],
                [
                    348.50698453904533,
                    574.0692949483755
                ],
                [
                    361.3293544648677,
                    564.5035309338066
                ],
                [
                    369.5150201913334,
                    550.7590088136446
                ],
                [
                    371.8177883148328,
                    534.9282074862813
                ],
                [
                    367.88708326320784,
                    519.4212229472362
                ],
                [
                    358.32131924863916,
                    506.5988530214138
                ],
                [
                    344.57679712847766,
                    498.4131872949479
                ],
                [
                    328.7459958011141,
                    496.1104191714485
                ],
                [
                    313.23901126206874,
                    500.041124223073
                ],
                [
                    300.41664133624636,
                    509.6068882376419
                ],
                [
                    292.23097560978067,
                    523.3514103578038
                ],
                [
                    289.9282074862813,
                    539.1822116851672
                ],
                [
                    293.85891253790624,
                    554.6891962242123
                ],
                [
                    303.4246765524749,
                    567.5115661500347
                ],
                [
                    317.16919867263687,
                    575.6972318765006
                ]
            ],
            "tags": [
                "mirror ball"
            ],
            "type": "region"
        }
    ],
    "size": [
        2592,
        1728
    ]
}