{
    "objects": [
        {
            "data": [
                [
                    337.0,
                    529.0
                ],
                [
                    351.9107235669344,
                    522.6859463911578
                ],
                [
                    363.27015217819053,
                    511.14643462112804
                ],
                [
                    369.3489158011803,
                    496.1382507509627
                ],
                [
                    369.2215777784336,
                    479.9462547253693
                ],
                [
                    362.9075241695914,
                    465.03553115843465
                ],
                [
                    346.3680123995614,
                    451.67610254717897
                ],
                [
                    332.3598285293965,
                    457.597338924189
                ],
                [
                    320.16783250380286,
                    456.7246769469357
                ],
                [
                    308.25710893686846,
                    454.0387305557779
                ],
                [
                    293.8976803256123,
                    465.57824232580765
                ],
                [
                    287.8189167026226,
                    480.586426195973
                ],
                [
                    287.9462547253693,
                    496.7784222215664
                ],
                [
                    294.26030833421146,
                    511.68914578850104
                ],
                [
                    305.79982010424146,
                    523.0485743997567
                ],
                [
                    320.80800397440635,
                    529.1273380227467
                ]
            ],
            "tags": [
                "mirror ball"
            ],
            "type": "region"
        }
    ],
    "size": [
        2592,
        1728
    ]
}