{
    "objects": [
        {
            "data": [
                [
                    179.0,
                    621.0
                ],
                [
                    194.1756939105794,
                    616.5941507142061
                ],
                [
                    206.5101613790489,
                    606.7161901015088
                ],
                [
                    214.12559154555947,
                    592.8699481212561
                ],
                [
                    215.86260420130748,
                    577.1633895984448
                ],
                [
                    211.45675491551356,
                    561.9876956878657
                ],
                [
                    201.57879430281673,
                    549.6532282193962
                ],
                [
                    187.73255232256406,
                    542.0377980528851
                ],
                [
                    172.02599379975254,
                    540.3007853971371
                ],
                [
                    156.85029988917313,
                    544.706634682931
                ],
                [
                    144.51583242070387,
                    554.5845952956283
                ],
                [
                    136.90040225419284,
                    568.430837275881
                ],
                [
                    135.16338959844484,
                    584.1373957986923
                ],
                [
                    139.56923888423876,
                    599.3130897092715
                ],
                [
                    149.44719949693604,
                    611.647557177741
                ],
                [
                    163.29344147718894,
                    619.262987344252
                ]
            ],
            "tags": [
                "mirror ball"
            ],
            "type": "region"
        }
    ],
    "size": [
        2592,
        1728
    ]
}