{
    "objects": [
        {
            "data": [
                [
                    360.0,
                    628.0
                ],
                [
                    371.3578568738503,
                    619.5134189208352
                ],
                [
                    383.7577964262723,
                    606.102205943417
                ],
                [
                    386.6165221360975,
                    591.6558557356313
                ],
                [
                    385.1943370584627,
                    576.5259350951005
                ],
                [
                    378.7077559792983,
                    562.1680782212504
                ],
                [
                    367.29654300187985,
                    551.768138668828
                ],
                [
                    352.85019279409426,
                    553.909412959003
                ],
                [
                    337.7202721535632,
                    559.3315980366378
                ],
                [
                    322.3624152797129,
                    555.8181791158026
                ],
                [
                    311.9624757272909,
                    568.2293920932209
                ],
                [
                    307.1037500174657,
                    583.6757423010065
                ],
                [
                    308.5259350951005,
                    599.8056629415373
                ],
                [
                    316.0125161742649,
                    614.1635198153874
                ],
                [
                    328.42372915168335,
                    624.5634593678099
                ],
                [
                    343.87007935946895,
                    629.4221850776348
                ]
            ],
            "tags": [
                "mirror ball"
            ],
            "type": "region"
        }
    ],
    "size": [
        2592,
        1728
    ]
}