{
    "objects": [
        {
            "data": [
                [
                    235.0,
                    541.0
                ],
                [
                    253.06122000097957,
                    535.3518966566753
                ],
                [
                    267.58617591829125,
                    523.2219999175936
                ],
                [
                    276.3635748825791,
                    506.45697660349174
                ],
                [
                    278.05713746884885,
                    487.6091495386272
                ],
                [
                    272.40903412552416,
                    469.54792953764786
                ],
                [
                    260.27913738644247,
                    455.0229736203355
                ],
                [
                    243.51411407234036,
                    446.2455746560481
                ],
                [
                    224.66628700747606,
                    444.55201206977836
                ],
                [
                    206.60506700649648,
                    450.20011541310305
                ],
                [
                    192.0801110891848,
                    462.33001215218474
                ],
                [
                    183.30271212489697,
                    479.0950354662866
                ],
                [
                    181.6091495386272,
                    497.94286253115115
                ],
                [
                    187.2572528819519,
                    516.0040825321305
                ],
                [
                    199.3871496210336,
                    530.5290384494429
                ],
                [
                    216.1521729351357,
                    539.3064374137305
                ]
            ],
            "tags": [
                "mirror ball"
            ],
            "type": "region"
        }
    ],
    "size": [
        2592,
        1728
    ]
}