{
    "objects": [
        {
            "data": [
                [
                    223.0,
                    658.0
                ],
                [
                    238.32295478148671,
                    654.1373260089367
                ],
                [
                    251.00133774069127,
                    644.7048396380756
                ],
                [
                    259.10498000190137,
                    631.138551431678
                ],
                [
                    261.4001754905489,
                    615.503805790459
                ],
                [
                    257.53750149948564,
                    600.1808510089722
                ],
                [
                    248.10501512862447,
                    587.5024680497681
                ],
                [
                    234.53872692222694,
                    579.3988257885576
                ],
                [
                    218.90398128100787,
                    586.10363029991
                ],
                [
                    203.58102649952116,
                    580.9663042909733
                ],
                [
                    190.9026435403166,
                    590.3987906618345
                ],
                [
                    182.7990012791065,
                    603.965078868232
                ],
                [
                    180.50380579045896,
                    619.5998245094511
                ],
                [
                    184.36647978152223,
                    634.9227792909378
                ],
                [
                    193.7989661523834,
                    647.6011622501419
                ],
                [
                    207.36525435878093,
                    655.7048045113527
                ]
            ],
            "tags": [
                "mirror ball"
            ],
            "type": "region"
        }
    ],
    "size": [
        2592,
        1728
    ]
}