{
    "objects": [
        {
            "data": [
                [
                    399.0,
                    563.0
                ],
                [
                    415.0082624092188,
                    559.4944980476739
                ],
                [
                    428.456470880888,
                    550.1297397377807
                ],
                [
                    437.29725758350787,
                    536.3314246312559
                ],
                [
                    440.1846928835366,
                    520.2002211210299
                ],
                [
                    436.679190931211,
                    504.1919587118107
                ],
                [
                    427.31443262131734,
                    490.74375024014216
                ],
                [
                    413.51611751479277,
                    481.9029635375218
                ],
                [
                    399.3849140045668,
                    491.0155282374931
                ],
                [
                    381.376651595348,
                    482.52103018981916
                ],
                [
                    367.9284431236788,
                    491.88578849971213
                ],
                [
                    359.0876564210589,
                    505.68410360623716
                ],
                [
                    356.20022112103015,
                    521.8153071164631
                ],
                [
                    359.7057230733558,
                    537.8235695256824
                ],
                [
                    369.07048138324944,
                    551.2717779973511
                ],
                [
                    382.868796489774,
                    560.1125646999712
                ]
            ],
            "tags": [
                "mirror ball"
            ],
            "type": "region"
        }
    ],
    "size": [
        2592,
        1728
    ]
}