{
    "objects": [
        {
            "data": [
                [
                    264.0,
                    519.0
                ],
                [
                    280.4584186360121,
                    513.4686739844035
                ],
                [
                    293.5472679261479,
                    502.06003095601613
                ],
                [
                    301.27388921669717,
                    486.510933396303
                ],
                [
                    302.4619744581714,
                    469.1885904558103
                ],
                [
                    296.93064844257515,
                    452.730171819798
                ],
                [
                    280.5220054141878,
                    436.6413225296626
                ],
                [
                    266.97290785447467,
                    442.9147012391129
                ],
                [
                    250.65056491398173,
                    442.7266159976389
                ],
                [
                    236.19214627796964,
                    436.25794201323515
                ],
                [
                    223.1032969878338,
                    447.66658504162274
                ],
                [
                    215.37667569728455,
                    463.21568260133586
                ],
                [
                    214.1885904558103,
                    480.5380255418286
                ],
                [
                    219.71991647140658,
                    496.9964441778409
                ],
                [
                    231.12855949979394,
                    510.08529346797627
                ],
                [
                    246.67765705950706,
                    517.8119147585257
                ]
            ],
            "tags": [
                "mirror ball"
            ],
            "type": "region"
        }
    ],
    "size": [
        2592,
        1728
    ]
}