{
    "objects": [
        {
            "data": [
                [
                    367.0,
                    610.0
                ],
                [
                    383.09213251138317,
                    606.9022136070628
                ],
                [
                    396.77385284352613,
                    597.8820396590063
                ],
                [
                    405.96224310096477,
                    584.3127178713414
                ],
                [
                    409.2584541599681,
                    568.2600544800318
                ],
                [
                    406.16066776703065,
                    552.1679219686487
                ],
                [
                    397.14049381897394,
                    538.4862016365055
                ],
                [
                    383.5711720313093,
                    529.2978113790671
                ],
                [
                    367.5185086399997,
                    526.001600320064
                ],
                [
                    351.42637612861654,
                    529.0993867130012
                ],
                [
                    337.7446557964736,
                    538.1195606610577
                ],
                [
                    328.55626553903494,
                    551.6888824487226
                ],
                [
                    325.2600544800316,
                    567.7415458400321
                ],
                [
                    328.35784087296906,
                    583.8336783514153
                ],
                [
                    337.3780148210258,
                    597.5153986835585
                ],
                [
                    350.9473366086904,
                    606.7037889409969
                ]
            ],
            "tags": [
                "mirror ball"
            ],
            "type": "region"
        }
    ],
    "size": [
        2592,
        1728
    ]
}