{
    "objects": [
        {
            "data": [
                [
                    344.0,
                    624.0
                ],
                [
                    358.3082894303243,
                    616.8452906924797
                ],
                [
                    368.7894364648728,
                    604.7596558917239
                ],
                [
                    373.8477814794687,
                    589.5830239395955
                ],
                [
                    372.71323729965206,
                    573.6258994742948
                ],
                [
                    365.55852799213153,
                    559.3176100439705
                ],
                [
                    353.472893191376,
                    548.8364630094225
                ],
                [
                    338.29626123924754,
                    553.7781179948263
                ],
                [
                    320.33913677394685,
                    552.9126621746427
                ],
                [
                    308.03084734362255,
                    552.067371482163
                ],
                [
                    297.54970030907407,
                    564.1530062829188
                ],
                [
                    292.4913552944781,
                    579.3296382350472
                ],
                [
                    293.6258994742948,
                    595.2867627003479
                ],
                [
                    300.7806087818153,
                    609.5950521306722
                ],
                [
                    312.8662435825713,
                    620.0761991652203
                ],
                [
                    328.0428755346993,
                    625.1345441798164
                ]
            ],
            "tags": [
                "mirror ball"
            ],
            "type": "region"
        }
    ],
    "size": [
        2592,
        1728
    ]
}