{
    "objects": [
        {
            "data": [
                [
                    304.0,
                    611.0
                ],
                [
                    319.4631828107822,
                    606.9003672045676
                ],
                [
                    332.180439367552,
                    597.195296500737
                ],
                [
                    340.2156826417581,
                    583.3622969264807
                ],
                [
                    342.34561968456546,
                    567.5073172705261
                ],
                [
                    338.2459868891333,
                    552.0441344597439
                ],
                [
                    328.5409161853022,
                    539.3268779029743
                ],
                [
                    314.70791661104613,
                    531.2916346287677
                ],
                [
                    298.85293695509154,
                    529.1616975859606
                ],
                [
                    283.38975414430934,
                    533.261330381393
                ],
                [
                    270.6724975875395,
                    542.9664010852237
                ],
                [
                    262.6372543133334,
                    556.7994006594799
                ],
                [
                    260.5073172705261,
                    572.6543803154345
                ],
                [
                    264.60695006595824,
                    588.1175631262167
                ],
                [
                    274.31202076978934,
                    600.8348196829863
                ],
                [
                    288.1450203440454,
                    608.8700629571929
                ]
            ],
            "tags": [
                "mirror ball"
            ],
            "type": "region"
        }
    ],
    "size": [
        2592,
        1728
    ]
}