{
    "objects": [
        {
            "data": [
                [
                    374.0,
                    583.0
                ],
                [
                    389.81482948507755,
                    578.0123796093831
                ],
                [
                    402.5171470660812,
                    567.352345984938
                ],
                [
                    410.1731400380995,
                    552.6427926125411
                ],
                [
                    411.6172528728903,
                    536.1231156507065
                ],
                [
                    406.62963248227334,
                    520.3082861656289
                ],
                [
                    395.96959885782826,
                    507.6059685846253
                ],
                [
                    381.2600454854314,
                    499.94997561260743
                ],
                [
                    364.74036852359677,
                    498.5058627778162
                ],
                [
                    348.9255390385192,
                    503.49348316843316
                ],
                [
                    336.2232214575156,
                    514.1535167928782
                ],
                [
                    328.56722848549725,
                    528.8630701652751
                ],
                [
                    327.1231156507065,
                    545.3827471271097
                ],
                [
                    332.11073604132343,
                    561.1975766121873
                ],
                [
                    342.7707696657685,
                    573.8998941931909
                ],
                [
                    357.48032303816535,
                    581.5558871652088
                ]
            ],
            "tags": [
                "mirror ball"
            ],
            "type": "region"
        }
    ],
    "size": [
        2592,
        1728
    ]
}