{
    "objects": [
        {
            "data": [
                [
                    331.0,
                    540.0
                ],
                [
                    346.4555188643044,
                    535.1705189823333
                ],
                [
                    358.88639403499474,
                    524.7940893094838
                ],
                [
                    366.4001374534969,
                    510.4504283365734
                ],
                [
                    367.8528497965981,
                    494.32322842111785
                ],
                [
                    363.02336877893185,
                    478.86770955681345
                ],
                [
                    352.64693910608185,
                    466.43683438612334
                ],
                [
                    338.30327813317217,
                    458.92309096762074
                ],
                [
                    323.17607821771617,
                    466.4703786245195
                ],
                [
                    306.7205593534118,
                    462.2998596421862
                ],
                [
                    294.28968418272143,
                    472.6762893150358
                ],
                [
                    286.7759407642193,
                    487.0199502879459
                ],
                [
                    285.3232284211181,
                    503.1471502034017
                ],
                [
                    290.1527094387843,
                    518.6026690677061
                ],
                [
                    300.5291391116343,
                    531.0335442383962
                ],
                [
                    314.872800084544,
                    538.5472876568988
                ]
            ],
            "tags": [
                "mirror ball"
            ],
            "type": "region"
        }
    ],
    "size": [
        2592,
        1728
    ]
}