{
    "objects": [
        {
            "data": [
                [
                    258.0,
                    480.0
                ],
                [
                    276.3708885541723,
                    473.43396686166307
                ],
                [
                    290.83066438501646,
                    460.3375085478551
                ],
                [
                    299.1779577004804,
                    442.7044421171638
                ],
                [
                    300.14196876168717,
                    423.21924208951623
                ],
                [
                    293.5759356233498,
                    404.8483535353437
                ],
                [
                    280.47947730954274,
                    390.38857770449977
                ],
                [
                    262.84641087885075,
                    382.0412843890358
                ],
                [
                    244.3612108512034,
                    390.07727332782906
                ],
                [
                    224.99032229703107,
                    387.643306466166
                ],
                [
                    210.53054646618693,
                    400.73976477997394
                ],
                [
                    202.18325315072298,
                    418.37283121066525
                ],
                [
                    201.21924208951623,
                    437.85803123831283
                ],
                [
                    207.78527522785362,
                    456.2289197924854
                ],
                [
                    220.88173354166065,
                    470.6886956233293
                ],
                [
                    238.51479997235265,
                    479.03598893879325
                ]
            ],
            "tags": [
                "mirror ball"
            ],
            "type": "region"
        }
    ],
    "size": [
        2592,
        1728
    ]
}