{
    "objects": [
        {
            "data": [
                [
                    301.0,
                    632.0
                ],
                [
                    316.1870015519826,
                    626.3828891656879
                ],
                [
                    328.06838619202745,
                    615.3815415527729
                ],
                [
                    334.8353208137064,
                    600.6708126078568
                ],
                [
                    335.4576009632847,
                    584.4902774597131
                ],
                [
                    329.84049012897276,
                    569.3032759077303
                ],
                [
                    318.83914251605756,
                    557.4218912676861
                ],
                [
                    304.1284135711412,
                    554.6549566460069
                ],
                [
                    286.94787842299775,
                    556.0326764964284
                ],
                [
                    272.76087687101517,
                    555.6497873307405
                ],
                [
                    260.8794922309703,
                    566.6511349436555
                ],
                [
                    254.11255760929134,
                    581.3618638885716
                ],
                [
                    253.49027745971307,
                    597.5423990367153
                ],
                [
                    259.107388294025,
                    612.7294005886981
                ],
                [
                    270.1087359069402,
                    624.6107852287423
                ],
                [
                    284.81946485185654,
                    631.3777198504215
                ]
            ],
            "tags": [
                "mirror ball"
            ],
            "type": "region"
        }
    ],
    "size": [
        2592,
        1728
    ]
}