{
    "objects": [
        {
            "data": [
                [
                    353.0,
                    587.0
                ],
                [
                    368.81811185591687,
                    583.5381670204094
                ],
                [
                    382.1073555156677,
                    574.2865210470361
                ],
                [
                    390.84456409935,
                    560.6535413129463
                ],
                [
                    393.6995768030911,
                    544.7147253993865
                ],
                [
                    390.2377438235003,
                    528.8966135434698
                ],
                [
                    380.98609785012695,
                    515.6073698837188
                ],
                [
                    367.35311811603697,
                    506.87016130003644
                ],
                [
                    351.4143022024773,
                    504.0151485962956
                ],
                [
                    335.59619034656043,
                    507.47698157588616
                ],
                [
                    322.3069466868096,
                    516.7286275492595
                ],
                [
                    313.5697381031273,
                    530.3616072833493
                ],
                [
                    310.7147253993862,
                    546.3004231969092
                ],
                [
                    314.176558378977,
                    562.1185350528258
                ],
                [
                    323.42820435235035,
                    575.4077787125768
                ],
                [
                    337.06118408644033,
                    584.1449872962592
                ]
            ],
            "tags": [
                "mirror ball"
            ],
            "type": "region"
        }
    ],
    "size": [
        2592,
        1728
    ]
}