{
    "objects": [
        {
            "data": [
                [
                    286.0,
                    602.0
                ],
                [
                    301.31927569972777,
                    597.391659329782
                ],
                [
                    313.70890534641694,
                    587.2716746996093
                ],
                [
                    321.2826801386318,
                    573.1807220315368
                ],
                [
                    322.8875615206971,
                    557.2640211344742
                ],
                [
                    318.27922085047885,
                    541.9447454347464
                ],
                [
                    308.1592362203064,
                    529.5551157880573
                ],
                [
                    294.0682835522339,
                    521.9813409958422
                ],
                [
                    278.1515826551713,
                    520.3764596137771
                ],
                [
                    262.8323069554435,
                    524.9848002839951
                ],
                [
                    250.44267730875436,
                    535.1047849141678
                ],
                [
                    242.8689025165395,
                    549.1957375822403
                ],
                [
                    241.2640211344742,
                    565.1124384793029
                ],
                [
                    245.87236180469245,
                    580.4317141790307
                ],
                [
                    255.99234643486488,
                    592.8213438257199
                ],
                [
                    270.0832991029374,
                    600.3951186179349
                ]
            ],
            "tags": [
                "mirror ball"
            ],
            "type": "region"
        }
    ],
    "size": [
        2592,
        1728
    ]
}