{
    "objects": [
        {
            "data": [
                [
                    279.0,
                    604.0
                ],
                [
                    294.45481351965327,
                    599.8689286171984
                ],
                [
                    307.1523068331235,
                    590.1380152350221
                ],
                [
                    315.1594016864997,
                    576.2887032049571
                ],
                [
                    317.2570904728491,
                    560.4294247392552
                ],
                [
                    313.126019090048,
                    544.9746112196021
                ],
                [
                    303.39510570787115,
                    532.2771179061315
                ],
                [
                    289.54579367780616,
                    524.2700230527557
                ],
                [
                    274.6865152121045,
                    529.1723342664059
                ],
                [
                    258.2317016924512,
                    526.3034056492074
                ],
                [
                    245.53420837898102,
                    536.0343190313838
                ],
                [
                    237.52711352560482,
                    549.8836310614488
                ],
                [
                    235.4294247392554,
                    565.7429095271507
                ],
                [
                    239.56049612205652,
                    581.1977230468037
                ],
                [
                    249.29140950423334,
                    593.8952163602744
                ],
                [
                    263.14072153429834,
                    601.9023112136501
                ]
            ],
            "tags": [
                "mirror ball"
            ],
            "type": "region"
        }
    ],
    "size": [
        2592,
        1728
    ]
}