{
    "objects": [
        {
            "data": [
                [
                    261.0,
                    522.0
                ],
                [
                    275.5714356456292,
                    515.885553432893
                ],
                [
                    286.6937893986178,
                    504.66029438955206
                ],
                [
                    292.6737837244614,
                    490.03316680210014
                ],
                [
                    292.6010186958338,
                    474.23101825048434
                ],
                [
                    286.4865721287265,
                    459.6595826048549
                ],
                [
                    275.26131308538606,
                    448.5372288518663
                ],
                [
                    260.6341854979337,
                    442.55723452602274
                ],
                [
                    244.8320369463181,
                    442.62999955465057
                ],
                [
                    230.2606013006889,
                    448.7444461217576
                ],
                [
                    219.1382475477003,
                    459.9697051650985
                ],
                [
                    213.15825322185674,
                    474.5968327525504
                ],
                [
                    213.23101825048434,
                    490.3989813041662
                ],
                [
                    219.34546481759162,
                    504.97041694979566
                ],
                [
                    230.57072386093205,
                    516.0927707027843
                ],
                [
                    245.19785144838443,
                    522.0727650286278
                ]
            ],
            "tags": [
                "mirror ball"
            ],
            "type": "region"
        }
    ],
    "size": [
        2592,
        1728
    ]
}