{
    "objects": [
        {
            "data": [
                [
                    252.0,
                    649.0
                ],
                [
                    267.5406641604827,
                    645.204638469376
                ],
                [
                    280.4459437223786,
                    635.7510269305856
                ],
                [
                    288.7511268590406,
                    622.0783920432068
                ],
                [
                    291.19182472458306,
                    606.2682685260995
                ],
                [
                    287.3964631939598,
                    590.7276043656166
                ],
                [
                    277.94285165516885,
                    577.8223248037204
                ],
                [
                    264.2702167677903,
                    569.5171416670589
                ],
                [
                    250.4600932506828,
                    575.0764438015162
                ],
                [
                    233.91942909020008,
                    573.8718053321402
                ],
                [
                    220.0141495283042,
                    580.3254168709307
                ],
                [
                    211.7089663916422,
                    593.9980517583094
                ],
                [
                    209.26826852609975,
                    609.8081752754167
                ],
                [
                    213.063630056723,
                    625.3488394358997
                ],
                [
                    222.5172415955144,
                    638.2541189977958
                ],
                [
                    236.1898764828925,
                    646.5593021344573
                ]
            ],
            "tags": [
                "mirror ball"
            ],
            "type": "region"
        }
    ],
    "size": [
        2592,
        1728
    ]
}