{
    "objects": [
        {
            "data": [
                [
                    283.0,
                    540.0
                ],
                [
                    298.36405412252634,
                    533.7605264867086
                ],
                [
                    310.1708461225062,
                    522.1164356474808
                ],
                [
                    316.62289894677906,
                    506.84043475864337
                ],
                [
                    316.7379460408538,
                    490.25815647822833
                ],
                [
                    310.4984725275626,
                    474.8941023557022
                ],
                [
                    298.8543816883348,
                    463.08731035572214
                ],
                [
                    283.57838079949715,
                    458.63525753144927
                ],
                [
                    267.99610251908234,
                    469.5202104373743
                ],
                [
                    252.632048396556,
                    462.7596839506657
                ],
                [
                    239.82525639657615,
                    474.40377478989353
                ],
                [
                    233.37320357230328,
                    489.67977567873095
                ],
                [
                    233.25815647822856,
                    506.262053959146
                ],
                [
                    239.49762999151972,
                    521.6261080816721
                ],
                [
                    251.14172083074754,
                    533.4329000816522
                ],
                [
                    266.4177217195852,
                    539.884952905925
                ]
            ],
            "tags": [
                "mirror ball"
            ],
            "type": "region"
        }
    ],
    "size": [
        2592,
        1728
    ]
}