{
    "objects": [
        {
            "data": [
                [
                    346.0,
                    584.0
                ],
                [
                    362.08926353922516,
                    578.5950478284826
                ],
                [
                    374.88541916753,
                    567.4444285475981
                ],
                [
                    382.44036818794484,
                    552.2457228622454
                ],
                [
                    383.603938097895,
                    535.3127959364097
                ],
                [
                    378.19898592637765,
                    519.2235323971843
                ],
                [
                    360.04836664549293,
                    503.4273767688794
                ],
                [
                    347.8496609601402,
                    511.87242774846436
                ],
                [
                    329.9167340343047,
                    510.70885783851463
                ],
                [
                    318.8274704950795,
                    503.113810010032
                ],
                [
                    306.03131486677466,
                    514.2644292909165
                ],
                [
                    298.47636584635984,
                    529.4631349762692
                ],
                [
                    297.31279593640966,
                    546.396061902105
                ],
                [
                    302.71774810792704,
                    562.4853254413304
                ],
                [
                    313.86836738881175,
                    575.2814810696352
                ],
                [
                    329.06707307416445,
                    582.8364300900503
                ]
            ],
            "tags": [
                "mirror ball"
            ],
            "type": "region"
        }
    ],
    "size": [
        2592,
        1728
    ]
}