{
    "objects": [
        {
            "data": [
                [
                    301.0,
                    618.0
                ],
                [
                    316.48421909518174,
                    613.9805509445387
                ],
                [
                    329.2515956333805,
                    604.3415101193887
                ],
                [
                    337.35841227321134,
                    590.5503341120564
                ],
                [
                    339.5704796697364,
                    574.7066044523365
                ],
                [
                    335.5510306142746,
                    559.2223853571543
                ],
                [
                    325.9119897891246,
                    546.4550088189558
                ],
                [
                    312.12081378179255,
                    538.3481921791249
                ],
                [
                    297.27708412207267,
                    543.1361247826003
                ],
                [
                    280.7928650268909,
                    540.1555738380616
                ],
                [
                    268.0254884886922,
                    549.7946146632116
                ],
                [
                    259.9186718488613,
                    563.5857906705439
                ],
                [
                    257.70660445233625,
                    579.4295203302638
                ],
                [
                    261.72605350779804,
                    594.913739425446
                ],
                [
                    271.36509433294805,
                    607.6811159636445
                ],
                [
                    285.1562703402801,
                    615.7879326034754
                ]
            ],
            "tags": [
                "mirror ball"
            ],
            "type": "region"
        }
    ],
    "size": [
        2592,
        1728
    ]
}