{
    "objects": [
        {
            "data": [
                [
                    290.0,
                    522.0
                ],
                [
                    307.63151260336144,
                    515.1269728199168
                ],
                [
                    321.2907125928091,
                    502.0298359210012
                ],
                [
                    328.89811059090516,
                    484.7025096702721
                ],
                [
                    329.29554921367526,
                    465.782922416799
                ],
                [
                    316.42252203359203,
                    441.1514098134378
                ],
                [
                    298.3253851346767,
                    431.49220982399015
                ],
                [
                    287.9980588839471,
                    441.88481182589385
                ],
                [
                    274.07847163047427,
                    444.48737320312375
                ],
                [
                    255.44695902711283,
                    433.360400383207
                ],
                [
                    241.78775903766518,
                    446.45753728212253
                ],
                [
                    234.1803610395691,
                    463.78486353285166
                ],
                [
                    233.782922416799,
                    482.70445078632474
                ],
                [
                    240.65594959688224,
                    500.33596338968596
                ],
                [
                    253.75308649579756,
                    513.9951633791336
                ],
                [
                    271.08041274652714,
                    521.6025613772299
                ]
            ],
            "tags": [
                "mirror ball"
            ],
            "type": "region"
        }
    ],
    "size": [
        2592,
        1728
    ]
}