{
    "objects": [
        {
            "data": [
                [
                    357.0,
                    593.0
                ],
                [
                    372.67745605719074,
                    588.9485407764935
                ],
                [
                    385.61111050853515,
                    579.2059778283733
                ],
                [
                    393.8319317076862,
                    565.2555280479378
                ],
                [
                    396.08837414900336,
                    549.2210209531158
                ],
                [
                    392.03691492549706,
                    533.5435648959256
                ],
                [
                    382.29435197737666,
                    520.6099104445807
                ],
                [
                    367.34390219694114,
                    514.3890892454294
                ],
                [
                    351.3093951021192,
                    519.1326468041125
                ],
                [
                    336.63193904492846,
                    514.184106027619
                ],
                [
                    323.69828459358405,
                    523.9266689757392
                ],
                [
                    315.477463394433,
                    537.8771187561745
                ],
                [
                    313.22102095311584,
                    553.9116258509966
                ],
                [
                    317.27248017662214,
                    569.5890819081869
                ],
                [
                    327.01504312474253,
                    582.5227363595318
                ],
                [
                    340.96549290517805,
                    590.7435575586833
                ]
            ],
            "tags": [
                "mirror ball"
            ],
            "type": "region"
        }
    ],
    "size": [
        2592,
        1728
    ]
}