{
    "objects": [
        {
            "data": [
                [
                    389.0,
                    602.0
                ],
                [
                    404.5811919660159,
                    597.5928005283351
                ],
                [
                    417.2897740946123,
                    587.5584151188752
                ],
                [
                    425.19097996029586,
                    573.4244879882801
                ],
                [
                    427.0819225946243,
                    557.3427814178149
                ],
                [
                    422.6747231229597,
                    541.7615894517992
                ],
                [
                    412.6403377134998,
                    529.0530073232023
                ],
                [
                    398.50641058290466,
                    521.1518014575192
                ],
                [
                    382.4247040124392,
                    519.2608588231906
                ],
                [
                    366.84351204642326,
                    523.6680582948554
                ],
                [
                    354.13492991782687,
                    533.7024437043153
                ],
                [
                    346.2337240521433,
                    547.83637083491
                ],
                [
                    344.3427814178149,
                    563.9180774053757
                ],
                [
                    348.7499808894795,
                    579.4992693713916
                ],
                [
                    358.7843662989394,
                    592.2078514999882
                ],
                [
                    372.9182934295345,
                    600.1090573656713
                ]
            ],
            "tags": [
                "mirror ball"
            ],
            "type": "region"
        }
    ],
    "size": [
        2592,
        1728
    ]
}