{
    "objects": [
        {
            "data": [
                [
                    236.0,
                    672.0
                ],
                [
                    250.68966417584215,
                    666.7274994201182
                ],
                [
                    262.24344562831175,
                    656.2348529421097
                ],
                [
                    268.90238586655823,
                    642.1194708761739
                ],
                [
                    269.65272160275345,
                    626.5302921855928
                ],
                [
                    264.38022102287186,
                    611.8406280097504
                ],
                [
                    253.88757454486313,
                    600.2868465572815
                ],
                [
                    239.77219247892754,
                    593.6279063190343
                ],
                [
                    224.18301378834622,
                    592.8775705828393
                ],
                [
                    209.49334961250406,
                    598.1500711627211
                ],
                [
                    197.93956816003447,
                    608.6427176407296
                ],
                [
                    191.28062792178798,
                    622.7580997066655
                ],
                [
                    190.53029218559277,
                    638.3472783972466
                ],
                [
                    195.80279276547435,
                    653.0369425730889
                ],
                [
                    206.2954392434831,
                    664.5907240255578
                ],
                [
                    220.41082130941868,
                    671.249664263805
                ]
            ],
            "tags": [
                "mirror ball"
            ],
            "type": "region"
        }
    ],
    "size": [
        2592,
        1728
    ]
}