{
    "objects": [
        {
            "data": [
                [
                    324.0,
                    562.0
                ],
                [
                    339.17103462056184,
                    558.3359579006792
                ],
                [
                    351.78507478662095,
                    549.1451207977304
                ],
                [
                    359.9217472294531,
                    535.8267103249327
                ],
                [
                    362.34231732875696,
                    520.408333745077
                ],
                [
                    358.6782752294357,
                    505.2372991245152
                ],
                [
                    349.48743812648763,
                    492.6232589584563
                ],
                [
                    336.1690276536892,
                    484.4865865156239
                ],
                [
                    320.750651073834,
                    482.06601641632005
                ],
                [
                    305.57961645327214,
                    485.73005851564085
                ],
                [
                    292.965576287213,
                    494.9208956185896
                ],
                [
                    284.8289038443809,
                    508.23930609138733
                ],
                [
                    282.408333745077,
                    523.657682671243
                ],
                [
                    286.07237584439827,
                    538.8287172918049
                ],
                [
                    295.26321294734635,
                    551.4427574578638
                ],
                [
                    308.58162342014475,
                    559.5794299006961
                ]
            ],
            "tags": [
                "mirror ball"
            ],
            "type": "region"
        }
    ],
    "size": [
        2592,
        1728
    ]
}