{
    "objects": [
        {
            "data": [
                [
                    360.0,
                    536.0
                ],
                [
                    371.5367792393249,
                    525.780575183426
                ],
                [
                    378.28456888403525,
                    511.9241234836122
                ],
                [
                    379.2160791295887,
                    496.54016406280766
                ],
                [
                    374.18949598526115,
                    481.9707652868906
                ],
                [
                    363.9700711686869,
                    470.43398604756544
                ],
                [
                    350.11361946887337,
                    463.68619640285533
                ],
                [
                    334.72966004806904,
                    462.7546861573021
                ],
                [
                    320.16026127215173,
                    467.78126930162944
                ],
                [
                    308.6234820328268,
                    478.00069411820346
                ],
                [
                    301.8756923881165,
                    491.8571458180172
                ],
                [
                    300.944182142563,
                    507.2411052388218
                ],
                [
                    305.9707652868906,
                    521.8105040147389
                ],
                [
                    316.19019010346483,
                    533.347283254064
                ],
                [
                    330.04664180327836,
                    540.0950728987741
                ],
                [
                    345.4306012240827,
                    541.0265831443273
                ]
            ],
            "tags": [
                "mirror ball"
            ],
            "type": "region"
        }
    ],
    "size": [
        2592,
        1728
    ]
}