{
    "objects": [
        {
            "data": [
                [
                    361.0,
                    534.0
                ],
                [
                    372.2788109334192,
                    523.4965556731747
                ],
                [
                    378.67957937922483,
                    509.47642435775174
                ],
                [
                    379.2278463646526,
                    494.0740439536967
                ],
                [
                    373.84014321122504,
                    479.6342872546011
                ],
                [
                    363.3366988844,
                    468.35547632118187
                ],
                [
                    349.31656756897655,
                    461.95470787537647
                ],
                [
                    333.91418716492126,
                    461.40644088994827
                ],
                [
                    319.4744304658261,
                    466.79414404337604
                ],
                [
                    308.1956195324069,
                    477.2975883702013
                ],
                [
                    301.7948510866013,
                    491.3177196856243
                ],
                [
                    301.24658410117354,
                    506.72010008967936
                ],
                [
                    306.6342872546011,
                    521.159856788775
                ],
                [
                    317.1377315814261,
                    532.4386677221942
                ],
                [
                    331.15786289684957,
                    538.8394361679996
                ],
                [
                    346.56024330090486,
                    539.3877031534278
                ]
            ],
            "tags": [
                "mirror ball"
            ],
            "type": "region"
        }
    ],
    "size": [
        2592,
        1728
    ]
}