{
  "objects": [
    {
      "data": [
        [
          280.0,
          321.0
        ],
        [
          298.710740810111,
          313.6727086770941
        ],
        [
          313.1931782893075,
          299.74288367980716
        ],
        [
          321.24249261500427,
          281.3312145897977
        ],
        [
          321.6332486483311,
          261.2407111238241
        ],
        [
          314.30595732542497,
          242.5299703137133
        ],
        [
          300.3761323281383,
          228.0475328345168
        ],
        [
          281.9644632381287,
          219.9982185088196
        ],
        [
          261.8739597721551,
          219.6074624754931
        ],
        [
          243.16321896204408,
          226.9347537983989
        ],
        [
          228.68078148284758,
          240.86457879568604
        ],
        [
          220.63146715715084,
          259.2762478856953
        ],
        [
          220.24071112382398,
          279.366751351669
        ],
        [
          227.56800244673013,
          298.0774921617799
        ],
        [
          241.49782744401682,
          312.5599296409764
        ],
        [
          259.9094965340264,
          320.6092439666736
        ]
      ],
      "tags": [
        "mirror ball"
      ],
      "type": "region"
    }
  ],
  "size": [
    700,
    1000
  ]
}