{
    "objects": [
        {
            "data": [
                [
                    340.0,
                    472.0
                ],
                [
                    357.16348065866487,
                    466.11800260671816
                ],
                [
                    370.7695261942349,
                    454.1155659149904
                ],
                [
                    378.7467395130302,
                    437.8199521087729
                ],
                [
                    379.8806622008815,
                    419.71202066995534
                ],
                [
                    373.99866480759965,
                    402.54854001129047
                ],
                [
                    361.9962281158719,
                    388.9424944757202
                ],
                [
                    345.7006143096546,
                    380.96528115692536
                ],
                [
                    327.59268287083705,
                    379.8313584690736
                ],
                [
                    310.4292022121722,
                    385.71335586235546
                ],
                [
                    296.82315667660214,
                    397.71579255408324
                ],
                [
                    288.84594335780685,
                    414.0114063603007
                ],
                [
                    287.71202066995556,
                    432.1193377991183
                ],
                [
                    293.5940180632374,
                    449.28281845778315
                ],
                [
                    305.5964547549652,
                    462.8888639933534
                ],
                [
                    321.89206856118244,
                    470.86607731214826
                ]
            ],
            "tags": [
                "mirror ball"
            ],
            "type": "region"
        }
    ],
    "size": [
        2592,
        1728
    ]
}