{
  "objects": [
    {
      "data": [
        [
          274.0,
          307.0
        ],
        [
          293.25533446020245,
          300.01099636162076
        ],
        [
          308.3703679584951,
          286.1853014649073
        ],
        [
          317.0439736628841,
          267.62775202764783
        ],
        [
          317.95567373130643,
          247.16356672706058
        ],
        [
          310.9666700929274,
          227.90823226685825
        ],
        [
          297.14097519621373,
          212.79319876856516
        ],
        [
          278.5834257589545,
          204.11959306417657
        ],
        [
          258.11924045836713,
          203.20789299575404
        ],
        [
          238.86390599816468,
          210.19689663413328
        ],
        [
          223.74887249987205,
          224.02259153084674
        ],
        [
          215.075266795483,
          242.5801409681062
        ],
        [
          214.1635667270607,
          263.04432626869345
        ],
        [
          221.15257036543971,
          282.2996607288958
        ],
        [
          234.9782652621534,
          297.4146942271889
        ],
        [
          253.53581469941264,
          306.08829993157747
        ]
      ],
      "tags": [
        "mirror ball"
      ],
      "type": "region"
    }
  ],
  "size": [
    700,
    1000
  ]
}