{
    "objects": [
        {
            "data": [
                [
                    272.0,
                    475.0
                ],
                [
                    284.84911962187834,
                    469.325109985788
                ],
                [
                    294.54847186238794,
                    459.16505005263434
                ],
                [
                    299.62141826775814,
                    446.06659722419
                ],
                [
                    299.29564873414483,
                    432.0238722058143
                ],
                [
                    293.62075871993284,
                    419.17475258393597
                ],
                [
                    283.46069878677963,
                    409.4754003434264
                ],
                [
                    270.3622459583348,
                    404.40245393805617
                ],
                [
                    256.31952093995915,
                    404.7282234716695
                ],
                [
                    243.4704013180808,
                    410.4031134858815
                ],
                [
                    233.7710490775712,
                    420.56317341903514
                ],
                [
                    228.698102672201,
                    433.6616262474795
                ],
                [
                    229.0238722058143,
                    447.70435126585517
                ],
                [
                    234.6987622200263,
                    460.5534708877335
                ],
                [
                    244.85882215317952,
                    470.25282312824334
                ],
                [
                    257.9572749816243,
                    475.3257695336133
                ]
            ],
            "tags": [
                "mirror ball"
            ],
            "type": "region"
        }
    ],
    "size": [
        2592,
        1728
    ]
}