{
  "objects": [
    {
      "data": [
        [
          528.0,
          166.0
        ],
        [
          543.879358628516,
          157.22338725920326
        ],
        [
          555.1913087666212,
          143.03808691948666
        ],
        [
          560.2137085488725,
          125.60368236750412
        ],
        [
          558.1819431365889,
          107.57440365302443
        ],
        [
          549.4053303957921,
          91.69504502450843
        ],
        [
          535.2200300560758,
          80.38309488640334
        ],
        [
          517.7856255040929,
          75.36069510415223
        ],
        [
          499.7563467896134,
          77.39246051643545
        ],
        [
          483.8769881610974,
          86.16907325723218
        ],
        [
          472.5650380229922,
          100.35437359694879
        ],
        [
          467.54263824074087,
          117.78877814893133
        ],
        [
          469.57440365302455,
          135.81805686341102
        ],
        [
          478.3510163938213,
          151.69741549192702
        ],
        [
          492.53631673353766,
          163.0093656300321
        ],
        [
          509.97072128552054,
          168.03176541228322
        ]
      ],
      "tags": [
        "mirror ball"
      ],
      "type": "region"
    }
  ],
  "size": [
    700,
    1000
  ]
}