{
  "objects": [
    {
      "data": [
        [
          269.70710678118655,
          321.3431457505076
        ],
        [
          287.7519321628689,
          315.2010758671072
        ],
        [
          300.00964835592384,
          301.48043521725265
        ],
        [
          306.30484714000477,
          283.08482434065036
        ],
        [
          305.3561897738648,
          262.2153520529454
        ],
        [
          302.0425470152104,
          247.70606057719564
        ],
        [
          288.32190636535586,
          232.6199172593948
        ],
        [
          270.63340226994035,
          225.61761169412728
        ],
        [
          250.4710367634216,
          225.15205549789414
        ],
        [
          233.13331816292575,
          230.58701860010797
        ],
        [
          219.46138840749776,
          242.18633890640288
        ],
        [
          209.63065571748407,
          260.5819497830052
        ],
        [
          208.45799274006438,
          280.03720850833713
        ],
        [
          218.1355965293977,
          299.4962474523926
        ],
        [
          231.1491303980657,
          312.4610704266338
        ],
        [
          250.95895483704086,
          321.584696335461
        ]
      ],
      "tags": [
        "mirror ball"
      ],
      "type": "region"
    }
  ],
  "size": [
    700,
    1000
  ]
}