{
    "objects": [
        {
            "data": [
                [
                    266.0,
                    485.0
                ],
                [
                    278.42859601964255,
                    478.4552117901894
                ],
                [
                    287.4065394838085,
                    467.6523981342484
                ],
                [
                    291.5670198853386,
                    454.2361894835442
                ],
                [
                    290.2766417979492,
                    440.24908198691264
                ],
                [
                    283.7318535881386,
                    427.8204859672703
                ],
                [
                    272.9290399321976,
                    418.8425425031046
                ],
                [
                    259.5128312814936,
                    414.68206210157405
                ],
                [
                    245.52572378486184,
                    415.97244018896345
                ],
                [
                    233.09712776521928,
                    422.517228398774
                ],
                [
                    224.11918430105334,
                    433.32004205471503
                ],
                [
                    219.95870389952324,
                    446.73625070541925
                ],
                [
                    221.24908198691264,
                    460.7233582020508
                ],
                [
                    227.79387019672322,
                    473.15195422169313
                ],
                [
                    238.59668385266423,
                    482.12989768585885
                ],
                [
                    252.01289250336822,
                    486.2903780873894
                ]
            ],
            "tags": [
                "mirror ball"
            ],
            "type": "region"
        }
    ],
    "size": [
        2592,
        1728
    ]
}