{
  "objects": [
    {
      "data": [
        [
          292.0,
          274.0
        ],
        [
          311.371461336068,
          266.76181845649035
        ],
        [
          326.4984258221439,
          252.66147336182667
        ],
        [
          335.0779502414953,
          233.84561443672476
        ],
        [
          335.80387977486,
          213.17878563634565
        ],
        [
          328.5656982313503,
          193.8073243002774
        ],
        [
          314.46535313668664,
          178.68035981420212
        ],
        [
          295.6494942115851,
          170.10083539485026
        ],
        [
          274.98266541120574,
          169.37490586148556
        ],
        [
          255.61120407513772,
          176.6130874049952
        ],
        [
          240.48423958906187,
          190.7134324996589
        ],
        [
          231.90471516971047,
          209.5292914247608
        ],
        [
          231.17878563634576,
          230.1961202251399
        ],
        [
          238.41696717985542,
          249.56758156120816
        ],
        [
          252.5173122745191,
          264.69454604728344
        ],
        [
          271.33317119962066,
          273.2740704666353
        ]
      ],
      "tags": [
        "mirror ball"
      ],
      "type": "region"
    }
  ],
  "size": [
    700,
    1000
  ]
}