{
  "objects": [
    {
      "data": [
        [
          269.70710678118655,
          311.22182540694797
        ],
        [
          285.5452588591669,
          304.68504475178446
        ],
        [
          298.3340020063116,
          291.6101068936455
        ],
        [
          303.0826376889742,
          274.2028537918196
        ],
        [
          302.8802674680903,
          253.2073627853514
        ],
        [
          297.75770037529963,
          236.6621039261846
        ],
        [
          283.97565573597427,
          225.2875743414129
        ],
        [
          266.56840263414847,
          219.8318318775642
        ],
        [
          245.57291162768016,
          220.74130887963437
        ],
        [
          229.02765276851324,
          225.15676919123837
        ],
        [
          214.8246960589954,
          239.64592061175028
        ],
        [
          209.3689535951467,
          257.7602804947626
        ],
        [
          209.57132381603023,
          277.3415579388578
        ],
        [
          220.35074515831374,
          293.8868167980246
        ],
        [
          234.83989657882518,
          306.6755599451693
        ],
        [
          253.66136324302403,
          312.83840919020486
        ]
      ],
      "tags": [
        "mirror ball"
      ],
      "type": "region"
    }
  ],
  "size": [
    700,
    1000
  ]
}