{
    "objects": [
        {
            "data": [
                [
                    254.0,
                    468.0
                ],
                [
                    269.0,
                    457.0
                ],
                [
                    273.76256313292356,
                    440.0
                ],
                [
                    263.45926227402447,
                    424.4142135623731
                ],
                [
                    260.5251262658471,
                    404.93933982822017
                ],
                [
                    248.0,
                    396.0
                ],
                [
                    236.18198051533946,
                    398.7123106012294
                ],
                [
                    231.78189911667968,
                    405.1406563273158
                ],
                [
                    231.0747923354931,
                    416.98469491219043
                ],
                [
                    231.9586758119763,
                    424.4093161146492
                ],
                [
                    223.29661774244113,
                    423.52543263816597
                ],
                [
                    215.1648897587958,
                    429.7126169735483
                ],
                [
                    213.76776695296635,
                    444.7019029611437
                ],
                [
                    223.41941738241593,
                    457.4644660940673
                ],
                [
                    236.35355339059328,
                    462.21662158690515
                ]
            ],
            "tags": [
                "mirror ball"
            ],
            "type": "region"
        }
    ],
    "size": [
        2592,
        1728
    ]
}