{
    "objects": [
        {
            "data": [
                [
                    301.0,
                    471.0
                ],
                [
                    317.0612471586069,
                    462.1492053986508
                ],
                [
                    328.5128522178461,
                    447.8257642292831
                ],
                [
                    333.6114121165074,
                    430.21029056761563
                ],
                [
                    331.5807173285789,
                    411.9845805939708
                ],
                [
                    322.7299227272297,
                    395.92333343536393
                ],
                [
                    308.40648155786175,
                    384.4717283761245
                ],
                [
                    290.7910078961945,
                    379.3731684774639
                ],
                [
                    272.5652979225497,
                    381.4038632653919
                ],
                [
                    256.5040507639428,
                    390.2546578667411
                ],
                [
                    245.0524457047036,
                    404.5780990361088
                ],
                [
                    239.9538858060423,
                    422.1935726977763
                ],
                [
                    241.9845805939708,
                    440.4192826714211
                ],
                [
                    250.83537519532,
                    456.480529830028
                ],
                [
                    265.15881636468794,
                    467.93213488926745
                ],
                [
                    282.7742900263552,
                    473.03069478792804
                ]
            ],
            "tags": [
                "mirror ball"
            ],
            "type": "region"
        }
    ],
    "size": [
        2592,
        1728
    ]
}