{
    "objects": [
        {
            "data": [
                [
                    307.0,
                    415.0
                ],
                [
                    319.0978909617479,
                    407.86240334507465
                ],
                [
                    327.5434448211158,
                    396.63846144664785
                ],
                [
                    331.0509025621509,
                    383.03691771346826
                ],
                [
                    329.08628553896506,
                    369.1284838806116
                ],
                [
                    321.9486888840397,
                    357.0305929188637
                ],
                [
                    310.72474698561246,
                    348.585039059496
                ],
                [
                    297.1232032524331,
                    345.0775813184605
                ],
                [
                    283.21476941957644,
                    347.0421983416468
                ],
                [
                    271.11687845782853,
                    354.1797949965721
                ],
                [
                    262.6713245984606,
                    365.40373689499893
                ],
                [
                    259.16386685742555,
                    379.0052806281785
                ],
                [
                    261.1284838806114,
                    392.91371446103517
                ],
                [
                    268.26608053553673,
                    405.0116054227831
                ],
                [
                    279.490022433964,
                    413.45715928215077
                ],
                [
                    293.09156616714336,
                    416.9646170231863
                ]
            ],
            "tags": [
                "mirror ball"
            ],
            "type": "region"
        }
    ],
    "size": [
        2592,
        1728
    ]
}