{
  "objects": [
    {
      "data": [
        [
          303.0,
          506.0
        ],
        [
          316.07161245544967,
          500.85828826699935
        ],
        [
          326.18055976574215,
          491.10567651380893
        ],
        [
          331.7878463407219,
          478.22691147220667
        ],
        [
          332.0398136295271,
          464.1826683734805
        ],
        [
          326.89810189652644,
          451.11105591803107
        ],
        [
          317.14549014333625,
          441.0021086077379
        ],
        [
          304.2667251017342,
          435.3948220327584
        ],
        [
          290.2224820030078,
          435.1428547439532
        ],
        [
          277.15086954755816,
          440.28456647695384
        ],
        [
          267.0419222372657,
          450.03717823014426
        ],
        [
          261.4346356622859,
          462.9159432717465
        ],
        [
          261.18266837348074,
          476.9601863704727
        ],
        [
          266.3243801064814,
          490.0317988259221
        ],
        [
          276.0769918596716,
          500.1407461362153
        ],
        [
          288.9557569012736,
          505.7480327111948
        ]
      ],
      "tags": [
        "mirror ball"
      ],
      "type": "region"
    }
  ],
  "size": [
    700,
    1000
  ]
}