{
    "objects": [
        {
            "data": [
                [
                    308.0,
                    578.0
                ],
                [
                    323.70523659172477,
                    578.0866281952681
                ],
                [
                    335.7935211451995,
                    568.8436936691076
                ],
                [
                    343.4245219177301,
                    555.6783494157162
                ],
                [
                    345.43648821689294,
                    540.5948997535304
                ],
                [
                    341.52311641216147,
                    525.8896631618059
                ],
                [
                    332.2801818860007,
                    513.8013786083313
                ],
                [
                    318.1148376326096,
                    507.17037783580054
                ],
                [
                    304.03138797042357,
                    508.15841153663723
                ],
                [
                    289.3261513786988,
                    511.07178334136916
                ],
                [
                    278.23786682522405,
                    518.3147178675297
                ],
                [
                    271.6068660526935,
                    531.480062120921
                ],
                [
                    270.5948997535306,
                    544.5635117831068
                ],
                [
                    275.5082715582621,
                    557.2687483748314
                ],
                [
                    282.75120608442285,
                    567.3570329283059
                ],
                [
                    295.916550337814,
                    574.9880337008367
                ]
            ],
            "tags": [
                "mirror ball"
            ],
            "type": "region"
        }
    ],
    "size": [
        2592,
        1728
    ]
}