{
    "objects": [
        {
            "data": [
                [
                    316.0,
                    536.0
                ],
                [
                    331.78015849551,
                    531.5796372143488
                ],
                [
                    344.66752434618365,
                    521.4569492940843
                ],
                [
                    352.7001129255186,
                    507.17302371267215
                ],
                [
                    354.6550354379078,
                    490.9024586557746
                ],
                [
                    350.23467265225645,
                    475.1223001602648
                ],
                [
                    340.1119847319919,
                    462.2349343095909
                ],
                [
                    323.8280591505795,
                    455.20234573025596
                ],
                [
                    307.5574940936822,
                    459.247423217867
                ],
                [
                    293.77733559817216,
                    457.66778600351813
                ],
                [
                    280.8899697474985,
                    466.79047392378266
                ],
                [
                    272.85738116816356,
                    481.07439950519483
                ],
                [
                    270.90245865577435,
                    497.3449645620924
                ],
                [
                    275.32282144142573,
                    513.1251230576022
                ],
                [
                    285.44550936169026,
                    526.012488908276
                ],
                [
                    299.72943494310266,
                    534.045077487611
                ]
            ],
            "tags": [
                "mirror ball"
            ],
            "type": "region"
        }
    ],
    "size": [
        2592,
        1728
    ]
}