{
    "objects": [
        {
            "data": [
                [
                    314.0,
                    636.0
                ],
                [
                    329.5032262492232,
                    632.3259304529915
                ],
                [
                    341.0376506914099,
                    623.0748254311907
                ],
                [
                    346.69502083007774,
                    608.8073227476684
                ],
                [
                    349.3095714758474,
                    593.6955203507571
                ],
                [
                    344.6355019288385,
                    578.1922941015341
                ],
                [
                    336.3843969070376,
                    564.6578696593474
                ],
                [
                    321.1168942235154,
                    559.0004995206796
                ],
                [
                    305.00509182660426,
                    558.3859488749099
                ],
                [
                    290.50186557738107,
                    563.0600184219184
                ],
                [
                    279.96744113519435,
                    571.3111234437192
                ],
                [
                    271.3100709965265,
                    584.5786261272415
                ],
                [
                    271.69552035075685,
                    598.6904285241528
                ],
                [
                    276.36958989776576,
                    615.1936547733758
                ],
                [
                    283.62069491956663,
                    625.7280792155625
                ],
                [
                    297.8881976030889,
                    633.3854493542303
                ]
            ],
            "tags": [
                "mirror ball"
            ],
            "type": "region"
        }
    ],
    "size": [
        2592,
        1728
    ]
}