{
    "objects": [
        {
            "data": [
                [
                    312.0,
                    484.0
                ],
                [
                    327.59229946580126,
                    479.63226058084456
                ],
                [
                    340.3262442944433,
                    469.6300808501071
                ],
                [
                    348.263206819262,
                    455.51620200180696
                ],
                [
                    350.1948564445988,
                    439.43933414796766
                ],
                [
                    345.8271170254434,
                    423.8470346821664
                ],
                [
                    335.8249372947057,
                    411.11308985352457
                ],
                [
                    321.71105844640533,
                    403.17612732870566
                ],
                [
                    305.6341905925665,
                    401.24447770336883
                ],
                [
                    290.0418911267652,
                    405.61221712252427
                ],
                [
                    277.30794629812317,
                    415.6143968532617
                ],
                [
                    269.3709837733045,
                    429.72827570156187
                ],
                [
                    267.43933414796766,
                    445.8051435554012
                ],
                [
                    271.8070735671231,
                    461.39744302120243
                ],
                [
                    281.8092532978608,
                    474.13138784984426
                ],
                [
                    295.92313214616115,
                    482.06835037466317
                ]
            ],
            "tags": [
                "mirror ball"
            ],
            "type": "region"
        }
    ],
    "size": [
        2592,
        1728
    ]
}