{
    "objects": [
        {
            "data": [
                [
                    300.0,
                    551.0
                ],
                [
                    315.3357234817804,
                    547.1883364672242
                ],
                [
                    328.04542403910636,
                    537.7980912446635
                ],
                [
                    336.19416497584825,
                    524.2588440446675
                ],
                [
                    338.5413743529066,
                    508.63182251985427
                ],
                [
                    334.729710820131,
                    493.29609903807386
                ],
                [
                    325.33946559756987,
                    480.5863984807477
                ],
                [
                    311.8002183975741,
                    472.43765754400624
                ],
                [
                    296.17319687276085,
                    470.0904481669477
                ],
                [
                    280.83747339098045,
                    473.9021116997235
                ],
                [
                    268.1277728336545,
                    483.29235692228417
                ],
                [
                    259.9790318969126,
                    496.83160412228017
                ],
                [
                    257.63182251985427,
                    512.4586256470934
                ],
                [
                    261.44348605262985,
                    527.7943491288738
                ],
                [
                    270.833731275191,
                    540.5040496862
                ],
                [
                    284.37297847518676,
                    548.6527906229414
                ]
            ],
            "tags": [
                "mirror ball"
            ],
            "type": "region"
        }
    ],
    "size": [
        2592,
        1728
    ]
}