{
    "objects": [
        {
            "data": [
                [
                    314.0,
                    465.0
                ],
                [
                    294.5,
                    467.5
                ],
                [
                    283.5,
                    477.5
                ],
                [
                    280.0,
                    497.5
                ],
                [
                    281.5,
                    515.0
                ],
                [
                    284.5,
                    530.5
                ],
                [
                    304.5,
                    544.0
                ],
                [
                    321.0,
                    544.0
                ],
                [
                    342.0,
                    539.5
                ],
                [
                    354.5,
                    522.5
                ],
                [
                    354.0,
                    499.0
                ],
                [
                    347.49999999999994,
                    482.49999999999994
                ],
                [
                    339.0,
                    471.0
                ]
            ],
            "tags": [
                "mirror ball"
            ],
            "type": "region"
        }
    ],
    "size": [
        2592,
        1728
    ]
}