{
    "objects": [
        {
            "data": [
                [
                    324.0,
                    559.0
                ],
                [
                    339.4097308884593,
                    555.4995160988822
                ],
                [
                    352.3068886635956,
                    546.3684419605361
                ],
                [
                    360.72799796717027,
                    532.9969008491321
                ],
                [
                    363.39102124526016,
                    517.4205886855589
                ],
                [
                    359.8905373441421,
                    502.01085779709956
                ],
                [
                    350.75946320579624,
                    489.11370002196327
                ],
                [
                    337.3879220943918,
                    480.69259071838883
                ],
                [
                    321.81160993081903,
                    478.0295674402987
                ],
                [
                    306.4018790423597,
                    481.53005134141654
                ],
                [
                    293.50472126722343,
                    490.66112547976263
                ],
                [
                    285.08361196364876,
                    504.0326665911666
                ],
                [
                    282.42058868555887,
                    519.6089787547398
                ],
                [
                    285.9210725866769,
                    535.0187096431991
                ],
                [
                    295.0521467250228,
                    547.9158674183354
                ],
                [
                    308.42368783642723,
                    556.3369767219099
                ]
            ],
            "tags": [
                "mirror ball"
            ],
            "type": "region"
        }
    ],
    "size": [
        2592,
        1728
    ]
}