{
    "objects": [
        {
            "data": [
                [
                    260.0,
                    534.0
                ],
                [
                    275.20117425641365,
                    529.6828835059887
                ],
                [
                    287.593139064204,
                    519.8771503972803
                ],
                [
                    295.28933011482513,
                    506.0756346504843
                ],
                [
                    297.1180720869652,
                    490.3794919269976
                ],
                [
                    292.80095559295387,
                    475.17831767058397
                ],
                [
                    282.9952224842459,
                    462.7863528627936
                ],
                [
                    269.19370673744925,
                    455.09016181217294
                ],
                [
                    253.4975640139628,
                    453.26141984003243
                ],
                [
                    238.29638975754915,
                    457.57853633404375
                ],
                [
                    225.90442494975878,
                    467.38426944275216
                ],
                [
                    218.20823389913767,
                    481.18578518954814
                ],
                [
                    216.37949192699762,
                    496.8819279130348
                ],
                [
                    220.69660842100893,
                    512.0831021694487
                ],
                [
                    230.50234152971734,
                    524.4750669772386
                ],
                [
                    244.30385727651355,
                    532.1712580278595
                ]
            ],
            "tags": [
                "mirror ball"
            ],
            "type": "region"
        }
    ],
    "size": [
        2592,
        1728
    ]
}