{
    "objects": [
        {
            "data": [
                [
                    298.0,
                    556.0
                ],
                [
                    313.7168378883998,
                    552.104110235822
                ],
                [
                    326.74641026221934,
                    542.4902039527194
                ],
                [
                    335.10508284091065,
                    528.6219112320166
                ],
                [
                    337.52032349592537,
                    512.6105539240543
                ],
                [
                    333.62443373174756,
                    496.8937160356543
                ],
                [
                    324.01052744864455,
                    483.8641436618352
                ],
                [
                    310.1422347279422,
                    475.50547108314345
                ],
                [
                    294.1308774199797,
                    473.09023042812896
                ],
                [
                    278.4140395315799,
                    476.986120192307
                ],
                [
                    265.38446715776035,
                    486.60002647540955
                ],
                [
                    257.02579457906904,
                    500.46831919611236
                ],
                [
                    254.61055392405433,
                    516.4796765040746
                ],
                [
                    258.50644368823214,
                    532.1965143924747
                ],
                [
                    268.12034997133514,
                    545.2260867662937
                ],
                [
                    281.9886426920375,
                    553.5847593449857
                ]
            ],
            "tags": [
                "mirror ball"
            ],
            "type": "region"
        }
    ],
    "size": [
        2592,
        1728
    ]
}