{
    "objects": [
        {
            "data": [
                [
                    340.0,
                    584.0
                ],
                [
                    356.21916039375674,
                    580.5468818548204
                ],
                [
                    369.88225961190665,
                    571.1498127075829
                ],
                [
                    378.9092146547896,
                    557.2394111513106
                ],
                [
                    381.92575344667785,
                    540.9334097248413
                ],
                [
                    378.47263530149803,
                    524.7142493310846
                ],
                [
                    369.0755661542603,
                    511.05115011293447
                ],
                [
                    355.16516459798777,
                    502.02419507005175
                ],
                [
                    338.85916317151896,
                    499.0076562781637
                ],
                [
                    322.6400027777622,
                    502.4607744233433
                ],
                [
                    308.9769035596123,
                    511.8578435705808
                ],
                [
                    299.94994851672936,
                    525.7682451268531
                ],
                [
                    296.9334097248411,
                    542.0742465533224
                ],
                [
                    300.3865278700209,
                    558.2934069470791
                ],
                [
                    309.78359701725867,
                    571.9565061652293
                ],
                [
                    323.6939985735312,
                    580.983461208112
                ]
            ],
            "tags": [
                "mirror ball"
            ],
            "type": "region"
        }
    ],
    "size": [
        2592,
        1728
    ]
}