{
    "objects": [
        {
            "data": [
                [
                    303.0,
                    602.0
                ],
                [
                    318.3889448612331,
                    598.4092382904676
                ],
                [
                    331.23235102966237,
                    589.2027128009311
                ],
                [
                    339.57492634191067,
                    575.7820335798119
                ],
                [
                    342.14658933232204,
                    560.1903773797646
                ],
                [
                    338.5558276227898,
                    544.8014325185313
                ],
                [
                    329.3493021332538,
                    531.9580263501023
                ],
                [
                    315.92862291213396,
                    523.615451037854
                ],
                [
                    300.3369667120869,
                    521.0437880474424
                ],
                [
                    284.9480218508538,
                    524.6345497569748
                ],
                [
                    272.10461568242454,
                    533.8410752465113
                ],
                [
                    263.76204037017624,
                    547.2617544676305
                ],
                [
                    261.19037737976487,
                    562.8534106676777
                ],
                [
                    264.7811390892971,
                    578.242355528911
                ],
                [
                    273.9876645788331,
                    591.0857616973401
                ],
                [
                    287.40834379995295,
                    599.4283370095884
                ]
            ],
            "tags": [
                "mirror ball"
            ],
            "type": "region"
        }
    ],
    "size": [
        2592,
        1728
    ]
}