{
    "objects": [
        {
            "data": [
                [
                    291.0,
                    606.0
                ],
                [
                    305.958144456612,
                    601.545854697139
                ],
                [
                    318.073140351672,
                    591.7065269545253
                ],
                [
                    325.5005893828675,
                    577.9799652272434
                ],
                [
                    327.10972976519224,
                    562.4559141066804
                ],
                [
                    322.6555844623308,
                    547.497769650068
                ],
                [
                    312.8162567197169,
                    535.3827737550084
                ],
                [
                    299.0896949924354,
                    527.9553247238132
                ],
                [
                    283.56564387187245,
                    526.3461843414884
                ],
                [
                    268.60749941526046,
                    530.8003296443494
                ],
                [
                    256.49250352020044,
                    540.6396573869631
                ],
                [
                    249.06505448900498,
                    554.366219114245
                ],
                [
                    247.4559141066802,
                    569.890270234808
                ],
                [
                    251.91005940954165,
                    584.8484146914204
                ],
                [
                    261.7493871521556,
                    596.96341058648
                ],
                [
                    275.47594887943706,
                    604.3908596176752
                ]
            ],
            "tags": [
                "mirror ball"
            ],
            "type": "region"
        }
    ],
    "size": [
        2592,
        1728
    ]
}