{
    "objects": [
        {
            "data": [
                [
                    171.0,
                    611.0
                ],
                [
                    186.24596419925638,
                    607.6614267120706
                ],
                [
                    199.05378179132185,
                    598.742609274077
                ],
                [
                    207.47357865096046,
                    585.6013567916723
                ],
                [
                    210.22351703194,
                    570.2383058295525
                ],
                [
                    206.8849437440108,
                    554.9923416302961
                ],
                [
                    197.96612630601703,
                    542.1845240382304
                ],
                [
                    184.8248738236125,
                    533.764727178592
                ],
                [
                    169.4618228614927,
                    531.0147887976123
                ],
                [
                    154.21585866223631,
                    534.3533620855417
                ],
                [
                    141.4080410701706,
                    543.2721795235352
                ],
                [
                    132.98824421053223,
                    556.41343200594
                ],
                [
                    130.23830582955247,
                    571.7764829680598
                ],
                [
                    133.5768791174819,
                    587.0224471673162
                ],
                [
                    142.49569655547543,
                    599.8302647593819
                ],
                [
                    155.63694903788019,
                    608.2500616190202
                ]
            ],
            "tags": [
                "mirror ball"
            ],
            "type": "region"
        }
    ],
    "size": [
        2592,
        1728
    ]
}