{
    "objects": [
        {
            "data": [
                [
                    198.0,
                    558.0
                ],
                [
                    213.97778833843995,
                    555.3718390313952
                ],
                [
                    227.73358629884797,
                    546.8293000213991
                ],
                [
                    237.17319833837155,
                    533.672907095975
                ],
                [
                    240.85952909428943,
                    517.9056018150195
                ],
                [
                    238.23136812568464,
                    501.92781347658
                ],
                [
                    229.6888291156888,
                    488.17201551617177
                ],
                [
                    216.53243619026443,
                    478.73240347664796
                ],
                [
                    199.76513090930894,
                    481.0460727207301
                ],
                [
                    184.787342570869,
                    477.67423368933487
                ],
                [
                    171.03154461046097,
                    486.21677269933093
                ],
                [
                    161.5919325709374,
                    499.3731656247551
                ],
                [
                    157.9056018150195,
                    515.1404709057106
                ],
                [
                    160.5337627836243,
                    531.1182592441501
                ],
                [
                    169.07630179362013,
                    544.8740572045583
                ],
                [
                    182.23269471904496,
                    554.3136692440821
                ]
            ],
            "tags": [
                "mirror ball"
            ],
            "type": "region"
        }
    ],
    "size": [
        2592,
        1728
    ]
}