{
    "objects": [
        {
            "data": [
                [
                    343.0,
                    598.0
                ],
                [
                    360.096786486969,
                    597.0151971697562
                ],
                [
                    373.4433600371076,
                    587.1737458909197
                ],
                [
                    382.00782581439853,
                    572.9739179077153
                ],
                [
                    384.4863215413243,
                    556.5775083088249
                ],
                [
                    380.5015187110803,
                    540.4807218218564
                ],
                [
                    370.6600674322435,
                    527.1341482717175
                ],
                [
                    356.46023944903936,
                    518.5696824944268
                ],
                [
                    340.063829850149,
                    516.0911867675009
                ],
                [
                    323.96704336318,
                    520.0759895977446
                ],
                [
                    310.6204698130414,
                    529.9174408765812
                ],
                [
                    304.05600403575045,
                    544.1172688597853
                ],
                [
                    304.5775083088247,
                    559.5136784586759
                ],
                [
                    308.5623111390687,
                    574.6104649456445
                ],
                [
                    318.40376241790545,
                    586.9570384957833
                ],
                [
                    329.6035904011096,
                    595.521504273074
                ]
            ],
            "tags": [
                "mirror ball"
            ],
            "type": "region"
        }
    ],
    "size": [
        2592,
        1728
    ]
}