{
    "objects": [
        {
            "data": [
                [
                    356.0,
                    562.0
                ],
                [
                    372.1507688530837,
                    559.2240902834494
                ],
                [
                    386.00983897250353,
                    550.478852452196
                ],
                [
                    395.46729256536037,
                    537.0956696902692
                ],
                [
                    399.083318054174,
                    521.1120102543193
                ],
                [
                    396.3074083376232,
                    504.9612414012356
                ],
                [
                    387.5621705063695,
                    491.102171281816
                ],
                [
                    374.1789877444435,
                    481.6447176889585
                ],
                [
                    358.1953283084931,
                    478.02869220014554
                ],
                [
                    342.0445594554094,
                    480.80460191669613
                ],
                [
                    328.1854893359896,
                    489.5498397479496
                ],
                [
                    318.72803574313275,
                    502.9330225098763
                ],
                [
                    315.1120102543191,
                    518.9166819458262
                ],
                [
                    317.8879199708699,
                    535.0674507989099
                ],
                [
                    326.6331578021236,
                    548.9265209183295
                ],
                [
                    340.01634056404964,
                    558.383974511187
                ]
            ],
            "tags": [
                "mirror ball"
            ],
            "type": "region"
        }
    ],
    "size": [
        2592,
        1728
    ]
}