{
    "objects": [
        {
            "data": [
                [
                    208.0,
                    526.0
                ],
                [
                    223.97720842167837,
                    523.3683158785427
                ],
                [
                    237.73112235663348,
                    514.8227438242734
                ],
                [
                    247.1678330878094,
                    501.66426971665055
                ],
                [
                    250.85068695038035,
                    485.8961519566951
                ],
                [
                    248.2190028289233,
                    469.918943535017
                ],
                [
                    239.6734307746533,
                    456.16502960006164
                ],
                [
                    226.51495666703067,
                    446.7283188688855
                ],
                [
                    210.74683890707547,
                    443.04546500631477
                ],
                [
                    194.7696304853971,
                    445.67714912777205
                ],
                [
                    181.015716550442,
                    454.22272118204137
                ],
                [
                    171.57900581926606,
                    467.3811952896642
                ],
                [
                    167.89615195669512,
                    483.14931304961965
                ],
                [
                    170.52783607815218,
                    499.1265214712978
                ],
                [
                    179.07340813242217,
                    512.8804354062531
                ],
                [
                    192.2318822400448,
                    522.3171461374293
                ]
            ],
            "tags": [
                "mirror ball"
            ],
            "type": "region"
        }
    ],
    "size": [
        2592,
        1728
    ]
}