{
    "objects": [
        {
            "data": [
                [
                    331.0,
                    560.0
                ],
                [
                    346.38163738979347,
                    555.6042926728499
                ],
                [
                    358.91025298310797,
                    545.6568908506647
                ],
                [
                    366.6784786280441,
                    531.6721962874497
                ],
                [
                    368.50367238930176,
                    515.7792519588832
                ],
                [
                    364.1079650621514,
                    500.3976145690897
                ],
                [
                    354.160563239966,
                    487.8689989757754
                ],
                [
                    340.17586867675163,
                    480.10077333083905
                ],
                [
                    324.2829243481847,
                    478.2755795695816
                ],
                [
                    308.9012869583912,
                    482.6712868967318
                ],
                [
                    296.3726713650767,
                    492.6186887189169
                ],
                [
                    288.6044457201406,
                    506.60338328213174
                ],
                [
                    286.7792519588829,
                    522.4963276106985
                ],
                [
                    291.1749592860333,
                    537.8779650004919
                ],
                [
                    301.1223611082187,
                    550.4065805938062
                ],
                [
                    315.10705567143305,
                    558.1748062387426
                ]
            ],
            "tags": [
                "mirror ball"
            ],
            "type": "region"
        }
    ],
    "size": [
        2592,
        1728
    ]
}