{
  "objects": [
    {
      "data": [
        [
          290.18198051533943,
          203.16116523516817
        ],
        [
          303.68227159389363,
          199.3605452259057
        ],
        [
          312.9065360698792,
          189.49063227043962
        ],
        [
          319.0403655241011,
          179.18902123487845
        ],
        [
          322.5409298871844,
          167.32648618844576
        ],
        [
          318.03320309673524,
          152.05842815692537
        ],
        [
          309.5775037036427,
          140.71284333738004
        ],
        [
          299.27589266808155,
          134.2254604925647
        ],
        [
          285.99914405927564,
          132.1391096918545
        ],
        [
          270.37753263716183,
          135.9397297011169
        ],
        [
          257.26418086465026,
          142.98121553183688
        ],
        [
          247.24126411390228,
          156.11125369214415
        ],
        [
          247.27623365675174,
          171.8628760351029
        ],
        [
          253.55172740016735,
          185.7167205042502
        ],
        [
          263.0680869650396,
          196.70875193320225
        ],
        [
          276.9052319065335,
          202.84258138742433
        ]
      ],
      "tags": [
        "mirror ball"
      ],
      "type": "region"
    }
  ],
  "size": [
    700,
    1000
  ]
}