{
    "objects": [
        {
            "data": [
                [
                    339.0,
                    565.0
                ],
                [
                    354.6006165470817,
                    561.4591279255005
                ],
                [
                    367.6586737904522,
                    552.2176912013806
                ],
                [
                    376.18620088639227,
                    538.6826147950555
                ],
                [
                    378.8849591367707,
                    522.9144913936145
                ],
                [
                    375.3440870622712,
                    507.3138748465326
                ],
                [
                    366.1026503381513,
                    494.2558176031621
                ],
                [
                    352.5675739318258,
                    485.728290507222
                ],
                [
                    336.799450530385,
                    483.02953225684405
                ],
                [
                    321.1988339833033,
                    486.5704043313435
                ],
                [
                    308.1407767399328,
                    495.81184105546345
                ],
                [
                    299.61324964399273,
                    509.3469174617885
                ],
                [
                    296.9144913936143,
                    525.1150408632295
                ],
                [
                    300.4553634681138,
                    540.7156574103115
                ],
                [
                    309.6968001922337,
                    553.7737146536822
                ],
                [
                    323.2318765985592,
                    562.301241749622
                ]
            ],
            "tags": [
                "mirror ball"
            ],
            "type": "region"
        }
    ],
    "size": [
        2592,
        1728
    ]
}