{
    "objects": [
        {
            "data": [
                [
                    282.0,
                    559.0
                ],
                [
                    298.2949692647785,
                    557.2601764571943
                ],
                [
                    312.6837562063374,
                    549.4169743272857
                ],
                [
                    322.97579844750317,
                    536.6644500357486
                ],
                [
                    327.60422585465267,
                    520.9440598040487
                ],
                [
                    325.86440231184724,
                    504.64909053927
                ],
                [
                    318.0212001819382,
                    490.2603035977111
                ],
                [
                    305.2686758904015,
                    479.9682613565458
                ],
                [
                    289.5482856587014,
                    475.33983394939605
                ],
                [
                    273.2533163939229,
                    477.0796574922017
                ],
                [
                    258.86452945236397,
                    484.9228596221103
                ],
                [
                    248.57248721119822,
                    497.67538391364747
                ],
                [
                    243.94405980404872,
                    513.3957741453473
                ],
                [
                    245.68388334685415,
                    529.6907434101261
                ],
                [
                    253.5270854767632,
                    544.079530351685
                ],
                [
                    266.2796097682999,
                    554.3715725928503
                ]
            ],
            "tags": [
                "mirror ball"
            ],
            "type": "region"
        }
    ],
    "size": [
        2592,
        1728
    ]
}