{
    "objects": [
        {
            "data": [
                [
                    153.0,
                    652.0
                ],
                [
                    166.37767145819362,
                    648.4084063896455
                ],
                [
                    177.36258494060803,
                    639.9707933332666
                ],
                [
                    184.28238694803395,
                    627.9717109315443
                ],
                [
                    186.08360035300302,
                    614.2379107081881
                ],
                [
                    182.49200674264875,
                    600.8602392499947
                ],
                [
                    174.05439368627003,
                    589.8753257675803
                ],
                [
                    162.05531128454777,
                    582.9555237601542
                ],
                [
                    148.32151106119136,
                    581.1543103551849
                ],
                [
                    134.94383960299797,
                    584.7459039655394
                ],
                [
                    123.95892612058356,
                    593.1835170219183
                ],
                [
                    117.03912411315741,
                    605.1825994236406
                ],
                [
                    115.23791070818811,
                    618.9163996469968
                ],
                [
                    118.8295043185426,
                    632.2940711051901
                ],
                [
                    127.26711737492155,
                    643.2789845876046
                ],
                [
                    139.26619977664382,
                    650.1987865950307
                ]
            ],
            "tags": [
                "mirror ball"
            ],
            "type": "region"
        }
    ],
    "size": [
        2592,
        1728
    ]
}