{
    "objects": [
        {
            "data": [
                [
                    142.0,
                    628.0
                ],
                [
                    155.64329706554554,
                    624.658638464334
                ],
                [
                    166.96937627913258,
                    616.3505591809921
                ],
                [
                    174.2539447516565,
                    604.3405919079371
                ],
                [
                    176.38799296795378,
                    590.4571452918672
                ],
                [
                    173.04663143228754,
                    576.8138482263219
                ],
                [
                    164.73855214894593,
                    565.4877690127346
                ],
                [
                    152.7285848758911,
                    558.2032005402104
                ],
                [
                    138.84513825982094,
                    556.0691523239134
                ],
                [
                    125.20184119427563,
                    559.4105138595794
                ],
                [
                    113.87576198068837,
                    567.7185931429212
                ],
                [
                    106.59119350816422,
                    579.7285604159763
                ],
                [
                    104.45714529186716,
                    593.6120070320462
                ],
                [
                    107.79850682753317,
                    607.2553040975915
                ],
                [
                    116.10658611087501,
                    618.5813833111788
                ],
                [
                    128.11655338393007,
                    625.8659517837029
                ]
            ],
            "tags": [
                "mirror ball"
            ],
            "type": "region"
        }
    ],
    "size": [
        2592,
        1728
    ]
}