{
    "objects": [
        {
            "data": [
                [
                    257.0,
                    555.0
                ],
                [
                    273.05632124670274,
                    552.90440979971
                ],
                [
                    287.0884801632801,
                    544.8238487792864
                ],
                [
                    296.9602077565205,
                    531.9885091036201
                ],
                [
                    301.16862298778597,
                    516.3524548856876
                ],
                [
                    299.07303278749623,
                    500.29613363898466
                ],
                [
                    290.99247176707195,
                    486.2639747224075
                ],
                [
                    278.15713209140586,
                    476.39224712916734
                ],
                [
                    262.5210778734736,
                    472.18383189790165
                ],
                [
                    246.46475662677085,
                    474.2794220981916
                ],
                [
                    232.43259771019348,
                    482.3599831186152
                ],
                [
                    222.56087011695308,
                    495.19532279428154
                ],
                [
                    218.35245488568762,
                    510.83137701221403
                ],
                [
                    220.44804508597736,
                    526.887698258917
                ],
                [
                    228.52860610640164,
                    540.9198571754941
                ],
                [
                    241.36394578206773,
                    550.7915847687343
                ]
            ],
            "tags": [
                "mirror ball"
            ],
            "type": "region"
        }
    ],
    "size": [
        2592,
        1728
    ]
}