{
    "objects": [
        {
            "data": [
                [
                    281.0,
                    637.0
                ],
                [
                    294.28481735584637,
                    633.0788692795181
                ],
                [
                    305.05783644119765,
                    624.3723373584855
                ],
                [
                    311.67896275796966,
                    612.2058947969704
                ],
                [
                    313.140189845094,
                    598.431772185887
                ],
                [
                    309.21905912461216,
                    585.1469548300406
                ],
                [
                    300.51252720357934,
                    574.3739357446896
                ],
                [
                    288.3460846420644,
                    567.7528094279173
                ],
                [
                    274.571962030981,
                    566.291582340793
                ],
                [
                    261.28714467513464,
                    570.2127130612748
                ],
                [
                    250.51412558978336,
                    578.9192449823074
                ],
                [
                    243.89299927301136,
                    591.0856875438226
                ],
                [
                    242.43177218588698,
                    604.859810154906
                ],
                [
                    246.35290290636885,
                    618.1446275107523
                ],
                [
                    255.05943482740167,
                    628.9176465961034
                ],
                [
                    267.2258773889166,
                    635.5387729128759
                ]
            ],
            "tags": [
                "mirror ball"
            ],
            "type": "region"
        }
    ],
    "size": [
        2592,
        1728
    ]
}