{
    "objects": [
        {
            "data": [
                [
                    366.0,
                    645.0
                ],
                [
                    375.67246195879807,
                    640.8254196313703
                ],
                [
                    383.01110884737454,
                    633.2671193301562
                ],
                [
                    386.89869820194326,
                    623.4757818010548
                ],
                [
                    386.7433797843564,
                    612.9420494241763
                ],
                [
                    382.56879941572697,
                    603.2695874653782
                ],
                [
                    375.0104991145131,
                    595.9309405768017
                ],
                [
                    365.21916158541126,
                    592.0433512222332
                ],
                [
                    354.6854292085327,
                    592.1986696398199
                ],
                [
                    345.01296724973463,
                    596.3732500084495
                ],
                [
                    337.67432036115815,
                    603.9315503096636
                ],
                [
                    333.78673100658943,
                    613.722887838765
                ],
                [
                    333.9420494241763,
                    624.2566202156436
                ],
                [
                    338.1166297928057,
                    633.9290821744416
                ],
                [
                    345.67493009402006,
                    641.2677290630181
                ],
                [
                    355.46626762312144,
                    645.1553184175866
                ]
            ],
            "tags": [
                "mirror ball"
            ],
            "type": "region"
        }
    ],
    "size": [
        2592,
        1728
    ]
}