{
    "objects": [
        {
            "data": [
                [
                    388.0,
                    538.0
                ],
                [
                    400.88658978481317,
                    541.9208817671515
                ],
                [
                    410.84855193213616,
                    531.2969039782845
                ],
                [
                    416.3692680104509,
                    518.5932300101783
                ],
                [
                    416.6082590422502,
                    504.74387906538595
                ],
                [
                    411.52914080940127,
                    491.857289280573
                ],
                [
                    401.9051630205345,
                    481.89532713325
                ],
                [
                    389.2014890524283,
                    476.37461105493503
                ],
                [
                    375.35213810763616,
                    476.13562002313574
                ],
                [
                    362.465548322823,
                    481.21473825598423
                ],
                [
                    352.5035861755,
                    490.83871604485125
                ],
                [
                    346.98287009718524,
                    503.5423900129574
                ],
                [
                    346.74387906538595,
                    517.3917409577498
                ],
                [
                    351.8229972982349,
                    530.2783307425627
                ],
                [
                    366.4469750871017,
                    543.2402928898857
                ],
                [
                    376.15064905520785,
                    538.7610089682007
                ]
            ],
            "tags": [
                "mirror ball"
            ],
            "type": "region"
        }
    ],
    "size": [
        2592,
        1728
    ]
}