{
    "objects": [
        {
            "data": [
                [
                    330.0,
                    509.0
                ],
                [
                    344.592107452479,
                    505.43215387585246
                ],
                [
                    356.7081012630906,
                    496.551736101248
                ],
                [
                    364.5034312059265,
                    483.71070978118223
                ],
                [
                    366.7913289620319,
                    468.8640047686922
                ],
                [
                    363.2234828378846,
                    454.2718973162132
                ],
                [
                    354.34306506327994,
                    442.1559035056016
                ],
                [
                    341.5020387432146,
                    434.36057356276547
                ],
                [
                    326.6553337307241,
                    432.0726758066603
                ],
                [
                    312.0632262782451,
                    435.64052193080784
                ],
                [
                    299.9472324676335,
                    444.5209397054123
                ],
                [
                    292.1519025247976,
                    457.36196602547784
                ],
                [
                    289.8640047686922,
                    472.2086710379681
                ],
                [
                    293.4318508928395,
                    486.8007784904473
                ],
                [
                    302.3122686674442,
                    498.9167723010587
                ],
                [
                    315.1532949875095,
                    506.71210224389483
                ]
            ],
            "tags": [
                "mirror ball"
            ],
            "type": "region"
        }
    ],
    "size": [
        2592,
        1728
    ]
}