{
    "objects": [
        {
            "data": [
                [
                    356.0,
                    526.0
                ],
                [
                    371.16730949100656,
                    522.3205681460436
                ],
                [
                    383.7720186819861,
                    513.1169383091415
                ],
                [
                    391.8951748605855,
                    499.7902797008494
                ],
                [
                    394.3001011352071,
                    484.36945528781894
                ],
                [
                    390.6206692812507,
                    469.2021457968124
                ],
                [
                    381.4170394443481,
                    456.5974366058331
                ],
                [
                    368.0903808360563,
                    448.4742804272337
                ],
                [
                    352.6695564230258,
                    446.06935415261205
                ],
                [
                    337.50224693201926,
                    449.7487860065685
                ],
                [
                    324.89753774103974,
                    458.9524158434706
                ],
                [
                    316.77438156244034,
                    472.27907445176265
                ],
                [
                    314.3694552878187,
                    487.6998988647931
                ],
                [
                    318.04888714177514,
                    502.8672083557997
                ],
                [
                    327.2525169786777,
                    515.471917546779
                ],
                [
                    340.57917558696954,
                    523.5950737253784
                ]
            ],
            "tags": [
                "mirror ball"
            ],
            "type": "region"
        }
    ],
    "size": [
        2592,
        1728
    ]
}