{
    "objects": [
        {
            "data": [
                [
                    380.0,
                    588.0
                ],
                [
                    394.5480655019637,
                    584.2566170352384
                ],
                [
                    406.556194815249,
                    575.2308784911802
                ],
                [
                    414.19625910587274,
                    562.2968712426343
                ],
                [
                    416.30512784294115,
                    547.4236806461247
                ],
                [
                    412.5617448781795,
                    532.875615144161
                ],
                [
                    403.53600633412134,
                    520.8674858308755
                ],
                [
                    390.6019990855757,
                    513.2274215402522
                ],
                [
                    375.72880848906607,
                    511.1185528031833
                ],
                [
                    361.18074298710235,
                    514.8619357679449
                ],
                [
                    349.17261367381707,
                    523.8876743120031
                ],
                [
                    341.5325493831933,
                    536.821681560549
                ],
                [
                    339.4236806461249,
                    551.6948721570586
                ],
                [
                    343.16706361088654,
                    566.2429376590223
                ],
                [
                    352.19280215494473,
                    578.2510669723079
                ],
                [
                    365.12680940349037,
                    585.8911312629311
                ]
            ],
            "tags": [
                "mirror ball"
            ],
            "type": "region"
        }
    ],
    "size": [
        2592,
        1728
    ]
}