{
    "objects": [
        {
            "data": [
                [
                    281.0,
                    548.0
                ],
                [
                    295.73331214605605,
                    545.0693620016846
                ],
                [
                    308.22361107568213,
                    536.7236110756821
                ],
                [
                    316.56936200168457,
                    524.233312146056
                ],
                [
                    319.5,
                    509.5
                ],
                [
                    316.56936200168457,
                    494.76668785394395
                ],
                [
                    308.22361107568213,
                    482.27638892431787
                ],
                [
                    295.73331214605605,
                    473.93063799831543
                ],
                [
                    281.0,
                    477.0
                ],
                [
                    266.26668785394395,
                    473.93063799831543
                ],
                [
                    253.77638892431787,
                    482.27638892431787
                ],
                [
                    245.43063799831543,
                    494.76668785394395
                ],
                [
                    242.5,
                    509.5
                ],
                [
                    245.43063799831543,
                    524.233312146056
                ],
                [
                    253.77638892431787,
                    536.7236110756821
                ],
                [
                    266.26668785394395,
                    545.0693620016846
                ]
            ],
            "tags": [
                "mirror ball"
            ],
            "type": "region"
        }
    ],
    "size": [
        2592,
        1728
    ]
}