{
    "objects": [
        {
            "data": [
                [
                    393.0,
                    617.0
                ],
                [
                    381.5,
                    600.5
                ],
                [
                    369.0,
                    595.0
                ],
                [
                    355.0,
                    593.5
                ],
                [
                    336.0,
                    601.0
                ],
                [
                    328.49999999999994,
                    609.9999999999999
                ],
                [
                    323.5,
                    625.5
                ],
                [
                    325.0,
                    636.0
                ],
                [
                    330.0,
                    650.0
                ],
                [
                    337.0,
                    660.0
                ],
                [
                    346.0,
                    664.0
                ],
                [
                    358.0,
                    665.0
                ],
                [
                    371.0,
                    665.0
                ],
                [
                    382.0,
                    658.0
                ],
                [
                    386.0,
                    652.0
                ],
                [
                    390.0,
                    645.0
                ],
                [
                    394.0,
                    632.0
                ]
            ],
            "tags": [
                "mirror ball"
            ],
            "type": "region"
        }
    ],
    "size": [
        2592,
        1728
    ]
}