{
    "objects": [
        {
            "data": [
                [
                    295.9518395093588,
                    671.0128060534576
                ],
                [
                    310.8010819142763,
                    663.941738241592
                ],
                [
                    324.9432175380073,
                    659.6990975544728
                ],
                [
                    331.3071785686862,
                    646.2640687119284
                ],
                [
                    330.60007178749964,
                    634.2432534317571
                ],
                [
                    328.47875144394,
                    620.8082245892127
                ],
                [
                    322.8218971944476,
                    611.6158364337875
                ],
                [
                    307.9726547895301,
                    601.7163414971759
                ],
                [
                    296.6589462905454,
                    596.76659402887
                ],
                [
                    281.80970388562787,
                    599.5950211536162
                ],
                [
                    269.08178182427,
                    607.3731957466683
                ],
                [
                    256.3538597629122,
                    622.2224381515857
                ],
                [
                    252.81832585697944,
                    640.6072144624361
                ],
                [
                    252.1112190757929,
                    654.7493500861669
                ],
                [
                    261.30360723121805,
                    665.3559518039651
                ],
                [
                    277.5670631985086,
                    671.7199128346441
                ]
            ],
            "tags": [
                "mirror ball"
            ],
            "type": "region"
        }
    ],
    "size": [
        2592,
        1728
    ]
}