{
    "objects": [
        {
            "data": [
                [
                    287.0,
                    610.0
                ],
                [
                    298.55776902790376,
                    600.3658914467417
                ],
                [
                    303.31430841006795,
                    590.8899280833357
                ],
                [
                    305.08875533876335,
                    576.319221301994
                ],
                [
                    302.4587254195194,
                    561.7197881914124
                ],
                [
                    295.8246168662613,
                    553.1620191635086
                ],
                [
                    286.34865350285554,
                    545.4054797813442
                ],
                [
                    274.7779467215137,
                    542.631032852649
                ],
                [
                    261.178513610932,
                    545.2610627718927
                ],
                [
                    249.62074458302823,
                    552.8951713251511
                ],
                [
                    243.86420520086403,
                    564.371134688557
                ],
                [
                    242.08975827216864,
                    576.9418414698987
                ],
                [
                    247.7197881914126,
                    587.5412745804804
                ],
                [
                    253.3538967446707,
                    599.0990436083841
                ],
                [
                    261.82986010807645,
                    606.8555829905486
                ],
                [
                    275.4005668894183,
                    612.6300299192437
                ]
            ],
            "tags": [
                "mirror ball"
            ],
            "type": "region"
        }
    ],
    "size": [
        2592,
        1728
    ]
}