{
    "objects": [
        {
            "data": [
                [
                    141.4350288425444,
                    617.7365440327094
                ],
                [
                    128.3137084989847,
                    606.3223304703363
                ],
                [
                    109.55634918610403,
                    606.1507575950825
                ],
                [
                    94.72792206135784,
                    618.3223304703362
                ],
                [
                    84.0,
                    631.4939033455901
                ],
                [
                    79.57716446627535,
                    644.1427483683688
                ],
                [
                    85.8076118445749,
                    662.5857864376269
                ],
                [
                    99.68629150101523,
                    675.4852813742386
                ],
                [
                    133.6066017177982,
                    668.0710678118653
                ],
                [
                    143.92388155425112,
                    651.2138161802343
                ],
                [
                    148.79898987322335,
                    633.4436508138959
                ]
            ],
            "tags": [
                "mirror ball"
            ],
            "type": "region"
        }
    ],
    "size": [
        2592,
        1728
    ]
}