{
    "objects": [
        {
            "data": [
                [
                    357.0,
                    564.0
                ],
                [
                    345.0,
                    564.0
                ],
                [
                    333.0,
                    570.0
                ],
                [
                    319.46446609406723,
                    580.1715728752538
                ],
                [
                    315.87867965644034,
                    593.5857864376269
                ],
                [
                    318.0,
                    606.0
                ],
                [
                    322.0,
                    617.0
                ],
                [
                    339.0,
                    625.0
                ],
                [
                    353.0,
                    622.0
                ],
                [
                    371.0,
                    625.0
                ],
                [
                    387.0,
                    617.0
                ],
                [
                    392.0,
                    601.0
                ],
                [
                    392.0,
                    588.0
                ],
                [
                    383.0,
                    574.0
                ]
            ],
            "tags": [
                "mirror ball"
            ],
            "type": "region"
        }
    ],
    "size": [
        2592,
        1728
    ]
}