{
    "objects": [
        {
            "data": [
                [
                    382.0,
                    603.0
                ],
                [
                    371.0,
                    601.0
                ],
                [
                    365.0,
                    602.0
                ],
                [
                    354.0,
                    607.0
                ],
                [
                    342.0,
                    616.0
                ],
                [
                    336.0,
                    626.0
                ],
                [
                    336.5857864376269,
                    638.0
                ],
                [
                    343.0,
                    651.0
                ],
                [
                    351.0,
                    658.0
                ],
                [
                    363.0,
                    660.0
                ],
                [
                    379.0,
                    660.0
                ],
                [
                    393.0,
                    657.0
                ],
                [
                    404.12132034355966,
                    645.0
                ],
                [
                    405.53553390593277,
                    626.0
                ],
                [
                    399.0,
                    612.0
                ],
                [
                    393.0,
                    605.0
                ]
            ],
            "tags": [
                "mirror ball"
            ],
            "type": "region"
        }
    ],
    "size": [
        2592,
        1728
    ]
}