{
    "objects": [
        {
            "data": [
                [
                    229.0,
                    657.0
                ],
                [
                    241.84428448779363,
                    651.9499204795738
                ],
                [
                    251.85439473871384,
                    647.7516439314002
                ],
                [
                    256.6586231439105,
                    635.8055245773542
                ],
                [
                    256.5255694791322,
                    622.9302507972473
                ],
                [
                    251.47548995870602,
                    611.0859663094536
                ],
                [
                    242.2772134105321,
                    602.0758560585334
                ],
                [
                    230.3310940564861,
                    597.2716276533365
                ],
                [
                    217.4558202763792,
                    597.4046813181153
                ],
                [
                    205.61153578858557,
                    602.4547608385415
                ],
                [
                    196.60142553766536,
                    611.6530373867151
                ],
                [
                    191.79719713246868,
                    623.5991567407611
                ],
                [
                    191.93025079724703,
                    636.474430520868
                ],
                [
                    196.98033031767318,
                    648.3187150086617
                ],
                [
                    206.1786068658471,
                    657.3288252595819
                ],
                [
                    218.1247262198931,
                    662.1330536647788
                ]
            ],
            "tags": [
                "mirror ball"
            ],
            "type": "region"
        }
    ],
    "size": [
        2592,
        1728
    ]
}