{
    "objects": [
        {
            "data": [
                [
                    277.0,
                    494.0
                ],
                [
                    261.5,
                    492.5
                ],
                [
                    248.99999999999997,
                    495.5
                ],
                [
                    240.0,
                    506.5
                ],
                [
                    234.5,
                    524.0
                ],
                [
                    238.5,
                    536.5
                ],
                [
                    249.99999999999997,
                    551.5
                ],
                [
                    259.49999999999994,
                    555.5
                ],
                [
                    283.49999999999994,
                    553.5
                ],
                [
                    295.5,
                    541.5
                ],
                [
                    298.0,
                    530.5
                ],
                [
                    298.0,
                    518.0
                ],
                [
                    297.0,
                    506.0
                ],
                [
                    290.0,
                    499.0
                ]
            ],
            "tags": [
                "mirror ball"
            ],
            "type": "region"
        }
    ],
    "size": [
        2592,
        1728
    ]
}