{
    "objects": [
        {
            "data": [
                [
                    433.0,
                    632.0
                ],
                [
                    446.84885233768455,
                    628.6785132014886
                ],
                [
                    458.37244559263263,
                    620.3101331839352
                ],
                [
                    465.81641715341175,
                    608.1688699454583
                ],
                [
                    468.0474898296634,
                    594.1031207532908
                ],
                [
                    464.7260030311518,
                    580.2542684156062
                ],
                [
                    456.3576230135982,
                    568.7306751606579
                ],
                [
                    444.2163597751214,
                    561.286703599879
                ],
                [
                    431.15061058295396,
                    564.0556309236276
                ],
                [
                    416.3017582452694,
                    562.377117722139
                ],
                [
                    404.77816499032133,
                    570.7454977396924
                ],
                [
                    397.3341934295422,
                    582.8867609781694
                ],
                [
                    395.10312075329057,
                    596.9525101703368
                ],
                [
                    398.4246075518022,
                    610.8013625080214
                ],
                [
                    406.7929875693558,
                    622.3249557629697
                ],
                [
                    418.93425080783254,
                    629.7689273237486
                ]
            ],
            "tags": [
                "mirror ball"
            ],
            "type": "region"
        }
    ],
    "size": [
        2592,
        1728
    ]
}