{
    "objects": [
        {
            "data": [
                [
                    336.0,
                    629.0
                ],
                [
                    348.731965969464,
                    624.6294376323751
                ],
                [
                    358.82222692907317,
                    615.7192520774126
                ],
                [
                    364.73463211617127,
                    603.6259383148222
                ],
                [
                    365.5690714371085,
                    590.1905937387958
                ],
                [
                    361.1985090694834,
                    577.458627769332
                ],
                [
                    350.28832351452047,
                    569.3683668097226
                ],
                [
                    338.19500975193023,
                    563.4559616226245
                ],
                [
                    326.75966517590405,
                    562.6215223016875
                ],
                [
                    315.02769920644005,
                    566.9920846693124
                ],
                [
                    304.9374382468309,
                    573.9022702242748
                ],
                [
                    298.0250330597328,
                    585.9955839868653
                ],
                [
                    297.19059373879554,
                    599.4309285628917
                ],
                [
                    301.56115610642064,
                    612.1628945323555
                ],
                [
                    310.4713416613836,
                    622.2531554919649
                ],
                [
                    322.5646554239738,
                    628.165560679063
                ]
            ],
            "tags": [
                "mirror ball"
            ],
            "type": "region"
        }
    ],
    "size": [
        2592,
        1728
    ]
}