{
    "objects": [
        {
            "data": [
                [
                    368.0,
                    507.0
                ],
                [
                    353.0,
                    503.0
                ],
                [
                    331.0,
                    512.0
                ],
                [
                    323.0,
                    529.1005050633884
                ],
                [
                    322.11479041326106,
                    543.7335854398791
                ],
                [
                    331.0,
                    558.0
                ],
                [
                    346.0,
                    564.0
                ],
                [
                    365.0,
                    561.0
                ],
                [
                    375.0,
                    549.0
                ],
                [
                    379.0,
                    539.0
                ],
                [
                    377.0,
                    518.0
                ]
            ],
            "tags": [
                "mirror ball"
            ],
            "type": "region"
        }
    ],
    "size": [
        2592,
        1728
    ]
}