{
    "objects": [
        {
            "data": [
                [
                    414.0,
                    619.0
                ],
                [
                    427.3386843342296,
                    614.5973017406905
                ],
                [
                    437.97718209971254,
                    605.425245426834
                ],
                [
                    444.2958784498769,
                    592.8801934873175
                ],
                [
                    445.3328091445351,
                    578.8720163587536
                ],
                [
                    440.9301108852251,
                    565.5333320245243
                ],
                [
                    431.7580545713686,
                    554.8948342590411
                ],
                [
                    419.21300263185276,
                    548.5761379088767
                ],
                [
                    405.2048255032887,
                    547.5392072142185
                ],
                [
                    391.8661411690591,
                    551.9419054735281
                ],
                [
                    381.22764340357617,
                    561.1139617873846
                ],
                [
                    374.9089470534118,
                    573.6590137269011
                ],
                [
                    373.8720163587536,
                    587.6671908554649
                ],
                [
                    378.2747146180636,
                    601.0058751896943
                ],
                [
                    387.4467709319201,
                    611.6443729551775
                ],
                [
                    399.99182287143594,
                    617.9630693053418
                ]
            ],
            "tags": [
                "mirror ball"
            ],
            "type": "region"
        }
    ],
    "size": [
        2592,
        1728
    ]
}