{
    "objects": [
        {
            "data": [
                [
                    412.5,
                    579.0
                ],
                [
                    400.0,
                    575.0
                ],
                [
                    384.0,
                    578.0
                ],
                [
                    372.5,
                    581.5
                ],
                [
                    363.0,
                    588.0
                ],
                [
                    358.5,
                    604.5
                ],
                [
                    358.5,
                    619.5
                ],
                [
                    366.0,
                    635.5
                ],
                [
                    380.5,
                    639.0
                ],
                [
                    395.49999999999994,
                    641.4999999999999
                ],
                [
                    405.0,
                    638.5
                ],
                [
                    419.0,
                    635.0
                ],
                [
                    427.5,
                    623.4999999999999
                ],
                [
                    428.49999999999994,
                    603.0
                ],
                [
                    424.5,
                    589.0
                ]
            ],
            "tags": [
                "mirror ball"
            ],
            "type": "region"
        }
    ],
    "size": [
        2592,
        1728
    ]
}