{
    "objects": [
        {
            "data": [
                [
                    412.0,
                    606.0
                ],
                [
                    393.0,
                    607.0
                ],
                [
                    376.0,
                    611.0
                ],
                [
                    364.0,
                    623.0
                ],
                [
                    362.0,
                    638.0
                ],
                [
                    365.0,
                    655.0
                ],
                [
                    375.0,
                    667.0
                ],
                [
                    389.0,
                    673.0
                ],
                [
                    401.0,
                    674.0
                ],
                [
                    413.0,
                    672.0
                ],
                [
                    424.0,
                    663.0
                ],
                [
                    434.2426406871194,
                    649.4142135623731
                ],
                [
                    433.0,
                    636.0
                ],
                [
                    430.0,
                    622.0
                ]
            ],
            "tags": [
                "mirror ball"
            ],
            "type": "region"
        }
    ],
    "size": [
        2592,
        1728
    ]
}