{
    "objects": [
        {
            "data": [
                [
                    417.0,
                    598.0
                ],
                [
                    397.5857864376269,
                    594.8786796564403
                ],
                [
                    384.75735931288074,
                    599.4644660940672
                ],
                [
                    374.1715728752538,
                    611.8786796564403
                ],
                [
                    372.0,
                    633.0
                ],
                [
                    376.0,
                    646.0
                ],
                [
                    386.0,
                    661.0
                ],
                [
                    395.0,
                    660.0
                ],
                [
                    412.0,
                    660.0
                ],
                [
                    428.0,
                    659.0
                ],
                [
                    437.0,
                    654.0
                ],
                [
                    443.0,
                    646.0
                ],
                [
                    445.0,
                    630.0
                ],
                [
                    443.0,
                    616.0
                ],
                [
                    434.0,
                    603.0
                ]
            ],
            "tags": [
                "mirror ball"
            ],
            "type": "region"
        }
    ],
    "size": [
        2592,
        1728
    ]
}