{
    "objects": [
        {
            "data": [
                [
                    426.0,
                    648.0
                ],
                [
                    440.0899783438231,
                    644.8551072745347
                ],
                [
                    451.9039226066079,
                    636.5576039789694
                ],
                [
                    459.6432668680163,
                    624.3707097729991
                ],
                [
                    462.129766121579,
                    610.1497688250124
                ],
                [
                    458.98487339611347,
                    596.0597904811891
                ],
                [
                    450.6873701005479,
                    584.2458462184045
                ],
                [
                    438.50047589457836,
                    576.5065019569963
                ],
                [
                    424.2795349465914,
                    574.0200027034334
                ],
                [
                    410.18955660276833,
                    577.1648954288987
                ],
                [
                    398.3756123399835,
                    585.462398724464
                ],
                [
                    390.6362680785751,
                    597.6492929304343
                ],
                [
                    388.1497688250124,
                    611.870233878421
                ],
                [
                    391.29466155047794,
                    625.9602122222443
                ],
                [
                    399.5921648460435,
                    637.7741564850289
                ],
                [
                    411.77905905201305,
                    645.5135007464371
                ]
            ],
            "tags": [
                "mirror ball"
            ],
            "type": "region"
        }
    ],
    "size": [
        2592,
        1728
    ]
}