{
    "objects": [
        {
            "data": [
                [
                    388.0,
                    558.0
                ],
                [
                    377.5,
                    548.0
                ],
                [
                    364.5,
                    543.0
                ],
                [
                    356.0,
                    549.5
                ],
                [
                    339.99999999999994,
                    557.5
                ],
                [
                    324.5,
                    559.0
                ],
                [
                    311.5,
                    554.0
                ],
                [
                    303.5,
                    565.0
                ],
                [
                    301.0,
                    579.0
                ],
                [
                    306.5,
                    596.0
                ],
                [
                    325.0,
                    600.5
                ],
                [
                    332.5,
                    603.5
                ],
                [
                    342.5,
                    602.5
                ],
                [
                    353.5,
                    600.5000000000001
                ],
                [
                    369.0,
                    599.5
                ],
                [
                    384.0,
                    597.5
                ],
                [
                    393.5,
                    587.0
                ],
                [
                    395.0,
                    571.5
                ]
            ],
            "tags": [
                "mirror ball"
            ],
            "type": "region"
        }
    ],
    "size": [
        2592,
        1728
    ]
}