{
    "objects": [
        {
            "data": [
                [
                    249.0,
                    678.0
                ],
                [
                    261.32103091882163,
                    673.0824073032281
                ],
                [
                    270.82229795198555,
                    663.8240896591624
                ],
                [
                    276.05731932289245,
                    651.6345420022537
                ],
                [
                    276.2291104834094,
                    638.3695124647413
                ],
                [
                    271.31151778663707,
                    626.0484815459197
                ],
                [
                    262.0532001425713,
                    616.5472145127555
                ],
                [
                    249.8636524856629,
                    611.3121931418486
                ],
                [
                    236.59862294815048,
                    611.1404019813322
                ],
                [
                    224.27759202932884,
                    616.057994678104
                ],
                [
                    214.77632499616493,
                    625.3163123221698
                ],
                [
                    209.54130362525802,
                    637.5058599790784
                ],
                [
                    209.3695124647411,
                    650.7708895165908
                ],
                [
                    214.2871051615134,
                    663.0919204354125
                ],
                [
                    223.54542280557916,
                    672.5931874685766
                ],
                [
                    235.73497046248758,
                    677.8282088394835
                ]
            ],
            "tags": [
                "mirror ball"
            ],
            "type": "region"
        }
    ],
    "size": [
        2592,
        1728
    ]
}