{
    "objects": [
        {
            "data": [
                [
                    421.0,
                    568.0
                ],
                [
                    404.0,
                    569.0
                ],
                [
                    388.5857864376269,
                    570.3431457505076
                ],
                [
                    374.8786796564403,
                    583.1715728752538
                ],
                [
                    372.0,
                    602.0
                ],
                [
                    373.0,
                    621.0
                ],
                [
                    379.0,
                    633.0
                ],
                [
                    390.0,
                    642.0
                ],
                [
                    402.0,
                    645.0
                ],
                [
                    413.0,
                    646.0
                ],
                [
                    428.0,
                    643.0
                ],
                [
                    436.0,
                    638.0
                ],
                [
                    444.0,
                    630.0
                ],
                [
                    449.0,
                    615.0
                ],
                [
                    447.0,
                    595.0
                ],
                [
                    439.0,
                    580.0
                ]
            ],
            "tags": [
                "mirror ball"
            ],
            "type": "region"
        }
    ],
    "size": [
        2592,
        1728
    ]
}