{
    "objects": [
        {
            "data": [
                [
                    307.0,
                    636.0
                ],
                [
                    318.8812716466932,
                    628.879815847692
                ],
                [
                    327.1333588308039,
                    617.7548576270447
                ],
                [
                    330.499956083906,
                    604.3187993791544
                ],
                [
                    328.46852949249615,
                    590.6171591740908
                ],
                [
                    321.34834534018773,
                    578.7358875273972
                ],
                [
                    310.2233871195408,
                    570.4838003432874
                ],
                [
                    296.7873288716505,
                    567.1172030901848
                ],
                [
                    283.085688666587,
                    569.1486296815947
                ],
                [
                    271.20441701989375,
                    576.2688138339026
                ],
                [
                    262.9523298357831,
                    587.39377205455
                ],
                [
                    259.585732582681,
                    600.8298303024403
                ],
                [
                    261.61715917409083,
                    614.5314705075039
                ],
                [
                    268.73734332639924,
                    626.4127421541975
                ],
                [
                    279.8623015470462,
                    634.6648293383075
                ],
                [
                    293.29835979493646,
                    638.0314265914099
                ]
            ],
            "tags": [
                "mirror ball"
            ],
            "type": "region"
        }
    ],
    "size": [
        2592,
        1728
    ]
}