{
    "objects": [
        {
            "data": [
                [
                    407.0,
                    532.0
                ],
                [
                    419.4853143542973,
                    526.9679329961475
                ],
                [
                    429.0945520702767,
                    517.5409863338034
                ],
                [
                    434.3647938136364,
                    505.15432718682473
                ],
                [
                    434.4936930538115,
                    491.6937121249948
                ],
                [
                    429.4616260499588,
                    479.20839777069773
                ],
                [
                    420.0346793876147,
                    469.59916005471837
                ],
                [
                    407.648020240636,
                    464.32891831135817
                ],
                [
                    394.18740517880633,
                    464.2000190711833
                ],
                [
                    381.702090824509,
                    469.2320860750358
                ],
                [
                    372.09285310852965,
                    478.6590327373799
                ],
                [
                    366.8226113651699,
                    491.04569188435835
                ],
                [
                    366.6937121249948,
                    504.5063069461885
                ],
                [
                    371.72577912884753,
                    516.9916213004856
                ],
                [
                    381.15272579119164,
                    526.6008590164649
                ],
                [
                    393.5393849381703,
                    531.8711007598251
                ]
            ],
            "tags": [
                "mirror ball"
            ],
            "type": "region"
        }
    ],
    "size": [
        2592,
        1728
    ]
}