{
    "objects": [
        {
            "data": [
                [
                    257.0,
                    593.0
                ],
                [
                    269.1486451148371,
                    586.3462747141884
                ],
                [
                    277.82625925378943,
                    575.5499488965431
                ],
                [
                    281.71175432696964,
                    562.2546652838632
                ],
                [
                    280.2135989315866,
                    548.4845102841334
                ],
                [
                    273.55987364577504,
                    536.3358651692965
                ],
                [
                    262.76354782812996,
                    527.658251030344
                ],
                [
                    249.46826421544984,
                    523.7727559571636
                ],
                [
                    235.69810921572025,
                    525.2709113525466
                ],
                [
                    223.54946410088314,
                    531.9246366383582
                ],
                [
                    214.87184996193082,
                    542.7209624560035
                ],
                [
                    210.9863548887506,
                    556.0162460686831
                ],
                [
                    212.48451028413365,
                    569.7864010684132
                ],
                [
                    219.1382355699452,
                    581.93504618325
                ],
                [
                    229.9345613875903,
                    590.6126603222026
                ],
                [
                    243.22984500027042,
                    594.498155395383
                ]
            ],
            "tags": [
                "mirror ball"
            ],
            "type": "region"
        }
    ],
    "size": [
        2592,
        1728
    ]
}