{
    "objects": [
        {
            "data": [
                [
                    385.75440072005034,
                    618.6869042456531
                ],
                [
                    404.8462838120871,
                    613.0300499961606
                ],
                [
                    413.33156518632575,
                    596.76659402887
                ],
                [
                    414.7457787486988,
                    576.9676041556468
                ],
                [
                    413.3315651863257,
                    567.068109219035
                ],
                [
                    406.96760415564677,
                    560.7041481883562
                ],
                [
                    398.48232278140824,
                    556.4615075012368
                ],
                [
                    382.21886681411763,
                    552.9259735953042
                ],
                [
                    373.0264786586925,
                    552.2188668141176
                ],
                [
                    356.05591591021533,
                    559.289934625983
                ],
                [
                    351.1061684419095,
                    564.2396820942889
                ],
                [
                    346.86352775479025,
                    576.2604973744602
                ],
                [
                    346.86352775479025,
                    589.6955262170046
                ],
                [
                    352.5203820042826,
                    602.4234482783625
                ],
                [
                    358.88434303496155,
                    610.9087296526011
                ],
                [
                    368.0767311903867,
                    619.3940110268396
                ]
            ],
            "tags": [
                "mirror ball"
            ],
            "type": "region"
        }
    ],
    "size": [
        2592,
        1728
    ]
}