{
    "objects": [
        {
            "data": [
                [
                    353.49999999999994,
                    631.9999999999999
                ],
                [
                    372.49999999999994,
                    623.4999999999999
                ],
                [
                    380.49999999999994,
                    610.4999999999999
                ],
                [
                    381.99999999999994,
                    596.5
                ],
                [
                    380.99999999999994,
                    585.5
                ],
                [
                    372.99999999999994,
                    571.0
                ],
                [
                    365.99999999999994,
                    556.5
                ],
                [
                    357.49999999999994,
                    548.0
                ],
                [
                    346.99999999999994,
                    545.0
                ],
                [
                    336.49999999999994,
                    546.0
                ],
                [
                    329.99999999999994,
                    548.0
                ],
                [
                    324.99999999999994,
                    552.0
                ],
                [
                    312.99999999999994,
                    563.5
                ],
                [
                    305.99999999999994,
                    576.5
                ],
                [
                    303.99999999999994,
                    583.5
                ],
                [
                    303.0,
                    590.5
                ],
                [
                    305.49999999999994,
                    601.5
                ],
                [
                    309.49999999999994,
                    615.9999999999999
                ],
                [
                    315.99999999999994,
                    625.9999999999999
                ],
                [
                    324.99999999999994,
                    632.9999999999999
                ],
                [
                    332.99999999999994,
                    633.9999999999999
                ]
            ],
            "tags": [
                "mirror ball"
            ],
            "type": "region"
        }
    ],
    "size": [
        2592,
        1728
    ]
}