{
    "objects": [
        {
            "data": [
                [
                    447.1213203435597,
                    483.87867965644034
                ],
                [
                    432.0,
                    482.0
                ],
                [
                    416.0,
                    484.0
                ],
                [
                    400.0,
                    490.0
                ],
                [
                    392.0,
                    508.0
                ],
                [
                    395.0,
                    529.0
                ],
                [
                    404.0,
                    546.0
                ],
                [
                    421.0,
                    553.0
                ],
                [
                    439.0,
                    552.0
                ],
                [
                    448.70710678118655,
                    550.4142135623731
                ],
                [
                    461.0,
                    542.0
                ],
                [
                    470.2426406871193,
                    522.7071067811864
                ],
                [
                    465.82842712474616,
                    499.29289321881345
                ]
            ],
            "tags": [
                "mirror ball"
            ],
            "type": "region"
        }
    ],
    "size": [
        2592,
        1728
    ]
}