{
    "objects": [
        {
            "data": [
                [
                    282.0,
                    617.0
                ],
                [
                    293.20125487007954,
                    610.4432463901207
                ],
                [
                    300.96458353889875,
                    599.7163778373904
                ],
                [
                    303.9558486564024,
                    585.4524628396568
                ],
                [
                    304.56741628935833,
                    573.670812217636
                ],
                [
                    296.0106626794791,
                    561.4695573475567
                ],
                [
                    288.2837941267485,
                    552.7062286787375
                ],
                [
                    275.01987912901495,
                    548.7149635612341
                ],
                [
                    261.23822850699435,
                    550.1033959282777
                ],
                [
                    249.0369736369148,
                    556.6601495381569
                ],
                [
                    242.2736449680956,
                    568.3870180908873
                ],
                [
                    238.28237985059195,
                    580.6509330886208
                ],
                [
                    239.670812217636,
                    594.4325837106417
                ],
                [
                    247.22756582751526,
                    605.633838580721
                ],
                [
                    256.95443438024586,
                    613.3971672495402
                ],
                [
                    269.2183493779794,
                    616.3884323670436
                ]
            ],
            "tags": [
                "mirror ball"
            ],
            "type": "region"
        }
    ],
    "size": [
        2592,
        1728
    ]
}