{
    "objects": [
        {
            "data": [
                [
                    399.0,
                    646.0
                ],
                [
                    411.00155374017777,
                    641.903486186475
                ],
                [
                    420.756508767442,
                    631.6782460754814
                ],
                [
                    423.9320025427555,
                    619.880979781886
                ],
                [
                    420.8923539897728,
                    607.4599550913804
                ],
                [
                    413.79584017624757,
                    596.4584013512024
                ],
                [
                    401.57060006525444,
                    591.7034463239386
                ],
                [
                    390.77333377165905,
                    589.5279525486251
                ],
                [
                    381.3523090811532,
                    589.5676011016076
                ],
                [
                    370.3507553409754,
                    594.6641149151326
                ],
                [
                    364.59580031371115,
                    601.8893550261262
                ],
                [
                    360.42030653839765,
                    610.6866213197216
                ],
                [
                    360.4599550913804,
                    623.1076460102272
                ],
                [
                    365.5564689049056,
                    634.1091997504052
                ],
                [
                    375.78170901589874,
                    642.864154777669
                ],
                [
                    387.5789753094946,
                    647.0396485529827
                ]
            ],
            "tags": [
                "mirror ball"
            ],
            "type": "region"
        }
    ],
    "size": [
        2592,
        1728
    ]
}