{
    "objects": [
        {
            "data": [
                [
                    310.0,
                    666.0
                ],
                [
                    322.6387335667637,
                    674.9685071422277
                ],
                [
                    332.7726153015924,
                    666.4072594633897
                ],
                [
                    338.8588535742251,
                    654.6196293146852
                ],
                [
                    339.97087377954085,
                    641.4001765311214
                ],
                [
                    335.9393809217686,
                    628.7614429643579
                ],
                [
                    327.3781332429303,
                    618.6275612295292
                ],
                [
                    315.5905030942263,
                    612.5413229568962
                ],
                [
                    302.3710503106622,
                    611.4293027515805
                ],
                [
                    289.73231674389854,
                    615.4607956093528
                ],
                [
                    279.5984350090698,
                    624.0220432881908
                ],
                [
                    273.5121967364371,
                    635.8096734368951
                ],
                [
                    272.40017653112136,
                    649.0291262204591
                ],
                [
                    276.4316693888936,
                    661.6678597872228
                ],
                [
                    284.9929170677319,
                    671.8017415220513
                ],
                [
                    296.78054721643593,
                    677.8879797946843
                ]
            ],
            "tags": [
                "mirror ball"
            ],
            "type": "region"
        }
    ],
    "size": [
        2592,
        1728
    ]
}