{
    "objects": [
        {
            "data": [
                [
                    295.0,
                    582.0
                ],
                [
                    306.93030237295716,
                    574.5856802725698
                ],
                [
                    315.1151272300581,
                    563.170212967666
                ],
                [
                    318.3084091824303,
                    549.491499500991
                ],
                [
                    316.0239999999999,
                    535.6320000000001
                ],
                [
                    308.6096802725697,
                    523.7016976270431
                ],
                [
                    297.19421296766586,
                    515.5168727699424
                ],
                [
                    283.5154995009907,
                    512.3235908175693
                ],
                [
                    269.65599999999995,
                    514.6080000000002
                ],
                [
                    257.7256976270428,
                    522.0223197274304
                ],
                [
                    249.54087276994187,
                    533.4377870323342
                ],
                [
                    246.34759081756965,
                    547.1165004990091
                ],
                [
                    248.63200000000006,
                    560.9760000000001
                ],
                [
                    256.0463197274303,
                    572.906302372957
                ],
                [
                    267.4617870323341,
                    581.0911272300577
                ],
                [
                    281.14050049900925,
                    584.2844091824306
                ]
            ],
            "tags": [
                "mirror ball"
            ],
            "type": "region"
        }
    ],
    "size": [
        2592,
        1728
    ]
}