{
    "objects": [
        {
            "data": [
                [
                    288.0,
                    579.0
                ],
                [
                    273.0,
                    571.0
                ],
                [
                    262.0,
                    573.0
                ],
                [
                    248.49999999999997,
                    577.0
                ],
                [
                    237.5,
                    587.5
                ],
                [
                    236.0,
                    600.0
                ],
                [
                    235.0,
                    610.0
                ],
                [
                    240.0,
                    624.0
                ],
                [
                    251.0,
                    632.0
                ],
                [
                    261.0,
                    637.5
                ],
                [
                    282.0,
                    634.5
                ],
                [
                    295.0,
                    627.5
                ],
                [
                    299.99999999999994,
                    616.9999999999999
                ],
                [
                    301.0,
                    605.0
                ],
                [
                    296.0,
                    588.0
                ]
            ],
            "tags": [
                "mirror ball"
            ],
            "type": "region"
        }
    ],
    "size": [
        2592,
        1728
    ]
}