{
    "objects": [
        {
            "data": [
                [
                    343.0,
                    655.0
                ],
                [
                    357.69844982498853,
                    664.1607431870023
                ],
                [
                    366.9610677379883,
                    654.7542460326763
                ],
                [
                    373.2254631926071,
                    644.0603215236824
                ],
                [
                    374.5379387677667,
                    630.8592636608248
                ],
                [
                    370.6986819547683,
                    618.160813835836
                ],
                [
                    362.292184800443,
                    607.8981959228367
                ],
                [
                    350.59826029144915,
                    601.6338004682177
                ],
                [
                    337.3972024285913,
                    600.3213248930583
                ],
                [
                    324.69875260360277,
                    604.1605817060561
                ],
                [
                    314.436134690603,
                    612.567078860382
                ],
                [
                    308.1717392359842,
                    624.2610033693759
                ],
                [
                    306.8592636608246,
                    637.4620612322335
                ],
                [
                    310.698520473823,
                    650.1605110572223
                ],
                [
                    319.1050176281483,
                    660.4231289702216
                ],
                [
                    330.79894213714215,
                    668.6875244248406
                ]
            ],
            "tags": [
                "mirror ball"
            ],
            "type": "region"
        }
    ],
    "size": [
        2592,
        1728
    ]
}