{
    "objects": [
        {
            "data": [
                [
                    413.0,
                    576.0
                ],
                [
                    405.0,
                    568.0
                ],
                [
                    388.53553390593277,
                    566.0
                ],
                [
                    372.363961030679,
                    567.7573593128807
                ],
                [
                    361.9497474683059,
                    580.9791847198287
                ],
                [
                    356.3431457505076,
                    595.0294372515228
                ],
                [
                    360.2985565973347,
                    612.3229432149742
                ],
                [
                    377.0,
                    627.0
                ],
                [
                    394.8284271247462,
                    628.8284271247462
                ],
                [
                    412.7781745930521,
                    624.1213203435595
                ],
                [
                    421.6568542494923,
                    607.2218254069479
                ],
                [
                    419.99999999999994,
                    587.221825406948
                ]
            ],
            "tags": [
                "mirror ball"
            ],
            "type": "region"
        }
    ],
    "size": [
        2592,
        1728
    ]
}