{
    "objects": [
        {
            "data": [
                [
                    314.3366158202091,
                    703.5397179880388
                ],
                [
                    332.7213921310593,
                    699.2970773009195
                ],
                [
                    342.62088706767094,
                    695.0544366138001
                ],
                [
                    347.5706345359768,
                    679.4980874276962
                ],
                [
                    346.86352775479025,
                    667.4772721475249
                ],
                [
                    341.2066735052979,
                    658.9919907732863
                ],
                [
                    334.1356056934324,
                    656.8706704297266
                ],
                [
                    329.18585822512654,
                    651.2138161802343
                ],
                [
                    317.87214972614186,
                    640.607214462436
                ],
                [
                    310.8010819142763,
                    638.4858941188763
                ],
                [
                    305.14422766478395,
                    639.193000900063
                ],
                [
                    291.70919882223956,
                    646.971175493115
                ],
                [
                    286.75945135393374,
                    653.3351365237938
                ],
                [
                    283.9310242291875,
                    666.7701653663382
                ],
                [
                    282.5168106668144,
                    675.9625535217634
                ],
                [
                    282.5168106668144,
                    687.9833688019347
                ],
                [
                    290.29498525986645,
                    697.1757569573598
                ],
                [
                    295.9518395093588,
                    702.1255044256657
                ]
            ],
            "tags": [
                "mirror ball"
            ],
            "type": "region"
        }
    ],
    "size": [
        2592,
        1728
    ]
}