{
    "objects": [
        {
            "data": [
                [
                    306.0,
                    679.0
                ],
                [
                    318.5773454157047,
                    674.7808883484845
                ],
                [
                    328.58271329026593,
                    666.0697957345462
                ],
                [
                    334.4928770636661,
                    654.192907042406
                ],
                [
                    335.4080678771743,
                    640.9583709111782
                ],
                [
                    331.18895622565924,
                    628.3810254954735
                ],
                [
                    322.47786361172075,
                    618.3756576209128
                ],
                [
                    310.6009749195805,
                    612.4654938475119
                ],
                [
                    297.36643878835275,
                    611.5503030340037
                ],
                [
                    284.78909337264804,
                    615.7694146855192
                ],
                [
                    274.7837254980868,
                    624.4805072994575
                ],
                [
                    268.8735617246866,
                    636.3573959915977
                ],
                [
                    267.95837091117846,
                    649.5919321228255
                ],
                [
                    272.1774825626935,
                    662.1692775385302
                ],
                [
                    280.888575176632,
                    672.1746454130912
                ],
                [
                    292.76546386877226,
                    678.0848091864918
                ]
            ],
            "tags": [
                "mirror ball"
            ],
            "type": "region"
        }
    ],
    "size": [
        2592,
        1728
    ]
}