{
    "objects": [
        {
            "data": [
                [
                    256.0,
                    681.0
                ],
                [
                    269.54178900461784,
                    689.318163794781
                ],
                [
                    280.71991345064,
                    681.1170558184344
                ],
                [
                    286.98484615608777,
                    669.6452204171296
                ],
                [
                    288.3828079083132,
                    656.6491405382687
                ],
                [
                    284.7009717030942,
                    644.1073515336507
                ],
                [
                    276.4998637267472,
                    633.9292270876285
                ],
                [
                    265.02802832544285,
                    627.6642943821807
                ],
                [
                    252.03194844658174,
                    626.2663326299557
                ],
                [
                    239.4901594419639,
                    629.9481688351748
                ],
                [
                    229.31203499594176,
                    638.1492768115213
                ],
                [
                    223.04710229049397,
                    649.6211122128261
                ],
                [
                    221.6491405382685,
                    662.617192091687
                ],
                [
                    225.33097674348755,
                    675.1589810963051
                ],
                [
                    233.53208471983453,
                    685.3371055423272
                ],
                [
                    244.0039201211389,
                    693.602038247775
                ]
            ],
            "tags": [
                "mirror ball"
            ],
            "type": "region"
        }
    ],
    "size": [
        2592,
        1728
    ]
}