{
    "objects": [
        {
            "data": [
                [
                    332.0,
                    645.0
                ],
                [
                    344.97212172671243,
                    653.7316041356617
                ],
                [
                    355.32335510320945,
                    644.8239044925081
                ],
                [
                    361.4778186820831,
                    632.6330175927098
                ],
                [
                    362.4985511738014,
                    619.0148954560973
                ],
                [
                    358.23015530946304,
                    606.0427737293846
                ],
                [
                    349.32245566630945,
                    595.6915403528881
                ],
                [
                    337.131568766511,
                    589.5370767740142
                ],
                [
                    323.5134466298987,
                    588.5163442822959
                ],
                [
                    310.54132490318625,
                    592.7847401466342
                ],
                [
                    300.19009152668923,
                    601.6924397897878
                ],
                [
                    294.03562794781556,
                    613.883326689586
                ],
                [
                    293.0148954560973,
                    627.5014488261986
                ],
                [
                    297.28329132043564,
                    640.4735705529113
                ],
                [
                    306.19099096358923,
                    650.8248039294081
                ],
                [
                    316.3818778633877,
                    656.9792675082817
                ]
            ],
            "tags": [
                "mirror ball"
            ],
            "type": "region"
        }
    ],
    "size": [
        2592,
        1728
    ]
}