{
    "objects": [
        {
            "data": [
                [
                    303.0,
                    640.0
                ],
                [
                    315.70823520577596,
                    635.5609087853986
                ],
                [
                    325.7503469441467,
                    626.5964922014286
                ],
                [
                    331.59751473491497,
                    614.4715014103604
                ],
                [
                    332.3595602866435,
                    601.031856346819
                ],
                [
                    327.9204690720421,
                    588.3236211410426
                ],
                [
                    318.95605248807215,
                    578.2815094026719
                ],
                [
                    306.83106169700386,
                    572.4343416119041
                ],
                [
                    293.39141663346254,
                    571.6722960601755
                ],
                [
                    280.6831814276866,
                    576.1113872747769
                ],
                [
                    270.6410696893158,
                    585.0758038587469
                ],
                [
                    264.7939018985476,
                    597.2007946498152
                ],
                [
                    264.03185634681904,
                    610.6404397133565
                ],
                [
                    268.4709475614204,
                    623.3486749191329
                ],
                [
                    277.4353641453904,
                    633.3907866575037
                ],
                [
                    289.5603549364587,
                    639.2379544482715
                ]
            ],
            "tags": [
                "mirror ball"
            ],
            "type": "region"
        }
    ],
    "size": [
        2592,
        1728
    ]
}