{
    "objects": [
        {
            "data": [
                [
                    361.0,
                    575.0
                ],
                [
                    337.0,
                    572.0
                ],
                [
                    322.0,
                    579.0
                ],
                [
                    313.0,
                    592.0
                ],
                [
                    310.0,
                    609.0
                ],
                [
                    311.0,
                    621.0
                ],
                [
                    315.0,
                    629.0
                ],
                [
                    327.0,
                    639.0
                ],
                [
                    349.0,
                    637.0
                ],
                [
                    367.0,
                    636.0
                ],
                [
                    382.0,
                    625.0
                ],
                [
                    386.53553390593277,
                    609.0
                ],
                [
                    383.0,
                    593.0502525316941
                ],
                [
                    374.0,
                    584.0
                ]
            ],
            "tags": [
                "mirror ball"
            ],
            "type": "region"
        }
    ],
    "size": [
        2592,
        1728
    ]
}