{
    "objects": [
        {
            "data": [
                [
                    434.0,
                    567.0
                ],
                [
                    423.0,
                    563.0
                ],
                [
                    402.0,
                    572.0
                ],
                [
                    395.82842712474616,
                    592.2928932188134
                ],
                [
                    398.82842712474604,
                    619.4350288425444
                ],
                [
                    412.6568542494923,
                    630.8994949366115
                ],
                [
                    428.6568542494923,
                    630.4852813742384
                ],
                [
                    442.2426406871193,
                    619.5355339059327
                ],
                [
                    445.4142135623731,
                    610.4142135623731
                ],
                [
                    447.12132034355966,
                    598.0
                ],
                [
                    446.41421356237305,
                    585.1715728752539
                ]
            ],
            "tags": [
                "mirror ball"
            ],
            "type": "region"
        }
    ],
    "size": [
        2592,
        1728
    ]
}