{
    "objects": [
        {
            "data": [
                [
                    322.0,
                    442.0
                ],
                [
                    306.0,
                    440.0
                ],
                [
                    288.0,
                    443.0
                ],
                [
                    275.445742854949,
                    448.2741699796952
                ],
                [
                    265.0,
                    462.0
                ],
                [
                    265.0,
                    482.0
                ],
                [
                    276.0,
                    502.0
                ],
                [
                    287.0,
                    512.0
                ],
                [
                    313.0,
                    514.0
                ],
                [
                    339.0,
                    505.0
                ],
                [
                    347.0,
                    488.0
                ],
                [
                    348.0,
                    470.0
                ],
                [
                    341.0,
                    453.0
                ]
            ],
            "tags": [
                "mirror ball"
            ],
            "type": "region"
        }
    ],
    "size": [
        2592,
        1728
    ]
}