{
    "objects": [
        {
            "data": [
                [
                    349.0,
                    497.0
                ],
                [
                    364.1979486016576,
                    491.4125758558839
                ],
                [
                    376.1008076013377,
                    480.4344659138851
                ],
                [
                    382.8964746160236,
                    465.7369878958584
                ],
                [
                    383.5503709456061,
                    449.5576995970787
                ],
                [
                    377.96294680149003,
                    434.3597509954211
                ],
                [
                    366.9848368594912,
                    422.45689199574144
                ],
                [
                    352.28735884146454,
                    415.6612249810546
                ],
                [
                    336.1080705426848,
                    415.00732865147256
                ],
                [
                    320.9101219410272,
                    420.59475279558865
                ],
                [
                    309.0072629413471,
                    431.57286273758746
                ],
                [
                    302.2115959266612,
                    446.27034075561414
                ],
                [
                    301.5576995970787,
                    462.4496290543939
                ],
                [
                    307.14512374119477,
                    477.64757765605145
                ],
                [
                    318.12323368319403,
                    489.5504366557311
                ],
                [
                    332.82071170122026,
                    496.34610367041796
                ]
            ],
            "tags": [
                "mirror ball"
            ],
            "type": "region"
        }
    ],
    "size": [
        2592,
        1728
    ]
}