{
    "objects": [
        {
            "data": [
                [
                    283.0,
                    486.0
                ],
                [
                    297.43234798456433,
                    481.17653716163204
                ],
                [
                    308.9202395787115,
                    471.1972181056151
                ],
                [
                    315.71474742522923,
                    457.5813036954746
                ],
                [
                    316.7814692968527,
                    442.40169347158326
                ],
                [
                    311.95800645848476,
                    427.9693454870194
                ],
                [
                    301.9786874024676,
                    416.48145389287197
                ],
                [
                    288.36277299232734,
                    409.686946046354
                ],
                [
                    273.183162768436,
                    408.62022417473054
                ],
                [
                    258.75081478387165,
                    413.4436870130985
                ],
                [
                    247.26292318972446,
                    423.42300606911544
                ],
                [
                    240.46841534320674,
                    437.0389204792559
                ],
                [
                    239.40169347158326,
                    452.2185307031473
                ],
                [
                    244.22515630995122,
                    466.65087868771116
                ],
                [
                    254.2044753659684,
                    478.13877028185857
                ],
                [
                    267.82038977610864,
                    484.9332781283765
                ]
            ],
            "tags": [
                "mirror ball"
            ],
            "type": "region"
        }
    ],
    "size": [
        2592,
        1728
    ]
}