{
    "objects": [
        {
            "data": [
                [
                    377.0,
                    415.0
                ],
                [
                    354.0,
                    410.0
                ],
                [
                    338.0,
                    416.0
                ],
                [
                    318.46446609406723,
                    420.17157287525384
                ],
                [
                    309.1715728752538,
                    433.221825406948
                ],
                [
                    309.87867965644034,
                    455.22182540694797
                ],
                [
                    321.0,
                    482.0
                ],
                [
                    333.0,
                    491.0
                ],
                [
                    347.0,
                    497.0
                ],
                [
                    363.0,
                    495.0
                ],
                [
                    385.0,
                    485.0
                ],
                [
                    395.0,
                    471.0
                ],
                [
                    397.0,
                    458.0
                ],
                [
                    394.0,
                    438.0
                ],
                [
                    390.0,
                    427.0
                ]
            ],
            "tags": [
                "mirror ball"
            ],
            "type": "region"
        }
    ],
    "size": [
        2592,
        1728
    ]
}