{
    "objects": [
        {
            "data": [
                [
                    342.0,
                    420.0
                ],
                [
                    330.0,
                    418.0
                ],
                [
                    311.0,
                    422.0
                ],
                [
                    298.0,
                    434.0
                ],
                [
                    291.0,
                    447.0
                ],
                [
                    292.0,
                    469.0
                ],
                [
                    302.0,
                    483.0
                ],
                [
                    313.0,
                    489.0
                ],
                [
                    336.0,
                    493.0
                ],
                [
                    356.76302269140194,
                    487.87214972614174
                ],
                [
                    369.07106781186553,
                    473.6360389693211
                ],
                [
                    371.0,
                    454.0
                ],
                [
                    367.0,
                    437.0
                ],
                [
                    356.0,
                    422.0
                ]
            ],
            "tags": [
                "mirror ball"
            ],
            "type": "region"
        }
    ],
    "size": [
        2592,
        1728
    ]
}