{
    "objects": [
        {
            "data": [
                [
                    348.0,
                    488.0
                ],
                [
                    363.05173935056564,
                    482.58131434573966
                ],
                [
                    374.8840920401685,
                    471.81505029891696
                ],
                [
                    381.69568963236,
                    457.3402739642338
                ],
                [
                    382.44952814101543,
                    441.3606388244716
                ],
                [
                    377.0308424867553,
                    426.30889947390597
                ],
                [
                    366.2645784399324,
                    414.47654678430354
                ],
                [
                    351.78980210524924,
                    407.66494919211186
                ],
                [
                    335.81016696548704,
                    406.9111106834562
                ],
                [
                    320.7584276149214,
                    412.3297963377165
                ],
                [
                    308.9260749253185,
                    423.0960603845392
                ],
                [
                    302.11447733312707,
                    437.57083671922237
                ],
                [
                    301.3606388244716,
                    453.55047185898457
                ],
                [
                    306.7793244787317,
                    468.6022112095502
                ],
                [
                    317.54558852555465,
                    480.43456389915264
                ],
                [
                    332.0203648602378,
                    487.24616149134454
                ]
            ],
            "tags": [
                "mirror ball"
            ],
            "type": "region"
        }
    ],
    "size": [
        2592,
        1728
    ]
}