{
    "objects": [
        {
            "data": [
                [
                    347.0,
                    496.0
                ],
                [
                    362.32842435604744,
                    490.2041035153213
                ],
                [
                    374.2720483238577,
                    478.98345933525184
                ],
                [
                    381.0125634235528,
                    464.04630882081415
                ],
                [
                    381.5237873341248,
                    447.66669773222475
                ],
                [
                    375.72789084944634,
                    432.3382733761771
                ],
                [
                    364.50724666937685,
                    420.39464940836683
                ],
                [
                    349.57009615493916,
                    413.65413430867216
                ],
                [
                    333.19048506634954,
                    413.14291039809996
                ],
                [
                    317.8620607103021,
                    418.93880688277864
                ],
                [
                    305.91843674249185,
                    430.1594510628481
                ],
                [
                    299.1779216427967,
                    445.0966015772858
                ],
                [
                    298.66669773222475,
                    461.4762126658752
                ],
                [
                    304.4625942169032,
                    476.8046370219229
                ],
                [
                    315.6832383969727,
                    488.7482609897331
                ],
                [
                    330.6203889114104,
                    495.4887760894278
                ]
            ],
            "tags": [
                "mirror ball"
            ],
            "type": "region"
        }
    ],
    "size": [
        2592,
        1728
    ]
}