{
    "objects": [
        {
            "data": [
                [
                    348.0,
                    489.0
                ],
                [
                    362.0658721650184,
                    482.620733544024
                ],
                [
                    372.92636694673047,
                    472.88547969374054
                ],
                [
                    378.77583153027444,
                    459.4285835325368
                ],
                [
                    376.57149702335664,
                    440.45097644886573
                ],
                [
                    369.19223056738065,
                    427.3851042838478
                ],
                [
                    360.4569767170974,
                    417.52460950213504
                ],
                [
                    349.0000805558934,
                    411.6751449185913
                ],
                [
                    337.0224734722224,
                    408.8794794255091
                ],
                [
                    321.956601307204,
                    414.2587458814851
                ],
                [
                    310.0961065254919,
                    424.99399973176855
                ],
                [
                    303.2466419419479,
                    439.4508958929723
                ],
                [
                    302.45097644886573,
                    455.42850297664336
                ],
                [
                    307.8302429048417,
                    470.4943751416613
                ],
                [
                    318.56549675512497,
                    482.35486992337405
                ],
                [
                    333.0223929163294,
                    489.2043345069178
                ]
            ],
            "tags": [
                "mirror ball"
            ],
            "type": "region"
        }
    ],
    "size": [
        2592,
        1728
    ]
}