{
    "objects": [
        {
            "data": [
                [
                    289.0,
                    485.0
                ],
                [
                    303.35576606345103,
                    480.57607565596413
                ],
                [
                    312.9258019504946,
                    469.99518866973926
                ],
                [
                    317.948674579965,
                    455.7159422340212
                ],
                [
                    316.3552152565235,
                    441.7599812419794
                ],
                [
                    309.9312909124874,
                    429.40421517852815
                ],
                [
                    299.35040392626297,
                    419.8341792914846
                ],
                [
                    289.0711574905449,
                    414.81130666201466
                ],
                [
                    278.1151964985029,
                    410.4047659854559
                ],
                [
                    266.75943043505185,
                    413.8286903294918
                ],
                [
                    255.1893945480083,
                    422.40957731571666
                ],
                [
                    248.1665219185379,
                    435.6888237514347
                ],
                [
                    246.7599812419794,
                    450.6447847434765
                ],
                [
                    251.1839055860155,
                    465.0005508069278
                ],
                [
                    260.7647925722399,
                    476.57058669397134
                ],
                [
                    274.04403900795796,
                    483.59345932344127
                ]
            ],
            "tags": [
                "mirror ball"
            ],
            "type": "region"
        }
    ],
    "size": [
        2592,
        1728
    ]
}