{
    "objects": [
        {
            "data": [
                [
                    279.0,
                    484.0
                ],
                [
                    293.3303583514489,
                    479.4944528202054
                ],
                [
                    304.84568486645776,
                    469.8478792770752
                ],
                [
                    311.79287546981186,
                    456.52888274614406
                ],
                [
                    313.1142833685899,
                    441.56515971224167
                ],
                [
                    308.6087361887953,
                    427.23480136079297
                ],
                [
                    298.9621626456651,
                    415.71947484578413
                ],
                [
                    285.6431661147335,
                    408.77228424243003
                ],
                [
                    270.67944308083133,
                    407.450876343652
                ],
                [
                    256.3490847293824,
                    411.9564235234466
                ],
                [
                    244.83375821437357,
                    421.6029970665768
                ],
                [
                    237.88656761101947,
                    434.92199359750794
                ],
                [
                    236.56515971224144,
                    449.88571663141033
                ],
                [
                    241.07070689203601,
                    464.216074982859
                ],
                [
                    250.71728043516623,
                    475.73140149786786
                ],
                [
                    264.03627696609783,
                    482.67859210122197
                ]
            ],
            "tags": [
                "mirror ball"
            ],
            "type": "region"
        }
    ],
    "size": [
        2592,
        1728
    ]
}