{
    "objects": [
        {
            "data": [
                [
                    344.0,
                    402.0
                ],
                [
                    323.0,
                    406.0
                ],
                [
                    312.0,
                    415.0
                ],
                [
                    305.0,
                    431.0
                ],
                [
                    304.0,
                    451.0
                ],
                [
                    315.0,
                    469.0
                ],
                [
                    320.1715728752538,
                    477.12132034355966
                ],
                [
                    337.1715728752538,
                    482.8284271247462
                ],
                [
                    356.4142135623731,
                    479.12132034355966
                ],
                [
                    373.733585439879,
                    470.90158697766464
                ],
                [
                    386.55634918610394,
                    459.9289321881345
                ],
                [
                    388.0208152801713,
                    440.9289321881345
                ],
                [
                    375.12132034355966,
                    431.3639610306789
                ],
                [
                    364.0,
                    408.0
                ]
            ],
            "tags": [
                "mirror ball"
            ],
            "type": "region"
        }
    ],
    "size": [
        2592,
        1728
    ]
}