{
    "objects": [
        {
            "data": [
                [
                    360.0,
                    408.0
                ],
                [
                    329.0,
                    409.0
                ],
                [
                    308.1715728752539,
                    416.1715728752538
                ],
                [
                    299.5857864376269,
                    431.7573593128807
                ],
                [
                    299.1715728752538,
                    450.4644660940673
                ],
                [
                    309.0,
                    470.0
                ],
                [
                    326.0,
                    484.0
                ],
                [
                    350.0,
                    488.0
                ],
                [
                    366.0,
                    482.0
                ],
                [
                    380.0,
                    475.0
                ],
                [
                    386.0,
                    454.0
                ],
                [
                    386.0,
                    440.0
                ],
                [
                    381.0,
                    422.0
                ]
            ],
            "tags": [
                "mirror ball"
            ],
            "type": "region"
        }
    ],
    "size": [
        2592,
        1728
    ]
}