{
    "objects": [
        {
            "data": [
                [
                    358.0,
                    488.0
                ],
                [
                    373.05173935056564,
                    482.58131434573966
                ],
                [
                    384.8840920401685,
                    471.81505029891696
                ],
                [
                    391.69568963236,
                    457.3402739642338
                ],
                [
                    392.44952814101543,
                    441.3606388244716
                ],
                [
                    387.0308424867553,
                    426.30889947390597
                ],
                [
                    376.2645784399324,
                    414.47654678430354
                ],
                [
                    361.78980210524924,
                    407.66494919211186
                ],
                [
                    345.81016696548704,
                    406.9111106834562
                ],
                [
                    330.7584276149214,
                    412.3297963377165
                ],
                [
                    318.9260749253185,
                    423.0960603845392
                ],
                [
                    312.11447733312707,
                    437.57083671922237
                ],
                [
                    311.3606388244716,
                    453.55047185898457
                ],
                [
                    316.7793244787317,
                    468.6022112095502
                ],
                [
                    327.54558852555465,
                    480.43456389915264
                ],
                [
                    342.0203648602378,
                    487.24616149134454
                ]
            ],
            "tags": [
                "mirror ball"
            ],
            "type": "region"
        }
    ],
    "size": [
        2592,
        1728
    ]
}