{
    "objects": [
        {
            "data": [
                [
                    328.0,
                    507.0
                ],
                [
                    343.0236819417455,
                    502.7721782349354
                ],
                [
                    355.28583684620116,
                    493.11686606685817
                ],
                [
                    362.9196627858737,
                    479.50399724773456
                ],
                [
                    364.7629789622533,
                    464.00600765431386
                ],
                [
                    360.5351571971887,
                    448.98232571256835
                ],
                [
                    350.8798450291115,
                    436.7201708081129
                ],
                [
                    337.2669762099881,
                    429.08634486843994
                ],
                [
                    321.7689866165674,
                    427.2430286920603
                ],
                [
                    306.7453046748219,
                    431.4708504571249
                ],
                [
                    294.48314977036625,
                    441.12616262520214
                ],
                [
                    286.8493238306937,
                    454.73903144432575
                ],
                [
                    285.0060076543141,
                    470.23702103774644
                ],
                [
                    289.2338294193787,
                    485.26070297949195
                ],
                [
                    298.8891415874559,
                    497.5228578839474
                ],
                [
                    312.5020104065793,
                    505.15668382362037
                ]
            ],
            "tags": [
                "mirror ball"
            ],
            "type": "region"
        }
    ],
    "size": [
        2592,
        1728
    ]
}