{
    "objects": [
        {
            "data": [
                [
                    354.0,
                    480.0
                ],
                [
                    368.8523872036758,
                    474.60372462259306
                ],
                [
                    380.509138566671,
                    463.9344537356942
                ],
                [
                    387.1956193626843,
                    449.61648711465205
                ],
                [
                    387.89387350362176,
                    433.8296053848301
                ],
                [
                    382.4975981262146,
                    418.97721818115406
                ],
                [
                    371.8283272393155,
                    407.3204668181588
                ],
                [
                    357.5103606182738,
                    400.6339860221458
                ],
                [
                    341.7234788884516,
                    399.93573188120854
                ],
                [
                    326.8710916847758,
                    405.3320072586155
                ],
                [
                    315.2143403217806,
                    416.00127814551433
                ],
                [
                    308.5278595257673,
                    430.3192447665565
                ],
                [
                    307.82960538482985,
                    446.10612649637847
                ],
                [
                    313.225880762237,
                    460.9585137000545
                ],
                [
                    323.8951516491361,
                    472.6152650630497
                ],
                [
                    338.2131182701778,
                    479.30174585906275
                ]
            ],
            "tags": [
                "mirror ball"
            ],
            "type": "region"
        }
    ],
    "size": [
        2592,
        1728
    ]
}