{
    "objects": [
        {
            "data": [
                [
                    248.29289321881345,
                    502.94974746830576
                ],
                [
                    233.82842712474616,
                    502.8284271247462
                ],
                [
                    224.0,
                    503.0
                ],
                [
                    210.0,
                    515.0
                ],
                [
                    204.0,
                    527.0
                ],
                [
                    206.0,
                    549.0
                ],
                [
                    213.0,
                    561.0
                ],
                [
                    234.0,
                    567.0
                ],
                [
                    247.0,
                    566.0
                ],
                [
                    259.0,
                    566.0
                ],
                [
                    271.0,
                    560.0
                ],
                [
                    280.0,
                    554.0
                ],
                [
                    286.0,
                    547.0
                ],
                [
                    286.0,
                    532.0
                ],
                [
                    282.0,
                    517.0
                ],
                [
                    275.0,
                    510.0
                ]
            ],
            "tags": [
                "mirror ball"
            ],
            "type": "region"
        }
    ],
    "size": [
        2592,
        1728
    ]
}