{
    "objects": [
        {
            "data": [
                [
                    315.0,
                    575.0
                ],
                [
                    329.1815392120325,
                    572.2978183699663
                ],
                [
                    341.2494928884794,
                    564.3742879669694
                ],
                [
                    349.36662447837625,
                    552.4356944678841
                ],
                [
                    352.29717427914056,
                    538.2995805093262
                ],
                [
                    349.59499264910664,
                    524.1180412972942
                ],
                [
                    341.67146224610997,
                    512.0500876208466
                ],
                [
                    329.73286874702444,
                    503.93295603095044
                ],
                [
                    315.59675478846657,
                    501.0024062301859
                ],
                [
                    301.4152155764341,
                    503.7045878602196
                ],
                [
                    289.3472618999872,
                    511.6281182632165
                ],
                [
                    281.2301303100903,
                    523.5667117623018
                ],
                [
                    278.299580509326,
                    537.7028257208597
                ],
                [
                    281.0017621393599,
                    551.8843649328917
                ],
                [
                    288.9252925423566,
                    563.9523186093393
                ],
                [
                    300.86388604144213,
                    572.0694501992355
                ]
            ],
            "tags": [
                "mirror ball"
            ],
            "type": "region"
        }
    ],
    "size": [
        2592,
        1728
    ]
}