{
    "objects": [
        {
            "data": [
                [
                    302.0,
                    493.0
                ],
                [
                    287.0,
                    494.0
                ],
                [
                    273.0,
                    501.0
                ],
                [
                    265.1715728752538,
                    512.585786437627
                ],
                [
                    263.46446609406723,
                    526.8786796564405
                ],
                [
                    275.0,
                    546.0
                ],
                [
                    292.0,
                    551.1715728752538
                ],
                [
                    305.4142135623731,
                    550.1715728752538
                ],
                [
                    318.0,
                    548.0
                ],
                [
                    329.0,
                    543.0
                ],
                [
                    336.41421356237305,
                    532.3639610306789
                ],
                [
                    337.53553390593277,
                    518.0
                ],
                [
                    332.9497474683059,
                    507.82842712474616
                ],
                [
                    325.12132034355966,
                    499.29289321881345
                ]
            ],
            "tags": [
                "mirror ball"
            ],
            "type": "region"
        }
    ],
    "size": [
        2592,
        1728
    ]
}