{
    "objects": [
        {
            "data": [
                [
                    301.0502525316942,
                    490.5857864376269
                ],
                [
                    284.0,
                    492.0
                ],
                [
                    269.0502525316941,
                    498.29289321881345
                ],
                [
                    261.0,
                    509.0
                ],
                [
                    260.0,
                    527.0
                ],
                [
                    267.0,
                    546.0
                ],
                [
                    271.0,
                    555.0
                ],
                [
                    282.0,
                    562.0
                ],
                [
                    300.1715728752539,
                    562.5857864376269
                ],
                [
                    315.0,
                    557.0
                ],
                [
                    322.0,
                    546.0
                ],
                [
                    328.0,
                    527.0
                ],
                [
                    329.0,
                    515.0
                ],
                [
                    324.0,
                    505.0
                ]
            ],
            "tags": [
                "mirror ball"
            ],
            "type": "region"
        }
    ],
    "size": [
        2592,
        1728
    ]
}