{
    "objects": [
        {
            "data": [
                [
                    299.0,
                    584.0
                ],
                [
                    312.67940588806914,
                    580.8096855515159
                ],
                [
                    324.09664852150036,
                    572.6273373323249
                ],
                [
                    331.51355620691675,
                    560.6986436856275
                ],
                [
                    333.8009719836491,
                    546.8396400852564
                ],
                [
                    330.6106575351646,
                    533.1602341971873
                ],
                [
                    322.4283093159738,
                    521.7429915637556
                ],
                [
                    310.4996156692764,
                    514.3260838783394
                ],
                [
                    296.6406120689053,
                    512.0386681016075
                ],
                [
                    282.96120618083614,
                    515.2289825500916
                ],
                [
                    271.5439635474049,
                    523.4113307692826
                ],
                [
                    264.12705586198854,
                    535.34002441598
                ],
                [
                    261.8396400852562,
                    549.1990280163511
                ],
                [
                    265.0299545337407,
                    562.8784339044203
                ],
                [
                    273.21230275293146,
                    574.2956765378519
                ],
                [
                    285.1409963996289,
                    581.7125842232681
                ]
            ],
            "tags": [
                "mirror ball"
            ],
            "type": "region"
        }
    ],
    "size": [
        2592,
        1728
    ]
}