{
    "objects": [
        {
            "data": [
                [
                    312.0,
                    579.0
                ],
                [
                    325.92687112379826,
                    575.1973560927677
                ],
                [
                    337.33841348451597,
                    566.3545883736856
                ],
                [
                    344.4973232036232,
                    553.817928068095
                ],
                [
                    346.3137211720641,
                    539.4959680624136
                ],
                [
                    342.5110772648318,
                    525.5690969386153
                ],
                [
                    333.6683095457497,
                    514.1575545778974
                ],
                [
                    321.1316492401593,
                    506.99864485879016
                ],
                [
                    306.80968923447745,
                    505.1822468903497
                ],
                [
                    292.8828181106792,
                    508.984890797582
                ],
                [
                    281.4712757499615,
                    517.8276585166641
                ],
                [
                    274.31236603085426,
                    530.3643188222547
                ],
                [
                    272.49596806241334,
                    544.6862788279361
                ],
                [
                    276.29861196964566,
                    558.6131499517344
                ],
                [
                    285.14137968872774,
                    570.0246923124523
                ],
                [
                    297.67803999431817,
                    577.1836020315595
                ]
            ],
            "tags": [
                "mirror ball"
            ],
            "type": "region"
        }
    ],
    "size": [
        2592,
        1728
    ]
}