{
    "objects": [
        {
            "data": [
                [
                    236.0,
                    550.0
                ],
                [
                    249.8995732310691,
                    546.8976058248786
                ],
                [
                    261.55386959841053,
                    538.7122309522265
                ],
                [
                    269.1886281265565,
                    526.6900245057966
                ],
                [
                    271.64152603885486,
                    512.6612584354853
                ],
                [
                    268.5391318637335,
                    498.7616852044164
                ],
                [
                    260.35375699108135,
                    487.1073888370747
                ],
                [
                    248.33155054465124,
                    479.47263030892873
                ],
                [
                    234.30278447434011,
                    477.0197323966304
                ],
                [
                    220.40321124327102,
                    480.1221265717518
                ],
                [
                    208.7489148759296,
                    488.3075014444039
                ],
                [
                    201.1141563477836,
                    500.3297078908338
                ],
                [
                    198.66125843548525,
                    514.3584739611451
                ],
                [
                    201.76365261060664,
                    528.258047192214
                ],
                [
                    209.94902748325876,
                    539.9123435595557
                ],
                [
                    221.97123392968888,
                    547.5471020877017
                ]
            ],
            "tags": [
                "mirror ball"
            ],
            "type": "region"
        }
    ],
    "size": [
        2592,
        1728
    ]
}