{
    "objects": [
        {
            "data": [
                [
                    325.24264068711926,
                    493.12132034355966
                ],
                [
                    307.0,
                    497.36396103067887
                ],
                [
                    293.0,
                    495.0
                ],
                [
                    281.0,
                    503.0
                ],
                [
                    275.0,
                    515.0
                ],
                [
                    275.0,
                    526.0
                ],
                [
                    277.0,
                    539.0
                ],
                [
                    285.0,
                    552.0
                ],
                [
                    296.0,
                    561.0
                ],
                [
                    315.0,
                    564.0
                ],
                [
                    338.0,
                    554.0
                ],
                [
                    345.0,
                    546.0
                ],
                [
                    351.0,
                    526.0
                ],
                [
                    343.0,
                    505.0
                ],
                [
                    338.0,
                    494.0
                ]
            ],
            "tags": [
                "mirror ball"
            ],
            "type": "region"
        }
    ],
    "size": [
        2592,
        1728
    ]
}