{
    "objects": [
        {
            "data": [
                [
                    246.0,
                    563.0
                ],
                [
                    258.92687112379826,
                    560.1973560927677
                ],
                [
                    269.33841348451597,
                    551.3545883736856
                ],
                [
                    276.4973232036232,
                    539.817928068095
                ],
                [
                    279.3137211720641,
                    527.4959680624136
                ],
                [
                    274.5110772648318,
                    513.5690969386153
                ],
                [
                    266.6683095457497,
                    501.1575545778974
                ],
                [
                    255.13164924015928,
                    494.99864485879016
                ],
                [
                    238.80968923447745,
                    501.1822468903497
                ],
                [
                    228.88281811067918,
                    498.984890797582
                ],
                [
                    215.47127574996148,
                    504.8276585166641
                ],
                [
                    209.31236603085426,
                    517.3643188222547
                ],
                [
                    207.49596806241334,
                    531.6862788279361
                ],
                [
                    212.29861196964566,
                    544.6131499517344
                ],
                [
                    220.14137968872774,
                    554.0246923124523
                ],
                [
                    232.67803999431817,
                    561.1836020315595
                ]
            ],
            "tags": [
                "mirror ball"
            ],
            "type": "region"
        }
    ],
    "size": [
        2592,
        1728
    ]
}