{
    "objects": [
        {
            "data": [
                [
                    334.0,
                    488.0
                ],
                [
                    318.0,
                    483.0
                ],
                [
                    303.0,
                    485.0
                ],
                [
                    289.5857864376269,
                    493.87867965644034
                ],
                [
                    285.87867965644034,
                    510.5857864376269
                ],
                [
                    287.1715728752538,
                    528.2928932188134
                ],
                [
                    299.0,
                    541.0
                ],
                [
                    314.0,
                    546.0
                ],
                [
                    328.0,
                    543.0
                ],
                [
                    338.0,
                    540.0
                ],
                [
                    346.0,
                    530.0
                ],
                [
                    348.0,
                    520.0
                ],
                [
                    348.0,
                    509.0
                ],
                [
                    348.0,
                    501.0
                ]
            ],
            "tags": [
                "mirror ball"
            ],
            "type": "region"
        }
    ],
    "size": [
        2592,
        1728
    ]
}