{
    "objects": [
        {
            "data": [
                [
                    236.0,
                    461.0
                ],
                [
                    223.0,
                    461.0
                ],
                [
                    211.0,
                    464.0
                ],
                [
                    200.0,
                    474.0
                ],
                [
                    196.0,
                    489.0
                ],
                [
                    201.0,
                    506.0
                ],
                [
                    209.0,
                    516.0
                ],
                [
                    216.0,
                    520.0
                ],
                [
                    230.0,
                    520.0
                ],
                [
                    245.0,
                    519.0
                ],
                [
                    254.0,
                    513.0
                ],
                [
                    260.53553390593277,
                    503.12132034355966
                ],
                [
                    262.53553390593277,
                    494.29289321881345
                ],
                [
                    262.53553390593277,
                    484.4142135623731
                ],
                [
                    254.4142135623731,
                    471.29289321881345
                ]
            ],
            "tags": [
                "mirror ball"
            ],
            "type": "region"
        }
    ],
    "size": [
        2592,
        1728
    ]
}