{
    "objects": [
        {
            "data": [
                [
                    229.0,
                    566.0
                ],
                [
                    242.8498559638051,
                    562.6827005854866
                ],
                [
                    253.3759788908651,
                    554.3178051352149
                ],
                [
                    260.8236210501,
                    542.1787931535227
                ],
                [
                    261.05894643580996,
                    528.1137191742052
                ],
                [
                    256.74164702129656,
                    517.2638632104004
                ],
                [
                    250.37675157102467,
                    505.73774028334014
                ],
                [
                    240.23773958933316,
                    501.2900981241055
                ],
                [
                    229.17266561001543,
                    498.05477273839506
                ],
                [
                    219.32280964621032,
                    501.37207215290846
                ],
                [
                    208.79668671915033,
                    508.7369676031801
                ],
                [
                    199.34904455991546,
                    517.8759795848723
                ],
                [
                    195.11371917420547,
                    529.9410535641898
                ],
                [
                    196.43101858871887,
                    540.7909095279947
                ],
                [
                    202.79591403899076,
                    555.3170324550549
                ],
                [
                    214.93492602068227,
                    563.7646746142896
                ]
            ],
            "tags": [
                "mirror ball"
            ],
            "type": "region"
        }
    ],
    "size": [
        2592,
        1728
    ]
}