{
    "objects": [
        {
            "data": [
                [
                    222.0,
                    561.0
                ],
                [
                    235.9843659209996,
                    557.4145642145363
                ],
                [
                    247.5321484976539,
                    548.7504683271154
                ],
                [
                    254.88530251357633,
                    536.3267423963723
                ],
                [
                    256.9243769263503,
                    522.0347860739066
                ],
                [
                    253.33894114088662,
                    508.05042015290724
                ],
                [
                    244.67484525346572,
                    496.50263757625316
                ],
                [
                    232.2511193227224,
                    489.1494835603303
                ],
                [
                    217.95916300025692,
                    487.1104091475563
                ],
                [
                    203.9747970792573,
                    490.69584493302
                ],
                [
                    192.42701450260301,
                    499.3599408204409
                ],
                [
                    185.0738604866806,
                    511.7836667511838
                ],
                [
                    183.03478607390662,
                    526.0756230736497
                ],
                [
                    186.6202218593703,
                    540.0599889946493
                ],
                [
                    195.2843177467912,
                    551.6077715713031
                ],
                [
                    207.70804367753453,
                    558.960925587226
                ]
            ],
            "tags": [
                "mirror ball"
            ],
            "type": "region"
        }
    ],
    "size": [
        2592,
        1728
    ]
}