{
    "objects": [
        {
            "data": [
                [
                    311.29289321881345,
                    479.5857864376269
                ],
                [
                    295.87867965644034,
                    478.46446609406723
                ],
                [
                    282.58578643762695,
                    483.5857864376269
                ],
                [
                    270.7573593128807,
                    492.8284271247462
                ],
                [
                    265.0,
                    505.0
                ],
                [
                    265.54624791833726,
                    518.2777413171633
                ],
                [
                    270.0,
                    531.0
                ],
                [
                    283.0,
                    542.0
                ],
                [
                    293.70710678118655,
                    545.1715728752538
                ],
                [
                    302.0,
                    547.0
                ],
                [
                    313.0,
                    547.0
                ],
                [
                    327.0,
                    543.0
                ],
                [
                    335.41421356237305,
                    535.9497474683058
                ],
                [
                    339.1213203435596,
                    526.5355339059328
                ],
                [
                    341.53553390593277,
                    516.1213203435597
                ],
                [
                    341.12132034355966,
                    505.87867965644034
                ],
                [
                    336.3639610306789,
                    498.6568542494924
                ],
                [
                    329.12132034355966,
                    488.0
                ]
            ],
            "tags": [
                "mirror ball"
            ],
            "type": "region"
        }
    ],
    "size": [
        2592,
        1728
    ]
}