{
    "objects": [
        {
            "data": [
                [
                    249.0,
                    486.0
                ],
                [
                    229.4644660940673,
                    489.0
                ],
                [
                    215.17157287525384,
                    496.87867965644034
                ],
                [
                    207.7573593128807,
                    510.7573593128807
                ],
                [
                    206.75735931288068,
                    525.0
                ],
                [
                    214.92893218813455,
                    540.0502525316941
                ],
                [
                    230.0,
                    552.0
                ],
                [
                    243.0,
                    554.0
                ],
                [
                    252.0,
                    552.0
                ],
                [
                    267.12132034355966,
                    544.1213203435595
                ],
                [
                    275.8284271247462,
                    533.7071067811866
                ],
                [
                    278.0,
                    521.0
                ],
                [
                    266.3431457505077,
                    509.5857864376269
                ],
                [
                    264.0,
                    494.0
                ]
            ],
            "tags": [
                "mirror ball"
            ],
            "type": "region"
        }
    ],
    "size": [
        2592,
        1728
    ]
}