{
    "objects": [
        {
            "data": [
                [
                    276.0,
                    536.0
                ],
                [
                    290.88799967295154,
                    531.3167359991046
                ],
                [
                    302.85051030829163,
                    521.2925734274352
                ],
                [
                    310.0663481022184,
                    507.4536001672682
                ],
                [
                    311.4369671623399,
                    491.90667444685914
                ],
                [
                    306.7537031614447,
                    477.0186747739076
                ],
                [
                    296.72954058977484,
                    465.05616413856774
                ],
                [
                    282.8905673296081,
                    457.8403263446405
                ],
                [
                    267.34364160919904,
                    456.46970728451925
                ],
                [
                    252.4556419362475,
                    461.15297128541465
                ],
                [
                    240.4931313009074,
                    471.1771338570841
                ],
                [
                    233.27729350698064,
                    485.01610711725107
                ],
                [
                    231.90667444685914,
                    500.5630328376601
                ],
                [
                    236.58993844775432,
                    515.4510325106116
                ],
                [
                    246.6141010194242,
                    527.4135431459515
                ],
                [
                    260.45307427959096,
                    534.6293809398787
                ]
            ],
            "tags": [
                "mirror ball"
            ],
            "type": "region"
        }
    ],
    "size": [
        2592,
        1728
    ]
}