{
    "objects": [
        {
            "data": [
                [
                    273.0,
                    543.0
                ],
                [
                    288.42180159649706,
                    538.7473482137216
                ],
                [
                    301.0422690637238,
                    528.9167423012807
                ],
                [
                    308.9400506346178,
                    515.0048028981817
                ],
                [
                    310.9127806585784,
                    499.1294966665016
                ],
                [
                    306.6601288723,
                    483.70769507000455
                ],
                [
                    296.82952295985933,
                    471.08722760277783
                ],
                [
                    282.9175835567603,
                    463.18944603188356
                ],
                [
                    269.04227732508025,
                    469.21671600792297
                ],
                [
                    253.6204757285832,
                    464.4693677942014
                ],
                [
                    239.00000826135647,
                    475.2999737066423
                ],
                [
                    231.10222669046243,
                    489.2119131097413
                ],
                [
                    229.12949666650184,
                    505.08721934142136
                ],
                [
                    233.38214845278026,
                    520.5090209379184
                ],
                [
                    243.21275436522092,
                    533.1294884051451
                ],
                [
                    257.12469376831996,
                    541.0272699760394
                ]
            ],
            "tags": [
                "mirror ball"
            ],
            "type": "region"
        }
    ],
    "size": [
        2592,
        1728
    ]
}