{
    "objects": [
        {
            "data": [
                [
                    255.12132034355963,
                    475.12132034355966
                ],
                [
                    242.53553390593277,
                    480.07106781186553
                ],
                [
                    230.94974746830584,
                    472.46446609406723
                ],
                [
                    218.87720036002514,
                    479.3868683519032
                ],
                [
                    210.0,
                    500.0
                ],
                [
                    209.68481220460006,
                    514.7422074112307
                ],
                [
                    216.0,
                    532.0
                ],
                [
                    226.65537495307723,
                    538.7838379715732
                ],
                [
                    245.0,
                    543.0
                ],
                [
                    265.0,
                    540.0
                ],
                [
                    275.0,
                    532.0
                ],
                [
                    284.5355339059327,
                    517.0502525316941
                ],
                [
                    285.4142135623731,
                    499.39339828220176
                ],
                [
                    273.0,
                    483.0
                ]
            ],
            "tags": [
                "mirror ball"
            ],
            "type": "region"
        }
    ],
    "size": [
        2592,
        1728
    ]
}