{
    "objects": [
        {
            "data": [
                [
                    284.0,
                    458.0
                ],
                [
                    267.0,
                    457.0
                ],
                [
                    255.0,
                    459.0
                ],
                [
                    246.0,
                    465.0
                ],
                [
                    235.0,
                    472.0
                ],
                [
                    229.12132034355963,
                    490.70710678118655
                ],
                [
                    232.1213203435596,
                    508.0
                ],
                [
                    243.0,
                    522.0
                ],
                [
                    253.82842712474618,
                    528.0
                ],
                [
                    263.53553390593277,
                    531.8284271247462
                ],
                [
                    281.0,
                    531.0
                ],
                [
                    298.0,
                    522.0
                ],
                [
                    306.1715728752538,
                    508.87867965644034
                ],
                [
                    309.0,
                    496.0
                ],
                [
                    309.0,
                    479.0
                ],
                [
                    301.0,
                    466.0
                ]
            ],
            "tags": [
                "mirror ball"
            ],
            "type": "region"
        }
    ],
    "size": [
        2592,
        1728
    ]
}