{
    "objects": [
        {
            "data": [
                [
                    284.0,
                    540.0
                ],
                [
                    298.99231971908284,
                    535.005648887241
                ],
                [
                    310.93216162614226,
                    524.6541577467747
                ],
                [
                    318.0017930257645,
                    510.52144726823576
                ],
                [
                    319.12492662372506,
                    494.75909450864265
                ],
                [
                    314.1305755109661,
                    479.7667747895596
                ],
                [
                    303.77908437049973,
                    467.8269328825004
                ],
                [
                    289.64637389196105,
                    460.7573014828781
                ],
                [
                    273.8840211323677,
                    459.6341678849176
                ],
                [
                    258.89170141328486,
                    464.62851899767657
                ],
                [
                    246.95185950622545,
                    474.9800101381429
                ],
                [
                    239.88222810660318,
                    489.1127206166818
                ],
                [
                    238.75909450864265,
                    504.87507337627494
                ],
                [
                    243.75344562140162,
                    519.867393095358
                ],
                [
                    254.10493676186798,
                    531.8072350024172
                ],
                [
                    268.23764724040666,
                    538.8768664020395
                ]
            ],
            "tags": [
                "mirror ball"
            ],
            "type": "region"
        }
    ],
    "size": [
        2592,
        1728
    ]
}