{
    "objects": [
        {
            "data": [
                [
                    272.53553390593277,
                    466.53553390593277
                ],
                [
                    256.60660171779824,
                    464.5857864376269
                ],
                [
                    242.3639610306789,
                    466.3933982822018
                ],
                [
                    226.0,
                    490.0
                ],
                [
                    227.0,
                    507.0
                ],
                [
                    233.0,
                    520.0
                ],
                [
                    246.0,
                    533.0
                ],
                [
                    256.46446609406723,
                    536.4142135623731
                ],
                [
                    269.5857864376269,
                    537.1213203435597
                ],
                [
                    284.12132034355966,
                    536.5355339059329
                ],
                [
                    297.0,
                    528.0
                ],
                [
                    307.0,
                    516.0
                ],
                [
                    308.0,
                    503.0
                ],
                [
                    305.0,
                    485.0
                ],
                [
                    297.0,
                    474.0
                ],
                [
                    288.0,
                    466.0
                ]
            ],
            "tags": [
                "mirror ball"
            ],
            "type": "region"
        }
    ],
    "size": [
        2592,
        1728
    ]
}