{
    "objects": [
        {
            "data": [
                [
                    274.70710678118655,
                    453.53553390593277
                ],
                [
                    254.0,
                    456.0
                ],
                [
                    241.0,
                    463.0
                ],
                [
                    237.0,
                    472.0
                ],
                [
                    229.0,
                    482.0
                ],
                [
                    229.0,
                    498.0
                ],
                [
                    236.0,
                    512.0
                ],
                [
                    249.0,
                    525.0
                ],
                [
                    264.0,
                    527.0
                ],
                [
                    274.0,
                    527.0
                ],
                [
                    288.0,
                    524.0
                ],
                [
                    287.0,
                    525.0
                ],
                [
                    304.0,
                    511.0
                ],
                [
                    307.0,
                    501.0
                ],
                [
                    309.0,
                    486.0
                ],
                [
                    305.0,
                    471.0
                ],
                [
                    293.0,
                    456.0
                ]
            ],
            "tags": [
                "mirror ball"
            ],
            "type": "region"
        }
    ],
    "size": [
        2592,
        1728
    ]
}