{
    "objects": [
        {
            "data": [
                [
                    273.0,
                    473.0
                ],
                [
                    257.65685424949237,
                    476.9497474683059
                ],
                [
                    243.53553390593274,
                    473.0
                ],
                [
                    229.0,
                    477.0
                ],
                [
                    220.0,
                    489.0
                ],
                [
                    217.0,
                    501.0
                ],
                [
                    216.0,
                    512.0
                ],
                [
                    223.0,
                    533.0
                ],
                [
                    234.0,
                    543.0
                ],
                [
                    251.0,
                    549.0
                ],
                [
                    264.0,
                    549.0
                ],
                [
                    273.0,
                    548.0
                ],
                [
                    282.0,
                    546.0
                ],
                [
                    293.0,
                    538.0
                ],
                [
                    301.0,
                    525.0
                ],
                [
                    303.0,
                    509.0
                ],
                [
                    302.0,
                    496.0
                ],
                [
                    299.0,
                    487.0
                ]
            ],
            "tags": [
                "mirror ball"
            ],
            "type": "region"
        }
    ],
    "size": [
        2592,
        1728
    ]
}