{
    "objects": [
        {
            "data": [
                [
                    262.5355339059327,
                    478.29289321881345
                ],
                [
                    252.07106781186545,
                    486.1923881554252
                ],
                [
                    234.41421356237308,
                    485.1923881554252
                ],
                [
                    224.5355339059327,
                    475.0502525316941
                ],
                [
                    213.22034611053283,
                    487.1650429449553
                ],
                [
                    207.87867965644034,
                    501.2426406871193
                ],
                [
                    212.0,
                    516.0
                ],
                [
                    222.0,
                    533.0
                ],
                [
                    242.0,
                    538.0
                ],
                [
                    258.0,
                    535.0
                ],
                [
                    267.0,
                    533.0
                ],
                [
                    277.0,
                    524.0
                ],
                [
                    283.0,
                    512.0
                ],
                [
                    279.0,
                    498.0
                ],
                [
                    273.0,
                    486.0
                ]
            ],
            "tags": [
                "mirror ball"
            ],
            "type": "region"
        }
    ],
    "size": [
        2592,
        1728
    ]
}