{
    "objects": [
        {
            "data": [
                [
                    230.0,
                    462.0
                ],
                [
                    215.0,
                    465.0
                ],
                [
                    207.0,
                    467.0
                ],
                [
                    196.0,
                    474.0
                ],
                [
                    191.0,
                    487.0
                ],
                [
                    192.0,
                    502.0
                ],
                [
                    201.0,
                    519.0
                ],
                [
                    216.0,
                    528.0
                ],
                [
                    232.0,
                    527.0
                ],
                [
                    233.0,
                    529.0
                ],
                [
                    250.5355339059327,
                    524.8284271247462
                ],
                [
                    262.8284271247462,
                    510.1213203435596
                ],
                [
                    263.8284271247462,
                    497.12132034355966
                ],
                [
                    258.53553390593277,
                    484.0
                ],
                [
                    252.0,
                    475.0
                ]
            ],
            "tags": [
                "mirror ball"
            ],
            "type": "region"
        }
    ],
    "size": [
        2592,
        1728
    ]
}