{
    "objects": [
        {
            "data": [
                [
                    272.72792206135784,
                    461.5355339059327
                ],
                [
                    259.88939366884495,
                    462.41630560342605
                ],
                [
                    250.48528137423855,
                    458.22182540694797
                ],
                [
                    240.0904037956216,
                    467.3660530717319
                ],
                [
                    233.0,
                    480.0
                ],
                [
                    228.0,
                    493.0
                ],
                [
                    233.0,
                    513.0
                ],
                [
                    251.0,
                    527.0
                ],
                [
                    262.0,
                    530.0
                ],
                [
                    279.0,
                    529.0
                ],
                [
                    293.0,
                    524.0
                ],
                [
                    306.0,
                    510.0
                ],
                [
                    307.0,
                    484.0
                ],
                [
                    290.0,
                    462.0
                ]
            ],
            "tags": [
                "mirror ball"
            ],
            "type": "region"
        }
    ],
    "size": [
        2592,
        1728
    ]
}