{
    "objects": [
        {
            "data": [
                [
                    265.0,
                    496.0
                ],
                [
                    279.9191709963907,
                    491.41700613743114
                ],
                [
                    291.94885190015566,
                    481.4735523452389
                ],
                [
                    299.2576328430264,
                    467.68343932565085
                ],
                [
                    300.7328181807152,
                    452.14608677821366
                ],
                [
                    296.14982431814633,
                    437.2269157818232
                ],
                [
                    286.20637052595384,
                    425.197234878058
                ],
                [
                    272.4162575063656,
                    417.88845393518704
                ],
                [
                    256.8789049589286,
                    416.4132685974987
                ],
                [
                    241.95973396253794,
                    420.99626246006756
                ],
                [
                    229.93005305877296,
                    430.9397162522598
                ],
                [
                    222.62127211590223,
                    444.72982927184785
                ],
                [
                    221.14608677821343,
                    460.26718181928504
                ],
                [
                    225.72908064078229,
                    475.1863528156755
                ],
                [
                    235.67253443297477,
                    487.2160337194407
                ],
                [
                    249.46264745256303,
                    494.52481466231166
                ]
            ],
            "tags": [
                "mirror ball"
            ],
            "type": "region"
        }
    ],
    "size": [
        2592,
        1728
    ]
}