{
    "objects": [
        {
            "data": [
                [
                    260.0,
                    471.0
                ],
                [
                    248.00000000000003,
                    474.6568542494923
                ],
                [
                    233.17157287525384,
                    473.12132034355966
                ],
                [
                    227.0,
                    477.0
                ],
                [
                    218.0,
                    486.0
                ],
                [
                    216.0,
                    499.0
                ],
                [
                    219.0,
                    516.0
                ],
                [
                    241.0,
                    531.0
                ],
                [
                    260.0,
                    531.0
                ],
                [
                    274.0,
                    526.0
                ],
                [
                    279.0,
                    515.0
                ],
                [
                    282.0,
                    501.0
                ],
                [
                    280.0,
                    485.0
                ],
                [
                    275.0,
                    480.0
                ]
            ],
            "tags": [
                "mirror ball"
            ],
            "type": "region"
        }
    ],
    "size": [
        2592,
        1728
    ]
}