{
    "objects": [
        {
            "data": [
                [
                    292.0,
                    471.0
                ],
                [
                    275.70710678118655,
                    464.4142135623731
                ],
                [
                    262.4142135623731,
                    466.53553390593277
                ],
                [
                    247.8284271247462,
                    463.1715728752538
                ],
                [
                    235.0,
                    475.0
                ],
                [
                    229.0,
                    484.0
                ],
                [
                    225.0,
                    505.0
                ],
                [
                    229.0,
                    518.0
                ],
                [
                    244.0,
                    538.0
                ],
                [
                    262.0,
                    542.0
                ],
                [
                    279.0,
                    541.0
                ],
                [
                    289.0,
                    537.0
                ],
                [
                    297.0,
                    533.0
                ],
                [
                    306.0,
                    522.0
                ],
                [
                    313.0,
                    508.0
                ],
                [
                    310.0,
                    488.0
                ],
                [
                    301.0,
                    476.0
                ]
            ],
            "tags": [
                "mirror ball"
            ],
            "type": "region"
        }
    ],
    "size": [
        2592,
        1728
    ]
}