{
    "objects": [
        {
            "data": [
                [
                    280.0,
                    545.0
                ],
                [
                    295.2316997899916,
                    540.7918513447958
                ],
                [
                    307.6935667000448,
                    531.075109776099
                ],
                [
                    315.48839446020975,
                    517.3290611152624
                ],
                [
                    317.42949120429057,
                    501.64641666265675
                ],
                [
                    313.22134254908633,
                    486.4147168726654
                ],
                [
                    303.50460098038957,
                    473.9528499626117
                ],
                [
                    288.758552319553,
                    469.1580222024468
                ],
                [
                    273.0759078669471,
                    470.2169254583664
                ],
                [
                    258.8442080769555,
                    468.42507411357064
                ],
                [
                    246.38234116690228,
                    478.1418156822674
                ],
                [
                    238.58751340673734,
                    491.88786434310373
                ],
                [
                    236.64641666265652,
                    507.57050879570966
                ],
                [
                    240.85456531786076,
                    522.802208585701
                ],
                [
                    250.57130688655752,
                    535.2640754957547
                ],
                [
                    264.3173555473941,
                    543.0589032559196
                ]
            ],
            "tags": [
                "mirror ball"
            ],
            "type": "region"
        }
    ],
    "size": [
        2592,
        1728
    ]
}