{
    "objects": [
        {
            "data": [
                [
                    255.0,
                    453.0
                ],
                [
                    243.84924240491748,
                    456.0
                ],
                [
                    227.65685424949237,
                    455.7573593128807
                ],
                [
                    215.99999999999997,
                    465.0502525316941
                ],
                [
                    213.0,
                    485.0
                ],
                [
                    217.0,
                    500.0
                ],
                [
                    227.0,
                    512.0
                ],
                [
                    240.0,
                    518.0
                ],
                [
                    249.0,
                    519.0
                ],
                [
                    262.0,
                    516.0
                ],
                [
                    276.0,
                    507.0
                ],
                [
                    282.0,
                    493.0
                ],
                [
                    282.0,
                    481.0
                ],
                [
                    275.0,
                    463.0
                ]
            ],
            "tags": [
                "mirror ball"
            ],
            "type": "region"
        }
    ],
    "size": [
        2592,
        1728
    ]
}