{
    "objects": [
        {
            "data": [
                [
                    274.03152929257584,
                    530.2985565973347
                ],
                [
                    262.87867965644034,
                    517.029437251523
                ],
                [
                    249.53553390593274,
                    528.4644660940672
                ],
                [
                    235.8477631085023,
                    531.0056633785211
                ],
                [
                    224.05025253169416,
                    528.1005050633884
                ],
                [
                    222.41273426595794,
                    540.1980515339462
                ],
                [
                    222.0,
                    560.0
                ],
                [
                    229.0,
                    574.0
                ],
                [
                    241.0,
                    584.0
                ],
                [
                    261.0,
                    585.0
                ],
                [
                    271.0,
                    579.0
                ],
                [
                    280.0,
                    568.0
                ],
                [
                    280.0,
                    556.0
                ],
                [
                    280.0,
                    545.0
                ]
            ],
            "tags": [
                "mirror ball"
            ],
            "type": "region"
        }
    ],
    "size": [
        2592,
        1728
    ]
}