{
    "objects": [
        {
            "data": [
                [
                    262.778174593052,
                    449.5355339059327
                ],
                [
                    238.0,
                    452.0
                ],
                [
                    223.0,
                    466.0
                ],
                [
                    220.0,
                    484.0
                ],
                [
                    223.0,
                    496.0
                ],
                [
                    229.0,
                    510.0
                ],
                [
                    243.0,
                    523.0
                ],
                [
                    256.0,
                    529.0
                ],
                [
                    276.0,
                    525.0
                ],
                [
                    290.0,
                    515.0
                ],
                [
                    296.0,
                    503.0
                ],
                [
                    297.0,
                    486.0
                ],
                [
                    294.0,
                    473.0
                ],
                [
                    287.0,
                    455.0
                ],
                [
                    276.0,
                    449.0
                ]
            ],
            "tags": [
                "mirror ball"
            ],
            "type": "region"
        }
    ],
    "size": [
        2592,
        1728
    ]
}