{
    "objects": [
        {
            "data": [
                [
                    272.0,
                    536.0
                ],
                [
                    287.0395503828995,
                    531.8289785131085
                ],
                [
                    299.3381023407601,
                    522.2200703699486
                ],
                [
                    307.0233128246491,
                    508.63614473034795
                ],
                [
                    308.9251782050005,
                    493.14523113434257
                ],
                [
                    304.7541567181088,
                    478.1056807514433
                ],
                [
                    295.1452485749496,
                    465.80712879358225
                ],
                [
                    281.56132293534847,
                    458.12191830969346
                ],
                [
                    266.0704093393433,
                    456.2200529293418
                ],
                [
                    251.0308589564438,
                    460.3910744162333
                ],
                [
                    238.73230699858323,
                    469.9999825593932
                ],
                [
                    231.0470965146942,
                    483.58390819899387
                ],
                [
                    229.1452311343428,
                    499.07482179499925
                ],
                [
                    233.31625262123453,
                    514.1143721778985
                ],
                [
                    242.9251607643937,
                    526.4129241357596
                ],
                [
                    256.50908640399484,
                    534.0981346196484
                ]
            ],
            "tags": [
                "mirror ball"
            ],
            "type": "region"
        }
    ],
    "size": [
        2592,
        1728
    ]
}