{
    "objects": [
        {
            "data": [
                [
                    272.0,
                    464.24264068711926
                ],
                [
                    253.29289321881348,
                    464.9497474683058
                ],
                [
                    234.0,
                    468.0
                ],
                [
                    221.0,
                    478.0
                ],
                [
                    220.0,
                    501.0
                ],
                [
                    224.87867965644034,
                    516.4142135623731
                ],
                [
                    235.87867965644034,
                    528.8284271247462
                ],
                [
                    248.87867965644034,
                    536.4142135623731
                ],
                [
                    270.53553390593277,
                    539.1213203435597
                ],
                [
                    282.0,
                    532.0
                ],
                [
                    295.0,
                    520.0
                ],
                [
                    299.0,
                    493.0
                ],
                [
                    287.0,
                    471.0
                ]
            ],
            "tags": [
                "mirror ball"
            ],
            "type": "region"
        }
    ],
    "size": [
        2592,
        1728
    ]
}