{
    "objects": [
        {
            "data": [
                [
                    265.46446609406723,
                    510.34314575050763
                ],
                [
                    255.0,
                    515.0
                ],
                [
                    247.53553390593274,
                    518.5355339059327
                ],
                [
                    239.70710678118652,
                    517.0
                ],
                [
                    231.00000000000003,
                    511.6862915010153
                ],
                [
                    221.5857864376269,
                    523.3431457505076
                ],
                [
                    220.0,
                    539.0
                ],
                [
                    219.0,
                    550.0
                ],
                [
                    227.0,
                    565.0
                ],
                [
                    234.0,
                    574.8284271247462
                ],
                [
                    247.0,
                    580.0
                ],
                [
                    261.0,
                    581.0
                ],
                [
                    275.0,
                    573.0
                ],
                [
                    283.0,
                    567.0
                ],
                [
                    289.0,
                    553.0
                ],
                [
                    288.0,
                    541.0
                ],
                [
                    281.75735931288074,
                    520.1005050633883
                ]
            ],
            "tags": [
                "mirror ball"
            ],
            "type": "region"
        }
    ],
    "size": [
        2592,
        1728
    ]
}