{
    "objects": [
        {
            "data": [
                [
                    228.0,
                    550.0
                ],
                [
                    241.70674851145577,
                    546.1337316612296
                ],
                [
                    252.890576080144,
                    537.316419908914
                ],
                [
                    259.8488463403819,
                    524.8904205282136
                ],
                [
                    261.5222257219243,
                    510.7474792828748
                ],
                [
                    257.6559573831537,
                    497.0407307714188
                ],
                [
                    248.83864563083853,
                    485.85690320273056
                ],
                [
                    236.4126462501381,
                    478.8986329424931
                ],
                [
                    222.2697050047991,
                    477.2252535609505
                ],
                [
                    208.56295649334334,
                    481.0915218997209
                ],
                [
                    197.3791289246551,
                    489.9088336520365
                ],
                [
                    190.4208586644172,
                    502.3348330327369
                ],
                [
                    188.7474792828748,
                    516.4777742780757
                ],
                [
                    192.61374762164542,
                    530.1845227895317
                ],
                [
                    201.43105937396058,
                    541.3683503582199
                ],
                [
                    213.857058754661,
                    548.3266206184574
                ]
            ],
            "tags": [
                "mirror ball"
            ],
            "type": "region"
        }
    ],
    "size": [
        2592,
        1728
    ]
}