{
    "objects": [
        {
            "data": [
                [
                    261.0,
                    485.0
                ],
                [
                    243.0,
                    488.0
                ],
                [
                    226.0,
                    499.0
                ],
                [
                    223.0,
                    508.0
                ],
                [
                    221.0,
                    515.0
                ],
                [
                    224.34314575050763,
                    532.3431457505076
                ],
                [
                    241.0,
                    547.0
                ],
                [
                    256.0,
                    549.0
                ],
                [
                    274.0,
                    547.0
                ],
                [
                    286.4142135623731,
                    538.4142135623731
                ],
                [
                    291.41421356237305,
                    529.4142135623731
                ],
                [
                    293.5355339059327,
                    517.1213203435595
                ],
                [
                    289.0,
                    501.0
                ],
                [
                    281.0,
                    493.0
                ]
            ],
            "tags": [
                "mirror ball"
            ],
            "type": "region"
        }
    ],
    "size": [
        2592,
        1728
    ]
}