{
    "objects": [
        {
            "data": [
                [
                    286.09188309203677,
                    459.9497474683059
                ],
                [
                    271.2634559672906,
                    464.3639610306789
                ],
                [
                    253.525432638166,
                    456.75945135393374
                ],
                [
                    239.0,
                    470.0
                ],
                [
                    232.0,
                    481.0
                ],
                [
                    232.0,
                    492.0
                ],
                [
                    233.0,
                    509.0
                ],
                [
                    244.0,
                    524.0
                ],
                [
                    252.0,
                    530.0
                ],
                [
                    264.12132034355966,
                    535.2426406871193
                ],
                [
                    280.5857864376269,
                    536.9497474683058
                ],
                [
                    297.0,
                    530.0
                ],
                [
                    311.0,
                    517.0
                ],
                [
                    314.0,
                    499.0
                ],
                [
                    312.0,
                    482.0
                ],
                [
                    301.0,
                    459.0
                ]
            ],
            "tags": [
                "mirror ball"
            ],
            "type": "region"
        }
    ],
    "size": [
        2592,
        1728
    ]
}