{
    "objects": [
        {
            "data": [
                [
                    288.0,
                    468.0
                ],
                [
                    277.8284271247462,
                    474.48528137423864
                ],
                [
                    264.0,
                    475.1923881554251
                ],
                [
                    248.0502525316942,
                    468.4644660940673
                ],
                [
                    241.0,
                    480.0
                ],
                [
                    236.8786796564404,
                    491.70710678118655
                ],
                [
                    235.0,
                    505.0
                ],
                [
                    239.0,
                    522.0
                ],
                [
                    250.0,
                    540.0
                ],
                [
                    266.0,
                    544.0
                ],
                [
                    280.0,
                    546.0
                ],
                [
                    295.0,
                    542.0
                ],
                [
                    307.8284271247462,
                    536.2928932188134
                ],
                [
                    319.8284271247462,
                    520.4142135623731
                ],
                [
                    321.0,
                    504.0
                ],
                [
                    314.0,
                    483.0
                ],
                [
                    308.0,
                    470.0
                ]
            ],
            "tags": [
                "mirror ball"
            ],
            "type": "region"
        }
    ],
    "size": [
        2592,
        1728
    ]
}