{
    "objects": [
        {
            "data": [
                [
                    270.0,
                    547.0
                ],
                [
                    285.1088236788155,
                    542.3700280088112
                ],
                [
                    297.2957430626525,
                    532.310595145643
                ],
                [
                    304.7054101500212,
                    518.3531588749277
                ],
                [
                    306.20977029566893,
                    502.62261234440575
                ],
                [
                    301.57979830447994,
                    487.5137886655905
                ],
                [
                    291.52036544131215,
                    475.3268692817535
                ],
                [
                    277.56292917059636,
                    469.9172021943848
                ],
                [
                    261.8323826400747,
                    471.4128420487368
                ],
                [
                    246.7235589612592,
                    471.0428140399256
                ],
                [
                    234.5366395774222,
                    481.1022469030938
                ],
                [
                    227.1269724900535,
                    495.05968317380916
                ],
                [
                    225.62261234440575,
                    510.79022970433107
                ],
                [
                    230.25258433559475,
                    525.8990533831463
                ],
                [
                    240.31201719876253,
                    538.0859727669833
                ],
                [
                    254.26945346947832,
                    545.495639854352
                ]
            ],
            "tags": [
                "mirror ball"
            ],
            "type": "region"
        }
    ],
    "size": [
        2592,
        1728
    ]
}