{
    "objects": [
        {
            "data": [
                [
                    261.0,
                    577.0
                ],
                [
                    274.8225303662739,
                    573.5706210624776
                ],
                [
                    286.28051675649795,
                    565.1126346883395
                ],
                [
                    293.62958460966684,
                    552.9136926312101
                ],
                [
                    295.7509049646005,
                    538.8309732356026
                ],
                [
                    292.32152602707856,
                    525.0084428693292
                ],
                [
                    283.8635396529403,
                    513.5504564791047
                ],
                [
                    270.66459759581085,
                    508.20138862593603
                ],
                [
                    255.5818782002034,
                    515.0800682710019
                ],
                [
                    243.7593478339295,
                    509.5094472085243
                ],
                [
                    233.30136144370545,
                    516.9674335826624
                ],
                [
                    224.95229359053656,
                    528.1663756397918
                ],
                [
                    222.83097323560287,
                    542.2490950353993
                ],
                [
                    226.26035217312483,
                    556.0716254016727
                ],
                [
                    234.7183385472631,
                    567.5296117918972
                ],
                [
                    246.91728060439254,
                    574.8786796450659
                ]
            ],
            "tags": [
                "mirror ball"
            ],
            "type": "region"
        }
    ],
    "size": [
        2592,
        1728
    ]
}