{
    "objects": [
        {
            "data": [
                [
                    269.0,
                    576.0
                ],
                [
                    281.02139277522974,
                    571.5622122481411
                ],
                [
                    292.6598861609423,
                    563.0203557933164
                ],
                [
                    301.1436250423676,
                    553.6748508486519
                ],
                [
                    304.3332780150713,
                    539.4051886296913
                ],
                [
                    300.8954902632122,
                    525.3837958544616
                ],
                [
                    292.35363380838726,
                    513.7453024687493
                ],
                [
                    280.0081288637225,
                    506.26156358732374
                ],
                [
                    265.7384666447624,
                    504.07191061462026
                ],
                [
                    251.71707386953267,
                    507.50969836647914
                ],
                [
                    240.07858048382013,
                    516.0515548213039
                ],
                [
                    232.5948416023948,
                    528.3970597659684
                ],
                [
                    230.4051886296911,
                    542.6667219849289
                ],
                [
                    234.84297638155022,
                    554.6881147601587
                ],
                [
                    243.38483283637515,
                    565.326608145871
                ],
                [
                    255.7303377810399,
                    573.8103470272965
                ]
            ],
            "tags": [
                "mirror ball"
            ],
            "type": "region"
        }
    ],
    "size": [
        2592,
        1728
    ]
}