{
    "objects": [
        {
            "data": [
                [
                    269.363961030679,
                    498.8284271247462
                ],
                [
                    254.53553390593274,
                    499.5857864376269
                ],
                [
                    239.0,
                    510.0
                ],
                [
                    233.0,
                    527.0
                ],
                [
                    233.0,
                    543.0
                ],
                [
                    237.0,
                    554.0
                ],
                [
                    250.0,
                    565.0
                ],
                [
                    261.0,
                    568.0
                ],
                [
                    276.5857864376269,
                    569.8284271247462
                ],
                [
                    287.5857864376269,
                    567.9497474683058
                ],
                [
                    300.5355339059327,
                    558.4142135623731
                ],
                [
                    307.0,
                    550.0
                ],
                [
                    310.09397513308977,
                    534.541197284454
                ],
                [
                    307.0,
                    521.0
                ],
                [
                    300.0,
                    508.0
                ],
                [
                    292.0,
                    499.0
                ]
            ],
            "tags": [
                "mirror ball"
            ],
            "type": "region"
        }
    ],
    "size": [
        2592,
        1728
    ]
}