{
    "objects": [
        {
            "data": [
                [
                    286.8284271247462,
                    449.12132034355966
                ],
                [
                    271.0,
                    451.2426406871193
                ],
                [
                    257.0,
                    448.0
                ],
                [
                    244.0,
                    453.0
                ],
                [
                    236.0,
                    466.0
                ],
                [
                    233.0,
                    479.0
                ],
                [
                    233.0,
                    499.0
                ],
                [
                    244.0,
                    518.0
                ],
                [
                    257.0,
                    524.0
                ],
                [
                    266.0,
                    527.0
                ],
                [
                    284.0,
                    528.0
                ],
                [
                    301.0,
                    520.0
                ],
                [
                    310.0,
                    508.0
                ],
                [
                    314.0,
                    494.0
                ],
                [
                    313.0,
                    478.0
                ],
                [
                    301.0,
                    456.0
                ]
            ],
            "tags": [
                "mirror ball"
            ],
            "type": "region"
        }
    ],
    "size": [
        2592,
        1728
    ]
}