{
    "objects": [
        {
            "data": [
                [
                    289.0,
                    540.0
                ],
                [
                    304.19160939094036,
                    535.6493451401184
                ],
                [
                    316.5619028383212,
                    525.8162869371781
                ],
                [
                    324.2276153017683,
                    511.9978193656825
                ],
                [
                    326.0217115485775,
                    496.297678848671
                ],
                [
                    321.6710566886959,
                    481.1060694577304
                ],
                [
                    311.8379984857561,
                    468.7357760103496
                ],
                [
                    298.01953091426003,
                    461.07006354690293
                ],
                [
                    282.31939039724875,
                    459.27596730009327
                ],
                [
                    267.1277810063084,
                    463.6266221599749
                ],
                [
                    254.75748755892755,
                    473.45968036291515
                ],
                [
                    247.09177509548044,
                    487.27814793441075
                ],
                [
                    245.29767884867124,
                    502.97828845142226
                ],
                [
                    249.64833370855285,
                    518.1698978423628
                ],
                [
                    259.48139191149266,
                    530.5401912897437
                ],
                [
                    273.2998594829887,
                    538.2059037531903
                ]
            ],
            "tags": [
                "mirror ball"
            ],
            "type": "region"
        }
    ],
    "size": [
        2592,
        1728
    ]
}