{
    "objects": [
        {
            "data": [
                [
                    266.6568542494924,
                    462.8284271247462
                ],
                [
                    248.94974746830582,
                    460.34314575050763
                ],
                [
                    233.0,
                    474.0
                ],
                [
                    223.1213203435596,
                    490.0
                ],
                [
                    225.0,
                    516.0
                ],
                [
                    241.0,
                    533.0
                ],
                [
                    256.0,
                    539.0
                ],
                [
                    273.0,
                    539.0
                ],
                [
                    291.4142135623731,
                    532.5355339059328
                ],
                [
                    302.82842712474616,
                    513.8284271247462
                ],
                [
                    308.0,
                    493.0
                ],
                [
                    297.0,
                    473.0
                ],
                [
                    288.0,
                    463.0
                ]
            ],
            "tags": [
                "mirror ball"
            ],
            "type": "region"
        }
    ],
    "size": [
        2592,
        1728
    ]
}