{
    "objects": [
        {
            "data": [
                [
                    314.0,
                    582.0
                ],
                [
                    328.0747313542365,
                    578.0011561523254
                ],
                [
                    339.54779628888946,
                    568.9205396634943
                ],
                [
                    346.67252467125263,
                    556.1405920779382
                ],
                [
                    348.3642411909327,
                    541.6069445650442
                ],
                [
                    344.3653973432579,
                    527.5322132108079
                ],
                [
                    335.284780854427,
                    516.0591482761542
                ],
                [
                    322.5048332688707,
                    508.93441989379176
                ],
                [
                    307.9711857559769,
                    507.24270337411144
                ],
                [
                    293.89645440174036,
                    511.24154722178605
                ],
                [
                    282.4233894670874,
                    520.3221637106171
                ],
                [
                    275.29866108472424,
                    533.1021112961732
                ],
                [
                    273.60694456504416,
                    547.6357588090673
                ],
                [
                    277.605788412719,
                    561.7104901633036
                ],
                [
                    286.68640490154985,
                    573.1835550979572
                ],
                [
                    299.4663524871062,
                    580.3082834803197
                ]
            ],
            "tags": [
                "mirror ball"
            ],
            "type": "region"
        }
    ],
    "size": [
        2592,
        1728
    ]
}