{
    "objects": [
        {
            "data": [
                [
                    294.4142135623731,
                    472.2426406871193
                ],
                [
                    274.5857864376269,
                    469.53553390593277
                ],
                [
                    262.0,
                    469.0
                ],
                [
                    251.0,
                    480.0
                ],
                [
                    244.0,
                    488.0
                ],
                [
                    243.0,
                    505.0
                ],
                [
                    245.0,
                    524.0
                ],
                [
                    254.0,
                    534.0
                ],
                [
                    265.0,
                    541.0
                ],
                [
                    274.0,
                    544.0
                ],
                [
                    287.0,
                    543.0
                ],
                [
                    306.0,
                    540.0
                ],
                [
                    315.0,
                    534.0
                ],
                [
                    320.0,
                    527.0
                ],
                [
                    326.8284271247461,
                    509.87867965644034
                ],
                [
                    323.4142135623731,
                    489.6360389693211
                ],
                [
                    308.0,
                    474.0
                ]
            ],
            "tags": [
                "mirror ball"
            ],
            "type": "region"
        }
    ],
    "size": [
        2592,
        1728
    ]
}