{
    "objects": [
        {
            "data": [
                [
                    281.0,
                    526.0
                ],
                [
                    296.2697180341429,
                    521.9319654924666
                ],
                [
                    308.8203285847844,
                    512.3301235648535
                ],
                [
                    316.7411149671552,
                    498.6562676097262
                ],
                [
                    318.8262092566483,
                    482.99211824244026
                ],
                [
                    314.7581747491149,
                    467.7224002082969
                ],
                [
                    305.156332821502,
                    455.1717896576563
                ],
                [
                    291.4824768663748,
                    447.2510032752848
                ],
                [
                    278.8183274990888,
                    453.1659089857917
                ],
                [
                    260.5486094649459,
                    449.2339434933251
                ],
                [
                    247.9979989143044,
                    458.83578542093824
                ],
                [
                    240.07721253193358,
                    472.5096413760655
                ],
                [
                    237.99211824244048,
                    488.17379074335145
                ],
                [
                    242.0601527499739,
                    503.4435087774948
                ],
                [
                    251.6619946775868,
                    515.9941193281354
                ],
                [
                    265.335850632714,
                    523.9149057105069
                ]
            ],
            "tags": [
                "mirror ball"
            ],
            "type": "region"
        }
    ],
    "size": [
        2592,
        1728
    ]
}