{
    "objects": [
        {
            "data": [
                [
                    278.0,
                    532.0
                ],
                [
                    292.90949772157273,
                    527.3856339921615
                ],
                [
                    304.9182360844893,
                    517.4168979190727
                ],
                [
                    312.1979935324798,
                    503.6114414810438
                ],
                [
                    313.6404929852529,
                    488.0710202739906
                ],
                [
                    309.0261269774146,
                    473.16152255241764
                ],
                [
                    299.05739090432553,
                    461.1527841895013
                ],
                [
                    285.2519344662969,
                    453.873026741511
                ],
                [
                    269.7115132592435,
                    452.4305272887377
                ],
                [
                    254.80201553767074,
                    457.0448932965762
                ],
                [
                    242.79327717475417,
                    467.01362936966507
                ],
                [
                    235.51351972676366,
                    480.8190858076939
                ],
                [
                    234.0710202739906,
                    496.3595070147471
                ],
                [
                    238.68538628182887,
                    511.2690047363201
                ],
                [
                    248.65412235491794,
                    523.2777430992364
                ],
                [
                    262.45957879294656,
                    530.5575005472267
                ]
            ],
            "tags": [
                "mirror ball"
            ],
            "type": "region"
        }
    ],
    "size": [
        2592,
        1728
    ]
}