{
    "objects": [
        {
            "data": [
                [
                    280.0,
                    466.0
                ],
                [
                    258.12132034355966,
                    464.4142135623731
                ],
                [
                    240.8284271247462,
                    463.0
                ],
                [
                    218.0,
                    481.0
                ],
                [
                    212.0,
                    499.0
                ],
                [
                    215.34166645409243,
                    517.5706345359769
                ],
                [
                    225.0,
                    529.0
                ],
                [
                    240.51471862576147,
                    537.7071067811866
                ],
                [
                    259.17157287525384,
                    540.1213203435595
                ],
                [
                    273.0,
                    535.0
                ],
                [
                    290.0,
                    523.0
                ],
                [
                    297.0,
                    508.0
                ],
                [
                    298.0,
                    493.0
                ]
            ],
            "tags": [
                "mirror ball"
            ],
            "type": "region"
        }
    ],
    "size": [
        2592,
        1728
    ]
}