{
    "objects": [
        {
            "data": [
                [
                    288.0,
                    509.0
                ],
                [
                    269.0,
                    501.0
                ],
                [
                    252.0,
                    503.0
                ],
                [
                    236.8786796564404,
                    510.87867965644034
                ],
                [
                    229.7573593128807,
                    521.5857864376269
                ],
                [
                    230.17157287525384,
                    541.8786796564405
                ],
                [
                    240.0,
                    554.0
                ],
                [
                    256.0,
                    560.0
                ],
                [
                    271.0,
                    561.0
                ],
                [
                    287.0,
                    558.0
                ],
                [
                    299.53553390593277,
                    545.0
                ],
                [
                    299.0,
                    527.0
                ]
            ],
            "tags": [
                "mirror ball"
            ],
            "type": "region"
        }
    ],
    "size": [
        2592,
        1728
    ]
}