{
    "objects": [
        {
            "data": [
                [
                    288.0,
                    461.0
                ],
                [
                    275.0,
                    463.8284271247462
                ],
                [
                    260.46446609406723,
                    464.53553390593277
                ],
                [
                    252.0,
                    468.0
                ],
                [
                    243.0,
                    481.0
                ],
                [
                    236.0,
                    487.0
                ],
                [
                    236.0,
                    500.0
                ],
                [
                    238.0,
                    512.0
                ],
                [
                    247.0,
                    529.0
                ],
                [
                    261.0,
                    538.0
                ],
                [
                    269.0,
                    538.0
                ],
                [
                    278.0,
                    540.0
                ],
                [
                    285.0,
                    540.0
                ],
                [
                    306.0,
                    534.0
                ],
                [
                    320.0,
                    525.0
                ],
                [
                    324.0,
                    501.0
                ],
                [
                    323.0,
                    484.0
                ],
                [
                    309.0,
                    467.0
                ]
            ],
            "tags": [
                "mirror ball"
            ],
            "type": "region"
        }
    ],
    "size": [
        2592,
        1728
    ]
}