{
    "objects": [
        {
            "data": [
                [
                    286.0,
                    503.0
                ],
                [
                    274.0,
                    502.0
                ],
                [
                    261.0,
                    502.0
                ],
                [
                    247.0,
                    503.0
                ],
                [
                    236.0,
                    510.0
                ],
                [
                    229.0,
                    525.0
                ],
                [
                    232.0,
                    539.0
                ],
                [
                    241.0,
                    549.0
                ],
                [
                    250.0,
                    557.0
                ],
                [
                    261.0,
                    559.0
                ],
                [
                    273.0,
                    560.0
                ],
                [
                    285.0,
                    558.0
                ],
                [
                    290.0,
                    555.0
                ],
                [
                    298.0,
                    548.0
                ],
                [
                    303.0,
                    540.0
                ],
                [
                    305.4142135623731,
                    528.0
                ],
                [
                    301.1715728752538,
                    513.0502525316941
                ]
            ],
            "tags": [
                "mirror ball"
            ],
            "type": "region"
        }
    ],
    "size": [
        2592,
        1728
    ]
}