{
    "objects": [
        {
            "data": [
                [
                    270.0,
                    552.0
                ],
                [
                    285.05962247906336,
                    547.9020411480872
                ],
                [
                    297.40467849567585,
                    538.352952819321
                ],
                [
                    305.1557451795202,
                    524.8064971490548
                ],
                [
                    307.1327928915748,
                    509.32499921416047
                ],
                [
                    303.03483403966175,
                    494.2653767350971
                ],
                [
                    293.485745710896,
                    481.9203207184844
                ],
                [
                    279.9392900406301,
                    474.1692540346405
                ],
                [
                    266.4577921057353,
                    479.19220632258566
                ],
                [
                    249.39816962667192,
                    476.2901651744985
                ],
                [
                    237.05311361005943,
                    485.8392535032647
                ],
                [
                    229.3020469262151,
                    499.3857091735308
                ],
                [
                    227.32499921416047,
                    514.8672071084252
                ],
                [
                    231.42295806607353,
                    529.9268295874886
                ],
                [
                    240.97204639483925,
                    542.2718856041013
                ],
                [
                    254.51850206510517,
                    550.0229522879451
                ]
            ],
            "tags": [
                "mirror ball"
            ],
            "type": "region"
        }
    ],
    "size": [
        2592,
        1728
    ]
}