{
    "objects": [
        {
            "data": [
                [
                    237.0,
                    489.0
                ],
                [
                    251.9711232304653,
                    485.3394825479527
                ],
                [
                    264.4018181790152,
                    476.22840457141046
                ],
                [
                    272.3996242242624,
                    463.05384510017416
                ],
                [
                    274.74694789611067,
                    447.82151138606105
                ],
                [
                    270.08643044406335,
                    434.8503881555955
                ],
                [
                    261.9753524675207,
                    421.41969320704584
                ],
                [
                    249.80079299628505,
                    415.4218871617986
                ],
                [
                    236.56845928217172,
                    418.0745634899504
                ],
                [
                    220.5973360517064,
                    413.7350809419977
                ],
                [
                    206.1666411031565,
                    422.8461589185399
                ],
                [
                    198.1688350579093,
                    436.0207183897762
                ],
                [
                    195.82151138606105,
                    451.25305210388933
                ],
                [
                    199.48202883810836,
                    466.22417533435487
                ],
                [
                    208.59310681465104,
                    478.65487028290454
                ],
                [
                    221.76766628588666,
                    486.65267632815176
                ]
            ],
            "tags": [
                "mirror ball"
            ],
            "type": "region"
        }
    ],
    "size": [
        2592,
        1728
    ]
}