{
    "objects": [
        {
            "data": [
                [
                    284.0,
                    466.0
                ],
                [
                    299.72267259433784,
                    462.1277246022348
                ],
                [
                    312.76667236034245,
                    452.53340230363915
                ],
                [
                    321.1461685777931,
                    438.6776817014256
                ],
                [
                    323.58545890790447,
                    422.66997065486134
                ],
                [
                    319.71318351013997,
                    406.94729806052374
                ],
                [
                    310.11886121154384,
                    393.9032982945189
                ],
                [
                    296.2631406093301,
                    385.52380207706824
                ],
                [
                    280.25542956276604,
                    383.08451174695665
                ],
                [
                    264.5327569684282,
                    386.95678714472183
                ],
                [
                    251.48875720242359,
                    396.5511094433173
                ],
                [
                    243.10926098497293,
                    410.406830045531
                ],
                [
                    240.66997065486157,
                    426.4145410920953
                ],
                [
                    244.54224605262607,
                    442.1372136864329
                ],
                [
                    254.1365683512222,
                    455.181213452438
                ],
                [
                    267.99228895343595,
                    463.56070966988864
                ]
            ],
            "tags": [
                "mirror ball"
            ],
            "type": "region"
        }
    ],
    "size": [
        2592,
        1728
    ]
}