{
    "objects": [
        {
            "data": [
                [
                    278.0,
                    495.0
                ],
                [
                    292.752325054983,
                    491.26806115098475
                ],
                [
                    304.9535450621174,
                    482.1747288443896
                ],
                [
                    312.7461348796519,
                    469.10438049263075
                ],
                [
                    314.94374334786926,
                    454.04685814926097
                ],
                [
                    311.21180449885424,
                    439.294533094278
                ],
                [
                    302.11847219225865,
                    427.09331308714377
                ],
                [
                    290.0481238405,
                    418.3007232696093
                ],
                [
                    281.9906014971302,
                    426.1031148013917
                ],
                [
                    266.23827644214725,
                    418.83505365040696
                ],
                [
                    247.0370564350128,
                    429.9283859570021
                ],
                [
                    239.24446661747834,
                    442.99873430876096
                ],
                [
                    237.04685814926097,
                    458.05625665213074
                ],
                [
                    240.778796998276,
                    472.8085817071137
                ],
                [
                    249.87212930487158,
                    485.00980171424794
                ],
                [
                    262.9424776566302,
                    492.8023915317824
                ]
            ],
            "tags": [
                "mirror ball"
            ],
            "type": "region"
        }
    ],
    "size": [
        2592,
        1728
    ]
}