{
    "objects": [
        {
            "data": [
                [
                    285.0,
                    469.0
                ],
                [
                    300.9070869532311,
                    464.3149414661798
                ],
                [
                    313.8104247306446,
                    453.89913314397313
                ],
                [
                    321.74559712467817,
                    439.3382874308991
                ],
                [
                    323.5045460708566,
                    422.8491610923779
                ],
                [
                    318.81948753703637,
                    406.9420741391468
                ],
                [
                    308.40367921482994,
                    394.0387363617331
                ],
                [
                    293.84283350175565,
                    392.10356396769976
                ],
                [
                    276.3537071632345,
                    391.34461502152135
                ],
                [
                    261.4466202100034,
                    389.02967355534156
                ],
                [
                    248.54328243258988,
                    399.4454818775482
                ],
                [
                    240.60811003855633,
                    414.0063275906223
                ],
                [
                    238.84916109237793,
                    430.4954539291434
                ],
                [
                    243.53421962619814,
                    446.4025408823745
                ],
                [
                    253.95002794840457,
                    459.3058786597883
                ],
                [
                    268.51087366147885,
                    467.2410510538216
                ]
            ],
            "tags": [
                "mirror ball"
            ],
            "type": "region"
        }
    ],
    "size": [
        2592,
        1728
    ]
}