{
    "objects": [
        {
            "data": [
                [
                    244.0,
                    491.0
                ],
                [
                    258.9699629870797,
                    487.334740532516
                ],
                [
                    271.3977713197696,
                    478.21972551088993
                ],
                [
                    279.3914038377793,
                    465.0426333443479
                ],
                [
                    281.73390245270184,
                    449.80955686460766
                ],
                [
                    278.06864298521805,
                    434.8395938775275
                ],
                [
                    269.95362796359177,
                    423.41178554483804
                ],
                [
                    259.77653579704975,
                    413.4181530268281
                ],
                [
                    245.5434593173095,
                    420.0756544119058
                ],
                [
                    225.57349633022977,
                    415.74091387938984
                ],
                [
                    213.14568799753988,
                    424.8559289010159
                ],
                [
                    205.1520554795302,
                    438.0330210675579
                ],
                [
                    202.80955686460766,
                    453.26609754729816
                ],
                [
                    206.47481633209145,
                    468.23606053437834
                ],
                [
                    215.58983135371773,
                    480.6638688670678
                ],
                [
                    228.76692352025975,
                    488.6575013850777
                ]
            ],
            "tags": [
                "mirror ball"
            ],
            "type": "region"
        }
    ],
    "size": [
        2592,
        1728
    ]
}