{
    "objects": [
        {
            "data": [
                [
                    369.7989898732234,
                    398.8492424049175
                ],
                [
                    352.5203820042826,
                    397.3624817342637
                ],
                [
                    339.7924599429248,
                    391.70562748477136
                ],
                [
                    333.0710678118654,
                    386.1715728752538
                ],
                [
                    316.0,
                    400.0
                ],
                [
                    309.0,
                    418.0
                ],
                [
                    311.0,
                    435.0
                ],
                [
                    321.0,
                    450.0
                ],
                [
                    336.0,
                    457.0
                ],
                [
                    352.0,
                    459.0
                ],
                [
                    366.0,
                    458.0
                ],
                [
                    376.0,
                    457.0
                ],
                [
                    394.0,
                    449.0
                ],
                [
                    404.4142135623731,
                    437.05025253169424
                ],
                [
                    405.0,
                    424.0
                ],
                [
                    405.0,
                    411.0
                ],
                [
                    395.0,
                    398.0
                ],
                [
                    383.0,
                    388.0
                ]
            ],
            "tags": [
                "mirror ball"
            ],
            "type": "region"
        }
    ],
    "size": [
        2592,
        1728
    ]
}