{
    "objects": [
        {
            "data": [
                [
                    352.4350288425445,
                    407.0
                ],
                [
                    326.24264068711926,
                    410.4142135623731
                ],
                [
                    308.0,
                    420.0
                ],
                [
                    302.0,
                    443.0
                ],
                [
                    307.0,
                    461.0
                ],
                [
                    314.0,
                    472.0
                ],
                [
                    324.0,
                    479.0
                ],
                [
                    342.0,
                    480.0
                ],
                [
                    354.0,
                    478.0
                ],
                [
                    369.0,
                    469.0
                ],
                [
                    378.0,
                    456.0
                ],
                [
                    379.12132034355955,
                    440.0
                ],
                [
                    373.0,
                    419.0
                ],
                [
                    364.0,
                    410.0
                ]
            ],
            "tags": [
                "mirror ball"
            ],
            "type": "region"
        }
    ],
    "size": [
        2592,
        1728
    ]
}