{
    "objects": [
        {
            "data": [
                [
                    282.0,
                    497.0
                ],
                [
                    297.21368029908126,
                    494.5346702946929
                ],
                [
                    310.32584730803455,
                    486.43497924330995
                ],
                [
                    319.3402924618358,
                    473.9340313845421
                ],
                [
                    322.8846482019685,
                    458.93498270851205
                ],
                [
                    320.4193184966616,
                    443.72130240943056
                ],
                [
                    313.3196274452789,
                    432.6091354004775
                ],
                [
                    301.8186795865108,
                    423.594690246676
                ],
                [
                    288.81963091048056,
                    428.05033450654355
                ],
                [
                    270.6059506113993,
                    420.51566421185066
                ],
                [
                    256.493783602446,
                    428.6153552632336
                ],
                [
                    247.47933844864474,
                    441.11630312200145
                ],
                [
                    243.93498270851205,
                    456.1153517980315
                ],
                [
                    246.40031241381894,
                    471.329032097113
                ],
                [
                    254.50000346520164,
                    484.44119910606605
                ],
                [
                    267.00095132396973,
                    493.45564425986754
                ]
            ],
            "tags": [
                "mirror ball"
            ],
            "type": "region"
        }
    ],
    "size": [
        2592,
        1728
    ]
}