{
    "objects": [
        {
            "data": [
                [
                    320.0,
                    435.0
                ],
                [
                    313.0,
                    435.0
                ],
                [
                    303.585786437627,
                    438.0
                ],
                [
                    290.5857864376269,
                    446.46446609406723
                ],
                [
                    285.75735931288074,
                    460.41421356237305
                ],
                [
                    287.1715728752538,
                    477.94974746830576
                ],
                [
                    295.0,
                    495.0710678118654
                ],
                [
                    305.87867965644034,
                    504.363961030679
                ],
                [
                    320.12132034355966,
                    506.9497474683059
                ],
                [
                    338.0,
                    504.9497474683058
                ],
                [
                    349.8284271247462,
                    497.2426406871192
                ],
                [
                    359.53553390593277,
                    487.12132034355966
                ],
                [
                    367.4852813742385,
                    466.87867965644034
                ],
                [
                    361.8284271247462,
                    452.3431457505076
                ],
                [
                    348.0,
                    442.0
                ]
            ],
            "tags": [
                "mirror ball"
            ],
            "type": "region"
        }
    ],
    "size": [
        2592,
        1728
    ]
}