{
    "objects": [
        {
            "data": [
                [
                    273.0,
                    494.0
                ],
                [
                    288.2548988416879,
                    491.8040992444121
                ],
                [
                    301.50825281377274,
                    483.93755443177906
                ],
                [
                    310.7423589159562,
                    471.5979756994175
                ],
                [
                    314.55140820156157,
                    456.6639520507704
                ],
                [
                    312.35550744597367,
                    441.40905320908223
                ],
                [
                    304.48896263334063,
                    428.15569923699786
                ],
                [
                    292.1493839009795,
                    418.92159313481443
                ],
                [
                    277.2153602523322,
                    422.1125438492086
                ],
                [
                    261.96046141064426,
                    417.3084446047965
                ],
                [
                    248.70710743855943,
                    425.1749894174295
                ],
                [
                    239.473001336376,
                    437.5145681497911
                ],
                [
                    235.6639520507706,
                    452.4485917984382
                ],
                [
                    237.8598528063585,
                    467.70349064012635
                ],
                [
                    245.72639761899154,
                    480.9568446122107
                ],
                [
                    258.0659763513527,
                    490.19095071439415
                ]
            ],
            "tags": [
                "mirror ball"
            ],
            "type": "region"
        }
    ],
    "size": [
        2592,
        1728
    ]
}