{
    "objects": [
        {
            "data": [
                [
                    352.0,
                    450.0
                ],
                [
                    343.70710678118655,
                    451.8284271247462
                ],
                [
                    330.41421356237305,
                    451.8284271247462
                ],
                [
                    314.0,
                    454.0
                ],
                [
                    300.0,
                    465.0
                ],
                [
                    292.0,
                    477.0
                ],
                [
                    296.0,
                    505.0
                ],
                [
                    302.0,
                    518.0
                ],
                [
                    317.0,
                    528.0
                ],
                [
                    340.0,
                    527.0
                ],
                [
                    354.0,
                    525.0
                ],
                [
                    369.0,
                    516.0
                ],
                [
                    372.0,
                    507.0
                ],
                [
                    378.0,
                    495.0
                ],
                [
                    378.87867965644034,
                    478.29289321881345
                ],
                [
                    371.0,
                    460.0
                ]
            ],
            "tags": [
                "mirror ball"
            ],
            "type": "region"
        }
    ],
    "size": [
        2592,
        1728
    ]
}