{
    "objects": [
        {
            "data": [
                [
                    263.0,
                    406.0
                ],
                [
                    253.24264068711923,
                    414.0710678118654
                ],
                [
                    239.89949493661172,
                    415.70710678118655
                ],
                [
                    234.97056274847714,
                    409.02943725152284
                ],
                [
                    220.29141392239828,
                    422.8183258569794
                ],
                [
                    212.0,
                    444.0
                ],
                [
                    219.0,
                    467.0
                ],
                [
                    235.0,
                    480.0
                ],
                [
                    255.0,
                    485.0
                ],
                [
                    273.0,
                    480.0
                ],
                [
                    285.0,
                    475.0
                ],
                [
                    292.0,
                    461.0
                ],
                [
                    295.0,
                    443.0
                ],
                [
                    286.0,
                    420.0
                ]
            ],
            "tags": [
                "mirror ball"
            ],
            "type": "region"
        }
    ],
    "size": [
        2592,
        1728
    ]
}