{
    "objects": [
        {
            "data": [
                [
                    264.0,
                    501.0
                ],
                [
                    279.2825226324039,
                    499.0054020985192
                ],
                [
                    292.6384329264956,
                    491.3142657055855
                ],
                [
                    302.0344146116272,
                    479.0974966166982
                ],
                [
                    306.04001465102465,
                    464.21498718035286
                ],
                [
                    304.0454167495441,
                    448.93246454794917
                ],
                [
                    296.3542803566106,
                    435.57655425385747
                ],
                [
                    284.1375112677233,
                    426.1805725687252
                ],
                [
                    272.25500183137774,
                    434.174972529328
                ],
                [
                    253.97247919897382,
                    424.1695704308088
                ],
                [
                    240.61656890488212,
                    431.8607068237425
                ],
                [
                    231.22058721975054,
                    444.07747591262955
                ],
                [
                    227.2149871803531,
                    458.9599853489751
                ],
                [
                    229.20958508183367,
                    474.24250798137905
                ],
                [
                    236.90072147476758,
                    487.5984182754705
                ],
                [
                    249.11749056365443,
                    496.9943999606028
                ]
            ],
            "tags": [
                "mirror ball"
            ],
            "type": "region"
        }
    ],
    "size": [
        2592,
        1728
    ]
}