{
    "objects": [
        {
            "data": [
                [
                    269.0,
                    495.0
                ],
                [
                    282.1768039991689,
                    487.78675092362914
                ],
                [
                    291.5901926028646,
                    476.0800331570599
                ],
                [
                    295.80706272875386,
                    461.66208835859175
                ],
                [
                    294.1854341261933,
                    446.72791792479643
                ],
                [
                    286.9721850498222,
                    433.5511139256271
                ],
                [
                    275.2654672832532,
                    424.1377253219316
                ],
                [
                    260.8475224847848,
                    419.92085519604257
                ],
                [
                    245.9133520509895,
                    421.54248379860337
                ],
                [
                    232.7365480518206,
                    428.7557328749742
                ],
                [
                    223.3231594481249,
                    440.46245064154346
                ],
                [
                    219.10628932223563,
                    454.8803954400116
                ],
                [
                    220.7279179247962,
                    469.81456587380694
                ],
                [
                    227.9411670011673,
                    482.9913698729763
                ],
                [
                    239.6478847677363,
                    492.40475847667176
                ],
                [
                    254.06582956620468,
                    496.6216286025608
                ]
            ],
            "tags": [
                "mirror ball"
            ],
            "type": "region"
        }
    ],
    "size": [
        2592,
        1728
    ]
}