{
    "objects": [
        {
            "data": [
                [
                    312.0,
                    423.0
                ],
                [
                    301.0,
                    425.0
                ],
                [
                    287.0,
                    428.0
                ],
                [
                    279.0,
                    435.0
                ],
                [
                    270.0,
                    447.0
                ],
                [
                    271.0,
                    475.0
                ],
                [
                    283.0,
                    490.0
                ],
                [
                    299.0,
                    499.0
                ],
                [
                    314.0,
                    499.0
                ],
                [
                    329.0,
                    498.0
                ],
                [
                    342.8284271247462,
                    496.53553390593277
                ],
                [
                    356.12132034355966,
                    484.4142135623731
                ],
                [
                    360.12132034355966,
                    467.5355339059327
                ],
                [
                    359.12132034355966,
                    450.4142135623731
                ],
                [
                    353.6568542494924,
                    437.12132034355966
                ],
                [
                    335.0,
                    424.0
                ]
            ],
            "tags": [
                "mirror ball"
            ],
            "type": "region"
        }
    ],
    "size": [
        2592,
        1728
    ]
}