{
    "objects": [
        {
            "data": [
                [
                    284.0,
                    451.0
                ],
                [
                    299.7156196010624,
                    447.099198695194
                ],
                [
                    312.74218685891947,
                    437.48122095861186
                ],
                [
                    321.09652499468984,
                    423.6103167134629
                ],
                [
                    323.50676175946455,
                    407.59820539101065
                ],
                [
                    319.60596045465854,
                    391.8825857899483
                ],
                [
                    309.9879827180762,
                    378.85601853209096
                ],
                [
                    296.117078472927,
                    370.50168039632126
                ],
                [
                    280.1049671504752,
                    368.0914436315461
                ],
                [
                    264.38934754941283,
                    371.9922449363521
                ],
                [
                    251.36278029155574,
                    381.61022267293424
                ],
                [
                    243.00844215578536,
                    395.4811269180832
                ],
                [
                    240.59820539101065,
                    411.49323824053545
                ],
                [
                    244.49900669581666,
                    427.2088578415978
                ],
                [
                    254.11698443239902,
                    440.23542509945514
                ],
                [
                    267.9878886775482,
                    448.58976323522484
                ]
            ],
            "tags": [
                "mirror ball"
            ],
            "type": "region"
        }
    ],
    "size": [
        2592,
        1728
    ]
}