{
    "objects": [
        {
            "data": [
                [
                    339.0,
                    425.0
                ],
                [
                    330.0,
                    427.0
                ],
                [
                    323.0,
                    431.0
                ],
                [
                    317.0,
                    445.0
                ],
                [
                    313.0,
                    459.0
                ],
                [
                    316.0,
                    473.0
                ],
                [
                    325.0,
                    490.0
                ],
                [
                    337.0,
                    496.0
                ],
                [
                    348.0,
                    499.0
                ],
                [
                    368.70710678118655,
                    494.9497474683058
                ],
                [
                    380.9497474683059,
                    480.9497474683058
                ],
                [
                    383.07106781186553,
                    467.07106781186553
                ],
                [
                    379.7781745930521,
                    439.87867965644034
                ],
                [
                    365.0,
                    428.0
                ]
            ],
            "tags": [
                "mirror ball"
            ],
            "type": "region"
        }
    ],
    "size": [
        2592,
        1728
    ]
}