{
    "objects": [
        {
            "data": [
                [
                    297.0,
                    443.0
                ],
                [
                    312.93508093712444,
                    439.1755778439774
                ],
                [
                    326.1936330663643,
                    429.5441810223108
                ],
                [
                    334.75716201511796,
                    415.57210239227015
                ],
                [
                    337.32194812952,
                    399.3864642680703
                ],
                [
                    333.497525973497,
                    383.4513833309461
                ],
                [
                    323.8661291518306,
                    370.192831201706
                ],
                [
                    309.8940505217897,
                    361.6293022529526
                ],
                [
                    293.7084123975901,
                    359.0645161385505
                ],
                [
                    277.77333146046567,
                    362.8889382945731
                ],
                [
                    264.5147793312258,
                    372.5203351162397
                ],
                [
                    255.95125038247215,
                    386.49241374628036
                ],
                [
                    253.38646426807009,
                    402.6780518704802
                ],
                [
                    257.21088642409313,
                    418.6131328076044
                ],
                [
                    266.8422832457595,
                    431.87168493684453
                ],
                [
                    280.8143618758004,
                    440.43521388559793
                ]
            ],
            "tags": [
                "mirror ball"
            ],
            "type": "region"
        }
    ],
    "size": [
        2592,
        1728
    ]
}