{
    "objects": [
        {
            "data": [
                [
                    240.07106781186545,
                    404.12132034355966
                ],
                [
                    219.29289321881345,
                    402.75735931288074
                ],
                [
                    208.0,
                    414.0
                ],
                [
                    198.0,
                    432.0
                ],
                [
                    199.0,
                    447.0
                ],
                [
                    204.0,
                    464.0
                ],
                [
                    223.0,
                    477.0
                ],
                [
                    243.0,
                    478.0
                ],
                [
                    257.0,
                    473.0
                ],
                [
                    271.0,
                    460.0
                ],
                [
                    274.0,
                    444.0
                ],
                [
                    272.0,
                    428.0
                ],
                [
                    259.0,
                    407.0
                ]
            ],
            "tags": [
                "mirror ball"
            ],
            "type": "region"
        }
    ],
    "size": [
        2592,
        1728
    ]
}