{
    "objects": [
        {
            "data": [
                [
                    230.0,
                    492.0
                ],
                [
                    245.20707867864212,
                    491.4493456962264
                ],
                [
                    259.0458611401127,
                    485.1211103904918
                ],
                [
                    269.40951820352984,
                    473.9787105424989
                ],
                [
                    274.7202770277727,
                    459.71847552299823
                ],
                [
                    274.16962272399905,
                    444.51139684435657
                ],
                [
                    267.8413874182643,
                    430.6726143828853
                ],
                [
                    256.6989875702716,
                    420.3089573194684
                ],
                [
                    242.43875255077091,
                    414.99819849522555
                ],
                [
                    227.2316738721288,
                    415.5488527989992
                ],
                [
                    213.3928914106582,
                    421.87708810473373
                ],
                [
                    203.02923434724107,
                    433.01948795272665
                ],
                [
                    197.71847552299823,
                    447.2797229722273
                ],
                [
                    198.26912982677186,
                    462.486801650869
                ],
                [
                    204.59736513250664,
                    476.32558411234027
                ],
                [
                    215.73976498049933,
                    486.68924117575716
                ]
            ],
            "tags": [
                "mirror ball"
            ],
            "type": "region"
        }
    ],
    "size": [
        2592,
        1728
    ]
}