{
    "objects": [
        {
            "data": [
                [
                    309.46446609406723,
                    385.70710678118655
                ],
                [
                    291.0,
                    394.0
                ],
                [
                    277.0,
                    410.0
                ],
                [
                    274.0,
                    426.0
                ],
                [
                    275.0,
                    444.0
                ],
                [
                    288.0,
                    462.0
                ],
                [
                    305.0,
                    471.0
                ],
                [
                    320.0,
                    474.0
                ],
                [
                    336.0,
                    469.0
                ],
                [
                    351.0,
                    460.0
                ],
                [
                    361.70710678118644,
                    448.70710678118655
                ],
                [
                    366.8284271247462,
                    426.4142135623731
                ],
                [
                    361.0,
                    406.0
                ],
                [
                    340.0,
                    389.0
                ]
            ],
            "tags": [
                "mirror ball"
            ],
            "type": "region"
        }
    ],
    "size": [
        2592,
        1728
    ]
}