{
    "objects": [
        {
            "data": [
                [
                    260.0,
                    417.70710678118644
                ],
                [
                    249.0,
                    421.0
                ],
                [
                    234.7573593128807,
                    434.1715728752538
                ],
                [
                    233.0,
                    456.0
                ],
                [
                    238.0,
                    475.0
                ],
                [
                    249.0,
                    489.0
                ],
                [
                    268.0,
                    496.0
                ],
                [
                    288.0,
                    494.0
                ],
                [
                    306.0,
                    490.0
                ],
                [
                    315.75082938258214,
                    477.26554800834356
                ],
                [
                    319.363961030679,
                    463.0502525316941
                ],
                [
                    316.0,
                    441.3933982822018
                ],
                [
                    307.0,
                    426.0
                ],
                [
                    297.0,
                    417.0
                ],
                [
                    280.53553390593277,
                    417.53553390593277
                ]
            ],
            "tags": [
                "mirror ball"
            ],
            "type": "region"
        }
    ],
    "size": [
        2592,
        1728
    ]
}