{
    "objects": [
        {
            "data": [
                [
                    350.0,
                    514.0
                ],
                [
                    365.1532902966287,
                    510.26325152706636
                ],
                [
                    377.7231133203795,
                    501.01203295244136
                ],
                [
                    385.79582746161395,
                    487.65475844160665
                ],
                [
                    388.14243517166597,
                    472.224951954842
                ],
                [
                    384.4056866987321,
                    457.0716616582131
                ],
                [
                    375.15446812410755,
                    444.50183863446296
                ],
                [
                    361.79719361327307,
                    436.4291244932281
                ],
                [
                    346.3673871265082,
                    434.08251678317583
                ],
                [
                    331.2140968298795,
                    437.8192652561095
                ],
                [
                    318.6442738061287,
                    447.0704838307345
                ],
                [
                    310.57155966489427,
                    460.4277583415692
                ],
                [
                    308.22495195484225,
                    475.8575648283338
                ],
                [
                    311.9617004277761,
                    491.01085512496275
                ],
                [
                    321.21291900240067,
                    503.5806781487129
                ],
                [
                    334.57019351323515,
                    511.65339228994776
                ]
            ],
            "tags": [
                "mirror ball"
            ],
            "type": "region"
        }
    ],
    "size": [
        2592,
        1728
    ]
}