{
    "objects": [
        {
            "data": [
                [
                    279.0,
                    507.0
                ],
                [
                    294.3690552049575,
                    504.2838192124143
                ],
                [
                    307.5287733561363,
                    495.89291257812147
                ],
                [
                    316.4757066581619,
                    483.10471956843526
                ],
                [
                    319.84776561995295,
                    467.8661266438214
                ],
                [
                    317.131584832367,
                    452.49707143886394
                ],
                [
                    308.7406781980744,
                    439.3373532876849
                ],
                [
                    295.952485188388,
                    430.3904199856595
                ],
                [
                    280.71389226377414,
                    427.0183610238687
                ],
                [
                    265.34483705881667,
                    429.7345418114544
                ],
                [
                    252.18511890763784,
                    438.1254484457472
                ],
                [
                    243.23818560561222,
                    450.91364145543344
                ],
                [
                    239.8661266438212,
                    466.1522343800473
                ],
                [
                    242.58230743140712,
                    481.52128958500475
                ],
                [
                    250.97321406569972,
                    494.6810077361838
                ],
                [
                    263.76140707538616,
                    503.6279410382092
                ]
            ],
            "tags": [
                "mirror ball"
            ],
            "type": "region"
        }
    ],
    "size": [
        2592,
        1728
    ]
}