{
    "objects": [
        {
            "data": [
                [
                    270.0,
                    500.0
                ],
                [
                    284.94287270996574,
                    496.22581479358814
                ],
                [
                    297.3039688144531,
                    487.02053251143275
                ],
                [
                    305.201423485169,
                    473.78557393490087
                ],
                [
                    307.4329208391023,
                    458.5358415320711
                ],
                [
                    303.6587356326904,
                    443.5929688221056
                ],
                [
                    287.45345335053526,
                    427.2318727176182
                ],
                [
                    280.2184947740034,
                    432.3344180469021
                ],
                [
                    265.9687623711734,
                    432.10292069296884
                ],
                [
                    251.02588966120766,
                    424.8771058993807
                ],
                [
                    238.66479355672027,
                    434.0823881815361
                ],
                [
                    230.76733888600438,
                    447.31734675806797
                ],
                [
                    228.53584153207112,
                    462.5670791608977
                ],
                [
                    232.31002673848297,
                    477.50995187086323
                ],
                [
                    241.5153090206386,
                    489.8710479753506
                ],
                [
                    254.75026759717002,
                    497.76850264606674
                ]
            ],
            "tags": [
                "mirror ball"
            ],
            "type": "region"
        }
    ],
    "size": [
        2592,
        1728
    ]
}