{
    "objects": [
        {
            "data": [
                [
                    319.0,
                    486.0
                ],
                [
                    333.8774695826569,
                    481.2833916019031
                ],
                [
                    345.81749133472704,
                    471.23245251523235
                ],
                [
                    353.00230518102535,
                    457.3773471039433
                ],
                [
                    354.3380883439513,
                    441.82738957006154
                ],
                [
                    349.6214799458544,
                    426.94991998740466
                ],
                [
                    339.57054085918344,
                    415.00989823533405
                ],
                [
                    325.7154354478944,
                    407.8250843890364
                ],
                [
                    310.1654779140126,
                    406.48930122611046
                ],
                [
                    295.28800833135574,
                    411.2059096242074
                ],
                [
                    283.3479865792856,
                    421.2568487108781
                ],
                [
                    276.1631727329873,
                    435.11195412216716
                ],
                [
                    274.8273895700613,
                    450.6619116560489
                ],
                [
                    279.54399796815824,
                    465.5393812387058
                ],
                [
                    289.5949370548292,
                    477.4794029907764
                ],
                [
                    303.45004246611825,
                    484.66421683707404
                ]
            ],
            "tags": [
                "mirror ball"
            ],
            "type": "region"
        }
    ],
    "size": [
        2592,
        1728
    ]
}