{
    "objects": [
        {
            "data": [
                [
                    216.0,
                    512.0
                ],
                [
                    230.9159576417751,
                    513.7813852752997
                ],
                [
                    245.37821224633308,
                    509.7190808032992
                ],
                [
                    257.18501665079384,
                    500.43153561497843
                ],
                [
                    264.5388919135271,
                    487.3326942734534
                ],
                [
                    266.32027718882637,
                    472.4167366316781
                ],
                [
                    262.2579727168263,
                    457.9544820271203
                ],
                [
                    252.97042752850575,
                    446.14767762265956
                ],
                [
                    239.8715861869805,
                    438.7938023599263
                ],
                [
                    224.9556285452054,
                    437.0124170846266
                ],
                [
                    210.49337394064742,
                    441.0747215566271
                ],
                [
                    198.68656953618665,
                    450.36226674494765
                ],
                [
                    191.3326942734534,
                    463.4611080864729
                ],
                [
                    189.55130899815413,
                    478.3770657282482
                ],
                [
                    193.61361347015418,
                    492.839320332806
                ],
                [
                    202.90115865847474,
                    504.646124737267
                ]
            ],
            "tags": [
                "mirror ball"
            ],
            "type": "region"
        }
    ],
    "size": [
        2592,
        1728
    ]
}