{
    "objects": [
        {
            "data": [
                [
                    276.0,
                    507.0
                ],
                [
                    290.9133480743326,
                    503.1107882530864
                ],
                [
                    303.2031482209218,
                    493.81053389336944
                ],
                [
                    310.9983897747643,
                    480.5151163401001
                ],
                [
                    313.1123178733292,
                    465.2486423925043
                ],
                [
                    309.2231061264156,
                    450.3352943181717
                ],
                [
                    299.9228517666984,
                    438.04549417158273
                ],
                [
                    289.62743421342975,
                    429.25025261774
                ],
                [
                    275.36096026583346,
                    437.1363245191751
                ],
                [
                    257.44761219150087,
                    431.0255362660887
                ],
                [
                    244.15781204491168,
                    441.32579062580567
                ],
                [
                    236.36257049106916,
                    454.62120817907476
                ],
                [
                    234.24864239250428,
                    469.8876821266708
                ],
                [
                    238.13785413941787,
                    484.80103020100364
                ],
                [
                    247.43810849913507,
                    497.0908303475924
                ],
                [
                    260.7335260524037,
                    504.8860719014351
                ]
            ],
            "tags": [
                "mirror ball"
            ],
            "type": "region"
        }
    ],
    "size": [
        2592,
        1728
    ]
}