{
    "objects": [
        {
            "data": [
                [
                    273.0,
                    408.0
                ],
                [
                    263.29289321881345,
                    410.53553390593277
                ],
                [
                    247.0,
                    409.0
                ],
                [
                    233.0,
                    419.0
                ],
                [
                    225.0,
                    427.0
                ],
                [
                    226.0,
                    454.0
                ],
                [
                    238.0,
                    473.0
                ],
                [
                    251.7573593128807,
                    484.12132034355966
                ],
                [
                    278.2426406871193,
                    483.53553390593277
                ],
                [
                    296.24264068711926,
                    474.41421356237305
                ],
                [
                    303.0,
                    460.0
                ],
                [
                    305.0,
                    436.0
                ],
                [
                    299.0,
                    417.0
                ],
                [
                    292.0,
                    410.0
                ]
            ],
            "tags": [
                "mirror ball"
            ],
            "type": "region"
        }
    ],
    "size": [
        2592,
        1728
    ]
}