{
    "objects": [
        {
            "data": [
                [
                    224.0,
                    489.0
                ],
                [
                    238.77324251695654,
                    484.60850545557423
                ],
                [
                    250.74138670172442,
                    474.89781837529335
                ],
                [
                    258.0823910936706,
                    461.34630283953265
                ],
                [
                    259.6786543204912,
                    446.0170542438177
                ],
                [
                    255.28715977606498,
                    431.24381172686117
                ],
                [
                    245.57647269578456,
                    419.2756675420933
                ],
                [
                    232.02495716002386,
                    411.9346631501471
                ],
                [
                    216.69570856430892,
                    410.3383999233265
                ],
                [
                    201.92246604735237,
                    414.7298944677523
                ],
                [
                    189.9543218625845,
                    424.44058154803315
                ],
                [
                    182.61331747063832,
                    437.99209708379385
                ],
                [
                    181.0170542438177,
                    453.3213456795088
                ],
                [
                    185.40854878824393,
                    468.09458819646534
                ],
                [
                    195.11923586852436,
                    480.0627323812332
                ],
                [
                    208.67075140428506,
                    487.4037367731794
                ]
            ],
            "tags": [
                "mirror ball"
            ],
            "type": "region"
        }
    ],
    "size": [
        2592,
        1728
    ]
}