{
    "objects": [
        {
            "data": [
                [
                    277.0,
                    413.0
                ],
                [
                    262.0,
                    417.0
                ],
                [
                    245.0,
                    427.0
                ],
                [
                    237.0,
                    454.0
                ],
                [
                    256.0,
                    481.0
                ],
                [
                    268.5147186257614,
                    486.4142135623731
                ],
                [
                    292.4142135623731,
                    487.2426406871192
                ],
                [
                    311.8284271247462,
                    477.12132034355966
                ],
                [
                    318.0,
                    460.0
                ],
                [
                    319.0,
                    439.0
                ],
                [
                    310.0,
                    421.0
                ],
                [
                    291.0,
                    411.0
                ]
            ],
            "tags": [
                "mirror ball"
            ],
            "type": "region"
        }
    ],
    "size": [
        2592,
        1728
    ]
}