{
    "objects": [
        {
            "data": [
                [
                    241.0,
                    502.0
                ],
                [
                    255.83165612107769,
                    498.59699562052083
                ],
                [
                    268.2320462482953,
                    489.777200453201
                ],
                [
                    276.31332339459914,
                    476.88334836062245
                ],
                [
                    278.84518637142537,
                    461.8784114408202
                ],
                [
                    275.4421819919462,
                    447.04675531974203
                ],
                [
                    266.62238682462566,
                    434.64636519252485
                ],
                [
                    253.7285347320476,
                    426.5650880462208
                ],
                [
                    238.72359781224532,
                    424.03322506939503
                ],
                [
                    223.89194169116763,
                    427.4362294488742
                ],
                [
                    211.49155156395,
                    436.25602461619405
                ],
                [
                    203.41027441764618,
                    449.1498767087726
                ],
                [
                    200.87841144081995,
                    464.15481362857486
                ],
                [
                    204.28141582029912,
                    478.986469749653
                ],
                [
                    213.10121098761965,
                    491.3868598768702
                ],
                [
                    225.99506308019772,
                    499.4681370231742
                ]
            ],
            "tags": [
                "mirror ball"
            ],
            "type": "region"
        }
    ],
    "size": [
        2592,
        1728
    ]
}