{
    "objects": [
        {
            "data": [
                [
                    241.0,
                    488.0
                ],
                [
                    255.04654706884185,
                    484.66303429690174
                ],
                [
                    267.6707424517667,
                    475.82201570557004
                ],
                [
                    275.95066684033964,
                    462.8229091625017
                ],
                [
                    278.6257768041023,
                    447.6447108016846
                ],
                [
                    275.28881110100383,
                    432.59816373284275
                ],
                [
                    265.4477925096721,
                    419.9739683499181
                ],
                [
                    253.44868596660353,
                    413.6940439613452
                ],
                [
                    239.2704876057869,
                    414.0189339975823
                ],
                [
                    226.22394053694507,
                    412.35589970068054
                ],
                [
                    211.59974515402018,
                    421.19691829201224
                ],
                [
                    204.31982076544728,
                    434.1960248350806
                ],
                [
                    201.6447108016846,
                    447.3742231958977
                ],
                [
                    205.98167650478308,
                    464.42077026473953
                ],
                [
                    214.82269509611478,
                    476.0449656476642
                ],
                [
                    226.82180163918338,
                    484.3248900362373
                ]
            ],
            "tags": [
                "mirror ball"
            ],
            "type": "region"
        }
    ],
    "size": [
        2592,
        1728
    ]
}