{
    "objects": [
        {
            "data": [
                [
                    261.0,
                    407.0
                ],
                [
                    249.0,
                    408.0
                ],
                [
                    235.0,
                    412.0
                ],
                [
                    223.0,
                    420.0
                ],
                [
                    217.0,
                    434.0
                ],
                [
                    217.0,
                    458.0
                ],
                [
                    226.99999999999997,
                    473.9497474683059
                ],
                [
                    244.8786796564404,
                    483.8284271247462
                ],
                [
                    268.1213203435596,
                    485.53553390593277
                ],
                [
                    286.8284271247462,
                    472.29289321881345
                ],
                [
                    298.0,
                    457.0
                ],
                [
                    298.0,
                    438.0
                ],
                [
                    295.0,
                    422.0
                ],
                [
                    282.0,
                    409.0
                ]
            ],
            "tags": [
                "mirror ball"
            ],
            "type": "region"
        }
    ],
    "size": [
        2592,
        1728
    ]
}