{
    "objects": [
        {
            "data": [
                [
                    312.0,
                    499.0
                ],
                [
                    326.9481522751007,
                    494.51243501169165
                ],
                [
                    339.0411274382409,
                    484.64605534802786
                ],
                [
                    346.4378796439255,
                    470.90292787384715
                ],
                [
                    348.0123204205647,
                    455.3753191653325
                ],
                [
                    343.52475543225637,
                    440.427166890232
                ],
                [
                    333.6583757685926,
                    428.3341917270918
                ],
                [
                    319.9152482944114,
                    424.9374395214072
                ],
                [
                    304.387639585897,
                    428.362998744768
                ],
                [
                    289.43948731079627,
                    423.85056373307634
                ],
                [
                    277.3465121476561,
                    433.71694339674013
                ],
                [
                    269.9497599419715,
                    447.46007087092084
                ],
                [
                    268.37531916533226,
                    462.9876795794355
                ],
                [
                    272.8628841536406,
                    477.935831854536
                ],
                [
                    282.7292638173044,
                    490.0288070176762
                ],
                [
                    296.47239129148556,
                    497.4255592233608
                ]
            ],
            "tags": [
                "mirror ball"
            ],
            "type": "region"
        }
    ],
    "size": [
        2592,
        1728
    ]
}