{
    "objects": [
        {
            "data": [
                [
                    286.0,
                    466.0
                ],
                [
                    301.9723401342294,
                    461.5424738430979
                ],
                [
                    315.02303686097184,
                    451.3119067156333
                ],
                [
                    323.16523990844144,
                    436.86580972243996
                ],
                [
                    325.15937267191566,
                    420.40347017653653
                ],
                [
                    320.70184651501404,
                    404.43113004230713
                ],
                [
                    310.47127938754875,
                    391.3804333155647
                ],
                [
                    296.02518239435585,
                    383.23823026809487
                ],
                [
                    279.5628428484524,
                    381.24409750462064
                ],
                [
                    263.590502714223,
                    385.7016236615225
                ],
                [
                    250.53980598748058,
                    395.9321907889873
                ],
                [
                    242.39760294001098,
                    410.3782877821807
                ],
                [
                    240.40347017653676,
                    426.8406273280841
                ],
                [
                    244.86099633343838,
                    442.8129674623135
                ],
                [
                    255.09156346090367,
                    455.86366418905595
                ],
                [
                    269.53766045409657,
                    464.005867236526
                ]
            ],
            "tags": [
                "mirror ball"
            ],
            "type": "region"
        }
    ],
    "size": [
        2592,
        1728
    ]
}