{
    "objects": [
        {
            "data": [
                [
                    338.0,
                    510.0
                ],
                [
                    353.0450614481306,
                    505.84890111104846
                ],
                [
                    365.35632901452254,
                    496.2562900550015
                ],
                [
                    373.05952381411043,
                    482.6825549079065
                ],
                [
                    374.98190426829206,
                    467.1941737996931
                ],
                [
                    370.83080537934075,
                    452.1491123515623
                ],
                [
                    361.23819432329356,
                    439.83784478517055
                ],
                [
                    347.66445917619876,
                    432.1346499855829
                ],
                [
                    332.17607806798515,
                    430.21226953140103
                ],
                [
                    317.13101661985456,
                    434.3633684203526
                ],
                [
                    304.8197490534626,
                    443.95597947639953
                ],
                [
                    297.1165542538747,
                    457.52971462349456
                ],
                [
                    295.1941737996931,
                    473.01809573170794
                ],
                [
                    299.3452726886444,
                    488.06315717983875
                ],
                [
                    308.9378837446916,
                    500.37442474623026
                ],
                [
                    322.5116188917864,
                    508.07761954581815
                ]
            ],
            "tags": [
                "mirror ball"
            ],
            "type": "region"
        }
    ],
    "size": [
        2592,
        1728
    ]
}