{
    "objects": [
        {
            "data": [
                [
                    336.0,
                    507.0
                ],
                [
                    351.2942836673333,
                    503.02532005063654
                ],
                [
                    363.9033151464291,
                    493.5003256277564
                ],
                [
                    371.9074836957493,
                    479.87511078795364
                ],
                [
                    374.08822721163006,
                    464.2239909777077
                ],
                [
                    370.1135472622668,
                    448.9297073103746
                ],
                [
                    360.58855283938647,
                    436.320675831279
                ],
                [
                    350.9633379995835,
                    432.31650728195814
                ],
                [
                    336.3122181893377,
                    438.1357637660776
                ],
                [
                    316.01793452200445,
                    430.1104437154411
                ],
                [
                    303.4089030429086,
                    439.6354381383212
                ],
                [
                    295.4047344935884,
                    453.26065297812397
                ],
                [
                    293.2239909777077,
                    468.91177278836994
                ],
                [
                    297.1986709270709,
                    484.206056455703
                ],
                [
                    306.7236653499517,
                    496.8150879347986
                ],
                [
                    320.34888018975425,
                    504.8192564841195
                ]
            ],
            "tags": [
                "mirror ball"
            ],
            "type": "region"
        }
    ],
    "size": [
        2592,
        1728
    ]
}