{
    "objects": [
        {
            "data": [
                [
                    288.0,
                    449.0
                ],
                [
                    303.67454008296227,
                    444.9372738890629
                ],
                [
                    316.60118887424596,
                    435.18541758927677
                ],
                [
                    324.8119812757409,
                    421.2290628214864
                ],
                [
                    327.0568985753389,
                    405.1929380844174
                ],
                [
                    322.9941724644018,
                    389.51839800145535
                ],
                [
                    313.24231616461566,
                    376.59174921017166
                ],
                [
                    299.28596139682577,
                    368.3809568086763
                ],
                [
                    283.2498366597565,
                    366.1360395090783
                ],
                [
                    267.57529657679424,
                    370.19876562001537
                ],
                [
                    254.64864778551055,
                    379.9506219198015
                ],
                [
                    246.43785538401562,
                    393.90697668759185
                ],
                [
                    244.19293808441762,
                    409.9431014246609
                ],
                [
                    248.2556641953547,
                    425.6176415076229
                ],
                [
                    258.00752049514085,
                    438.5442902989066
                ],
                [
                    271.9638752629312,
                    446.755082700402
                ]
            ],
            "tags": [
                "mirror ball"
            ],
            "type": "region"
        }
    ],
    "size": [
        2592,
        1728
    ]
}