{
    "objects": [
        {
            "data": [
                [
                    281.0,
                    498.0
                ],
                [
                    296.40342493516573,
                    497.48190824630956
                ],
                [
                    310.436068832757,
                    491.108618354745
                ],
                [
                    320.9615888655994,
                    479.85040593728013
                ],
                [
                    326.37757002276976,
                    465.4212317785243
                ],
                [
                    325.8594782690793,
                    450.0178068433586
                ],
                [
                    319.48618837751474,
                    435.9851629457671
                ],
                [
                    302.2279759600501,
                    423.45964291292466
                ],
                [
                    289.79880180129385,
                    429.0436617557548
                ],
                [
                    275.3953768661281,
                    422.5617535094452
                ],
                [
                    264.3627329685369,
                    426.9350434010098
                ],
                [
                    253.83721293569442,
                    438.19325581847465
                ],
                [
                    248.4212317785241,
                    452.62242997723047
                ],
                [
                    248.93932353221453,
                    468.0258549123962
                ],
                [
                    255.3126134237791,
                    482.05849880998767
                ],
                [
                    266.57082584124373,
                    492.5840188428301
                ]
            ],
            "tags": [
                "mirror ball"
            ],
            "type": "region"
        }
    ],
    "size": [
        2592,
        1728
    ]
}