{
    "objects": [
        {
            "data": [
                [
                    280.0,
                    513.0
                ],
                [
                    294.9385571321791,
                    509.2087693809053
                ],
                [
                    307.2891431656467,
                    499.9893906909697
                ],
                [
                    315.1714933351491,
                    486.7454307618598
                ],
                [
                    317.3855912810618,
                    471.4931624359865
                ],
                [
                    313.59436066196713,
                    456.55460530380765
                ],
                [
                    304.37498197203195,
                    444.2040192703398
                ],
                [
                    291.13102204292136,
                    436.3216691008374
                ],
                [
                    275.8787537170483,
                    434.1075711549247
                ],
                [
                    260.9401965848692,
                    437.8988017740194
                ],
                [
                    248.58961055140162,
                    447.118180463955
                ],
                [
                    240.70726038189923,
                    460.3621403930649
                ],
                [
                    238.4931624359865,
                    475.6144087189382
                ],
                [
                    242.28439305508118,
                    490.55296585111705
                ],
                [
                    251.50377174501637,
                    502.9035518845849
                ],
                [
                    264.74773167412695,
                    510.7859020540875
                ]
            ],
            "tags": [
                "mirror ball"
            ],
            "type": "region"
        }
    ],
    "size": [
        2592,
        1728
    ]
}