{
    "objects": [
        {
            "data": [
                [
                    358.0,
                    484.0
                ],
                [
                    374.217880882366,
                    480.5408774973462
                ],
                [
                    387.8775002180032,
                    471.13875069494316
                ],
                [
                    396.89930478781844,
                    457.22500816796514
                ],
                [
                    399.9098066289189,
                    440.91789108775424
                ],
                [
                    396.4506841262655,
                    424.70001020538825
                ],
                [
                    387.0485573238625,
                    411.04039086975126
                ],
                [
                    373.13481479688426,
                    402.01858629993603
                ],
                [
                    356.82769771667336,
                    399.0080844588351
                ],
                [
                    340.60981683430737,
                    402.46720696148896
                ],
                [
                    326.95019749867015,
                    411.869333763892
                ],
                [
                    317.9283929288549,
                    425.78307629087
                ],
                [
                    314.91789108775447,
                    442.0901933710809
                ],
                [
                    318.37701359040784,
                    458.3080742534469
                ],
                [
                    327.77914039281086,
                    471.96769358908386
                ],
                [
                    341.6928829197891,
                    480.9894981588991
                ]
            ],
            "tags": [
                "mirror ball"
            ],
            "type": "region"
        }
    ],
    "size": [
        2592,
        1728
    ]
}