{
    "objects": [
        {
            "data": [
                [
                    331.0,
                    498.0
                ],
                [
                    345.9804748863967,
                    493.62154500515
                ],
                [
                    358.1450668353523,
                    483.8436005034009
                ],
                [
                    365.6418269949395,
                    470.15476990785646
                ],
                [
                    367.3294415891605,
                    454.6390535871303
                ],
                [
                    362.9509865943105,
                    439.65857870073387
                ],
                [
                    353.1730420925619,
                    427.49398675177827
                ],
                [
                    339.48421149701744,
                    419.99722659219105
                ],
                [
                    323.96849517629107,
                    418.30961199796957
                ],
                [
                    308.9880202898944,
                    422.6880669928196
                ],
                [
                    296.8234283409388,
                    432.46601149456865
                ],
                [
                    289.3266681813516,
                    446.1548420901131
                ],
                [
                    287.63905358713055,
                    461.67055841083925
                ],
                [
                    292.01750858198056,
                    476.6510332972357
                ],
                [
                    301.79545308372917,
                    488.8156252461913
                ],
                [
                    315.48428367927363,
                    496.3123854057785
                ]
            ],
            "tags": [
                "mirror ball"
            ],
            "type": "region"
        }
    ],
    "size": [
        2592,
        1728
    ]
}