{
    "objects": [
        {
            "data": [
                [
                    359.0,
                    467.0
                ],
                [
                    375.2200744772763,
                    463.55117806278895
                ],
                [
                    388.8856622860926,
                    454.15772828954255
                ],
                [
                    397.91630156141855,
                    440.24971825640273
                ],
                [
                    400.93715933653493,
                    423.94451641449064
                ],
                [
                    397.48833739932434,
                    407.72444193721435
                ],
                [
                    382.0948876260777,
                    393.058854128398
                ],
                [
                    370.1868775929379,
                    393.02821485307186
                ],
                [
                    354.8816757510258,
                    390.0073570779555
                ],
                [
                    344.6616012737495,
                    384.4561790151665
                ],
                [
                    327.9960134649332,
                    394.84962878841293
                ],
                [
                    318.96537418960725,
                    408.75763882155275
                ],
                [
                    315.94451641449086,
                    425.06284066346484
                ],
                [
                    319.39333835170146,
                    441.2829151407411
                ],
                [
                    328.7867881249481,
                    454.94850294955745
                ],
                [
                    342.6947981580879,
                    463.9791422248836
                ]
            ],
            "tags": [
                "mirror ball"
            ],
            "type": "region"
        }
    ],
    "size": [
        2592,
        1728
    ]
}