{
    "objects": [
        {
            "data": [
                [
                    290.0,
                    470.0
                ],
                [
                    305.5617766147284,
                    465.524728068802
                ],
                [
                    318.2263710951902,
                    455.43488184052285
                ],
                [
                    326.06571373657107,
                    441.26654893873433
                ],
                [
                    327.88633568553814,
                    425.17672961147605
                ],
                [
                    323.41106375433947,
                    409.61495299674766
                ],
                [
                    313.32121752606054,
                    396.95035851628563
                ],
                [
                    299.15288462427225,
                    389.111015874905
                ],
                [
                    283.06306529701396,
                    387.29039392593813
                ],
                [
                    267.5012886822856,
                    391.7656658571361
                ],
                [
                    254.83669420182378,
                    401.8555120854153
                ],
                [
                    246.9973515604429,
                    416.0238449872038
                ],
                [
                    245.17672961147582,
                    432.1136643144621
                ],
                [
                    249.6520015426745,
                    447.6754409291905
                ],
                [
                    259.7418477709534,
                    460.3400354096525
                ],
                [
                    273.9101806727417,
                    468.17937805103315
                ]
            ],
            "tags": [
                "mirror ball"
            ],
            "type": "region"
        }
    ],
    "size": [
        2592,
        1728
    ]
}