{
    "objects": [
        {
            "data": [
                [
                    344.0,
                    521.0
                ],
                [
                    359.09141537768573,
                    517.0207189264847
                ],
                [
                    371.5112602221975,
                    507.56910795257454
                ],
                [
                    379.3687257421316,
                    494.0840891699802
                ],
                [
                    381.46758404018146,
                    478.6186344463522
                ],
                [
                    377.4883029666662,
                    463.5272190686667
                ],
                [
                    368.036691992756,
                    451.10737422415514
                ],
                [
                    354.5516732101614,
                    443.2499087042206
                ],
                [
                    339.08621848653365,
                    441.1510504061707
                ],
                [
                    323.9948031088479,
                    445.130331479686
                ],
                [
                    311.57495826433615,
                    454.5819424535962
                ],
                [
                    303.7174927444021,
                    468.06696123619054
                ],
                [
                    301.6186344463522,
                    483.53241595981854
                ],
                [
                    305.59791551986746,
                    498.62383133750404
                ],
                [
                    315.04952649377765,
                    511.0436761820156
                ],
                [
                    328.5345452763722,
                    518.9011417019501
                ]
            ],
            "tags": [
                "mirror ball"
            ],
            "type": "region"
        }
    ],
    "size": [
        2592,
        1728
    ]
}