{
    "objects": [
        {
            "data": [
                [
                    244.0,
                    475.0
                ],
                [
                    258.74946147227774,
                    471.2567596419067
                ],
                [
                    270.9437109736764,
                    462.15408194804604
                ],
                [
                    278.72628455875474,
                    449.07776708132974
                ],
                [
                    280.91235594838963,
                    434.0185654431259
                ],
                [
                    277.1691155902963,
                    419.26910397084816
                ],
                [
                    268.0664378964357,
                    407.07485446944975
                ],
                [
                    254.9901230297196,
                    399.2922808843714
                ],
                [
                    239.93092139151577,
                    397.10620949473605
                ],
                [
                    225.18145991923802,
                    400.84944985282937
                ],
                [
                    212.98721041783938,
                    409.95212754669
                ],
                [
                    205.20463683276103,
                    423.0284424134063
                ],
                [
                    203.01856544312614,
                    438.08764405161014
                ],
                [
                    206.76180580121945,
                    452.8371055238879
                ],
                [
                    215.8644834950801,
                    465.0313550252863
                ],
                [
                    228.94079836179617,
                    472.81392861036466
                ]
            ],
            "tags": [
                "mirror ball"
            ],
            "type": "region"
        }
    ],
    "size": [
        2592,
        1728
    ]
}