{
    "objects": [
        {
            "data": [
                [
                    278.0,
                    502.0
                ],
                [
                    292.9414574274824,
                    498.2202157811257
                ],
                [
                    305.29910333214457,
                    489.01030229111257
                ],
                [
                    313.1915981473394,
                    475.77238537074163
                ],
                [
                    315.41738108309846,
                    460.5218178691234
                ],
                [
                    311.6375968642242,
                    445.58036044164055
                ],
                [
                    302.42768337421103,
                    433.22271453697886
                ],
                [
                    289.1897664538401,
                    425.3302197217836
                ],
                [
                    273.9391989522219,
                    423.10443678602496
                ],
                [
                    258.99774152473947,
                    426.88422100489925
                ],
                [
                    246.64009562007732,
                    436.0941344949124
                ],
                [
                    238.7476008048825,
                    449.33205141528333
                ],
                [
                    236.52181786912342,
                    464.58261891690154
                ],
                [
                    240.3016020879977,
                    479.5240763443844
                ],
                [
                    249.51151557801086,
                    491.8817222490461
                ],
                [
                    262.7494324983818,
                    499.7742170642414
                ]
            ],
            "tags": [
                "mirror ball"
            ],
            "type": "region"
        }
    ],
    "size": [
        2592,
        1728
    ]
}