{
    "objects": [
        {
            "data": [
                [
                    366.0,
                    543.0
                ],
                [
                    382.257712325531,
                    538.8550900234693
                ],
                [
                    395.6916916118821,
                    528.8041353769122
                ],
                [
                    404.25673629203266,
                    514.3773027931368
                ],
                [
                    406.6488959557523,
                    497.77094675345916
                ],
                [
                    402.5039859792214,
                    481.5132344279284
                ],
                [
                    392.4530313326645,
                    468.07925514157705
                ],
                [
                    378.0261987488889,
                    459.5142104614267
                ],
                [
                    358.4198427092115,
                    463.12205079770683
                ],
                [
                    343.1621303836805,
                    464.26696077423753
                ],
                [
                    331.7281510973294,
                    471.31791542079463
                ],
                [
                    323.1631064171788,
                    485.74474800457006
                ],
                [
                    320.77094675345916,
                    502.3511040442477
                ],
                [
                    324.9158567299901,
                    518.6088163697784
                ],
                [
                    334.96681137654696,
                    532.04279565613
                ],
                [
                    349.3936439603226,
                    540.6078403362801
                ]
            ],
            "tags": [
                "mirror ball"
            ],
            "type": "region"
        }
    ],
    "size": [
        2592,
        1728
    ]
}