{
    "objects": [
        {
            "data": [
                [
                    336.0,
                    536.0
                ],
                [
                    351.73663640687437,
                    531.4271142701759
                ],
                [
                    364.52542508685474,
                    521.1801687058148
                ],
                [
                    372.41938889407265,
                    506.8191678802975
                ],
                [
                    374.2167433978393,
                    490.5304439865122
                ],
                [
                    369.6438576680157,
                    474.79380757963827
                ],
                [
                    359.39691210365436,
                    462.00501889965767
                ],
                [
                    345.0359112781366,
                    454.1110550924395
                ],
                [
                    328.7471873843515,
                    452.3137005886729
                ],
                [
                    313.0105509774771,
                    456.88658631849694
                ],
                [
                    300.22176229749675,
                    467.13353188285805
                ],
                [
                    292.32779849027884,
                    481.49453270837535
                ],
                [
                    290.5304439865122,
                    497.7832566021607
                ],
                [
                    295.1033297163358,
                    513.5198930090348
                ],
                [
                    305.35027528069713,
                    526.3086816890152
                ],
                [
                    319.7112761062149,
                    534.2026454962333
                ]
            ],
            "tags": [
                "mirror ball"
            ],
            "type": "region"
        }
    ],
    "size": [
        2592,
        1728
    ]
}