{
    "objects": [
        {
            "data": [
                [
                    369.0,
                    548.0
                ],
                [
                    385.04146711577914,
                    543.0842272686143
                ],
                [
                    397.9806654739273,
                    532.4038417595716
                ],
                [
                    405.8477194185407,
                    517.5848353486883
                ],
                [
                    407.44494130157454,
                    500.8832674273938
                ],
                [
                    402.52916857018863,
                    484.84180031161463
                ],
                [
                    391.84878306114615,
                    471.90260195346673
                ],
                [
                    373.0297766502631,
                    469.0355480088531
                ],
                [
                    355.3282087289681,
                    466.43832612581946
                ],
                [
                    344.28674161318895,
                    467.35409885720514
                ],
                [
                    331.3475432550408,
                    478.03448436624785
                ],
                [
                    323.4804893104274,
                    492.8534907771311
                ],
                [
                    321.88326742739355,
                    509.5550586984257
                ],
                [
                    326.79904015877946,
                    525.5965258142048
                ],
                [
                    337.4794256678224,
                    538.5357241723527
                ],
                [
                    352.298432078705,
                    546.4027781169664
                ]
            ],
            "tags": [
                "mirror ball"
            ],
            "type": "region"
        }
    ],
    "size": [
        2592,
        1728
    ]
}