{
    "objects": [
        {
            "data": [
                [
                    340.0,
                    469.0
                ],
                [
                    331.0,
                    470.0
                ],
                [
                    316.0,
                    474.0
                ],
                [
                    305.0,
                    481.0
                ],
                [
                    296.17157287525384,
                    491.0
                ],
                [
                    291.46446609406723,
                    508.70710678118655
                ],
                [
                    294.0,
                    525.0
                ],
                [
                    302.0,
                    543.0
                ],
                [
                    314.0,
                    551.0
                ],
                [
                    328.0,
                    554.0
                ],
                [
                    353.0,
                    550.0
                ],
                [
                    365.0,
                    541.0
                ],
                [
                    371.1715728752538,
                    525.2928932188134
                ],
                [
                    373.0,
                    502.0
                ],
                [
                    370.0,
                    485.0
                ],
                [
                    360.0,
                    475.0
                ]
            ],
            "tags": [
                "mirror ball"
            ],
            "type": "region"
        }
    ],
    "size": [
        2592,
        1728
    ]
}