{
    "objects": [
        {
            "data": [
                [
                    367.0,
                    489.0
                ],
                [
                    383.6649083629791,
                    484.8745570698652
                ],
                [
                    397.482537450182,
                    474.68576045177565
                ],
                [
                    406.34927849020096,
                    459.9847620691644
                ],
                [
                    408.9152505369002,
                    443.0096556609012
                ],
                [
                    404.78980760676586,
                    426.3447472979219
                ],
                [
                    394.6010109886761,
                    412.5271182107192
                ],
                [
                    379.9000126060646,
                    403.6603771707005
                ],
                [
                    362.92490619780165,
                    401.0944051240008
                ],
                [
                    346.25999783482257,
                    405.2198480541356
                ],
                [
                    332.44236874761964,
                    415.40864467222514
                ],
                [
                    323.57562770760114,
                    430.1096430548364
                ],
                [
                    321.00965566090144,
                    447.08474946309957
                ],
                [
                    325.13509859103624,
                    463.7496578260789
                ],
                [
                    335.32389520912557,
                    477.5672869132816
                ],
                [
                    350.02489359173705,
                    486.4340279533003
                ]
            ],
            "tags": [
                "mirror ball"
            ],
            "type": "region"
        }
    ],
    "size": [
        2592,
        1728
    ]
}