{
    "objects": [
        {
            "data": [
                [
                    352.0,
                    540.0
                ],
                [
                    368.35032495854557,
                    535.4453558908524
                ],
                [
                    381.71306869676437,
                    524.9804149451172
                ],
                [
                    390.053874614086,
                    510.1983695568563
                ],
                [
                    392.10293061919265,
                    493.34965213685746
                ],
                [
                    387.5482865100453,
                    476.99932717831166
                ],
                [
                    377.0833455643101,
                    463.63658344009286
                ],
                [
                    362.30130017604915,
                    457.29577752277123
                ],
                [
                    346.4525827560501,
                    460.2467215176648
                ],
                [
                    327.10225779750454,
                    461.8013656268124
                ],
                [
                    315.73951405928574,
                    468.2663065725476
                ],
                [
                    307.3987081419641,
                    483.04835196080853
                ],
                [
                    305.34965213685746,
                    499.89706938080735
                ],
                [
                    309.90429624600483,
                    516.2473943393531
                ],
                [
                    320.36923719174,
                    529.610138077572
                ],
                [
                    335.15128258000095,
                    537.9509439948936
                ]
            ],
            "tags": [
                "mirror ball"
            ],
            "type": "region"
        }
    ],
    "size": [
        2592,
        1728
    ]
}