{
    "objects": [
        {
            "data": [
                [
                    358.0,
                    472.0
                ],
                [
                    373.2823730794212,
                    467.95304859483053
                ],
                [
                    386.7766230538664,
                    458.9831586054454
                ],
                [
                    394.42837269040683,
                    444.6081554054497
                ],
                [
                    396.92047153518524,
                    427.01650292231466
                ],
                [
                    393.873520130016,
                    413.7341298428935
                ],
                [
                    382.9036301406304,
                    400.23987986844827
                ],
                [
                    368.5286269406347,
                    393.5881302319078
                ],
                [
                    351.9369744574997,
                    392.09603138712964
                ],
                [
                    337.6546013780785,
                    395.1429827922991
                ],
                [
                    324.1603514036333,
                    403.11287278168425
                ],
                [
                    314.50860176709284,
                    417.48787598167996
                ],
                [
                    310.01650292231443,
                    433.079528464815
                ],
                [
                    316.06345432748367,
                    450.36190154423616
                ],
                [
                    327.03334431686926,
                    461.8561515186814
                ],
                [
                    341.408347516865,
                    470.5079011552218
                ]
            ],
            "tags": [
                "mirror ball"
            ],
            "type": "region"
        }
    ],
    "size": [
        2592,
        1728
    ]
}