{
    "objects": [
        {
            "data": [
                [
                    364.0,
                    474.0
                ],
                [
                    351.0,
                    479.0
                ],
                [
                    342.0,
                    485.0
                ],
                [
                    338.0,
                    500.0
                ],
                [
                    336.0,
                    520.0
                ],
                [
                    340.92893218813447,
                    533.8786796564403
                ],
                [
                    350.39906166072296,
                    541.6122650963194
                ],
                [
                    367.0,
                    547.0
                ],
                [
                    389.0,
                    549.0
                ],
                [
                    398.0,
                    544.0
                ],
                [
                    408.0,
                    535.0
                ],
                [
                    418.0,
                    517.0
                ],
                [
                    418.0,
                    498.0
                ],
                [
                    408.0,
                    480.0
                ],
                [
                    393.0,
                    468.0
                ]
            ],
            "tags": [
                "mirror ball"
            ],
            "type": "region"
        }
    ],
    "size": [
        2592,
        1728
    ]
}