{
    "objects": [
        {
            "data": [
                [
                    388.0,
                    544.0
                ],
                [
                    404.0341849139809,
                    539.7703306338146
                ],
                [
                    417.2292157856873,
                    529.7266087590472
                ],
                [
                    425.5762687781553,
                    515.3978999845656
                ],
                [
                    427.8045807395056,
                    498.9656203312161
                ],
                [
                    423.57491137332,
                    482.93143541723543
                ],
                [
                    413.5311894985525,
                    469.73640454552856
                ],
                [
                    399.20248072407094,
                    461.3893515530606
                ],
                [
                    382.77020107072167,
                    459.1610395917105
                ],
                [
                    366.7360161567408,
                    463.39070895789587
                ],
                [
                    353.54098528503437,
                    473.43443083266334
                ],
                [
                    345.1939322925664,
                    487.7631396071449
                ],
                [
                    342.9656203312161,
                    504.1954192604944
                ],
                [
                    347.1952896974017,
                    520.2296041744751
                ],
                [
                    357.23901157216915,
                    533.424635046182
                ],
                [
                    371.56772034665073,
                    541.7716880386499
                ]
            ],
            "tags": [
                "mirror ball"
            ],
            "type": "region"
        }
    ],
    "size": [
        2592,
        1728
    ]
}