{
    "objects": [
        {
            "data": [
                [
                    368.0,
                    485.0
                ],
                [
                    384.5893232963531,
                    480.5804069547785
                ],
                [
                    398.22455451186397,
                    470.1487762186064
                ],
                [
                    406.8298532976505,
                    455.293229008098
                ],
                [
                    409.0951409208037,
                    438.2753877201824
                ],
                [
                    404.6755478755822,
                    421.68606442382907
                ],
                [
                    394.24391713940986,
                    408.0508332083182
                ],
                [
                    379.3883699289013,
                    399.4455344225321
                ],
                [
                    362.37052864098587,
                    397.1802467993789
                ],
                [
                    345.7812053446328,
                    401.5998398446004
                ],
                [
                    332.1459741291219,
                    412.0314705807725
                ],
                [
                    323.54067534333535,
                    426.88701779128087
                ],
                [
                    321.27538772018215,
                    443.9048590791965
                ],
                [
                    325.69498076540367,
                    460.4941823755498
                ],
                [
                    336.126611501576,
                    474.12941359106094
                ],
                [
                    350.9821587120846,
                    482.7347123768468
                ]
            ],
            "tags": [
                "mirror ball"
            ],
            "type": "region"
        }
    ],
    "size": [
        2592,
        1728
    ]
}