{
    "objects": [
        {
            "data": [
                [
                    341.0,
                    527.0
                ],
                [
                    353.50176398308804,
                    523.2639430363695
                ],
                [
                    366.9349954426766,
                    514.5734452617371
                ],
                [
                    373.25460666158915,
                    500.55603805268674
                ],
                [
                    377.1940122492106,
                    484.4979855236609
                ],
                [
                    372.4579552855798,
                    467.9962215405726
                ],
                [
                    362.7674575109472,
                    454.5629900809845
                ],
                [
                    346.75005030189686,
                    448.2433788620717
                ],
                [
                    329.6919977728712,
                    454.3039732744505
                ],
                [
                    314.1902337897832,
                    453.04003023808104
                ],
                [
                    302.7570023301946,
                    460.7305280127134
                ],
                [
                    295.43739111128207,
                    475.7479352217638
                ],
                [
                    295.49798552366065,
                    491.80598775078965
                ],
                [
                    300.2340424872914,
                    506.3077517338779
                ],
                [
                    311.924540261924,
                    516.740983193466
                ],
                [
                    325.94194747097436,
                    524.060594412379
                ]
            ],
            "tags": [
                "mirror ball"
            ],
            "type": "region"
        }
    ],
    "size": [
        2592,
        1728
    ]
}