{
    "objects": [
        {
            "data": [
                [
                    329.0,
                    458.0
                ],
                [
                    318.0,
                    461.0
                ],
                [
                    305.0,
                    467.0
                ],
                [
                    297.0,
                    482.0
                ],
                [
                    293.0,
                    500.0
                ],
                [
                    297.0,
                    519.0
                ],
                [
                    305.0,
                    530.0
                ],
                [
                    315.0502525316941,
                    539.6568542494924
                ],
                [
                    330.6360389693211,
                    541.3639610306789
                ],
                [
                    349.29289321881345,
                    541.1923881554251
                ],
                [
                    365.2426406871192,
                    532.9497474683058
                ],
                [
                    374.0,
                    516.0
                ],
                [
                    378.0,
                    501.0
                ],
                [
                    375.0,
                    478.0
                ],
                [
                    367.0,
                    464.0
                ]
            ],
            "tags": [
                "mirror ball"
            ],
            "type": "region"
        }
    ],
    "size": [
        2592,
        1728
    ]
}