{
    "objects": [
        {
            "data": [
                [
                    356.0,
                    537.0
                ],
                [
                    371.289506343433,
                    533.2324123187618
                ],
                [
                    381.5145710308857,
                    523.594011441575
                ],
                [
                    390.66179784920314,
                    507.7043974646474
                ],
                [
                    392.49084537009185,
                    490.8303791412791
                ],
                [
                    386.72325768885366,
                    474.5408727978463
                ],
                [
                    377.08485681166667,
                    463.3158081103936
                ],
                [
                    367.195242834739,
                    457.16858129207594
                ],
                [
                    351.32122451137093,
                    461.33953377118723
                ],
                [
                    336.0317181679379,
                    458.1071214524254
                ],
                [
                    321.80665348048524,
                    470.7455223296122
                ],
                [
                    313.6594266621678,
                    482.63513630653983
                ],
                [
                    310.8303791412791,
                    497.50915462990815
                ],
                [
                    313.59796682251726,
                    513.7986609733409
                ],
                [
                    326.23636769970426,
                    527.0237256607936
                ],
                [
                    340.1259816766319,
                    532.1709524791113
                ]
            ],
            "tags": [
                "mirror ball"
            ],
            "type": "region"
        }
    ],
    "size": [
        2592,
        1728
    ]
}