{
    "objects": [
        {
            "data": [
                [
                    379.0,
                    524.0
                ],
                [
                    394.9158306659974,
                    519.3447316925578
                ],
                [
                    407.8386468067556,
                    508.9530998767582
                ],
                [
                    415.8010668104639,
                    494.40713629617994
                ],
                [
                    417.5908844110754,
                    477.9213320464769
                ],
                [
                    412.9356161036335,
                    462.0055013804795
                ],
                [
                    402.54398428783406,
                    449.0826852397213
                ],
                [
                    387.9980207072549,
                    441.12026523601276
                ],
                [
                    371.5122164575523,
                    439.33044763540147
                ],
                [
                    355.5963857915549,
                    443.9857159428436
                ],
                [
                    342.6735696507967,
                    454.3773477586433
                ],
                [
                    334.7111496470884,
                    468.9233113392215
                ],
                [
                    332.9213320464769,
                    485.4091155889246
                ],
                [
                    337.5766003539188,
                    501.324946254922
                ],
                [
                    347.96823216971825,
                    514.2477623956804
                ],
                [
                    362.5141957502974,
                    522.2101823993887
                ]
            ],
            "tags": [
                "mirror ball"
            ],
            "type": "region"
        }
    ],
    "size": [
        2592,
        1728
    ]
}