{
    "objects": [
        {
            "data": [
                [
                    386.0,
                    543.0
                ],
                [
                    402.364304559203,
                    538.4958413100012
                ],
                [
                    415.7592836978256,
                    528.072193048145
                ],
                [
                    424.1456732678007,
                    513.3159611716922
                ],
                [
                    426.2467214799117,
                    496.47364821825795
                ],
                [
                    421.7425627899129,
                    480.1093436590552
                ],
                [
                    411.31891452805667,
                    466.71436452043235
                ],
                [
                    396.56268265160406,
                    458.3279749504568
                ],
                [
                    379.72036969816963,
                    456.22692673834626
                ],
                [
                    363.35606513896664,
                    460.73108542834507
                ],
                [
                    349.96108600034404,
                    471.1547336902013
                ],
                [
                    341.57469643036893,
                    485.9109655666541
                ],
                [
                    339.47364821825795,
                    502.7532785200883
                ],
                [
                    343.97780690825675,
                    519.1175830792911
                ],
                [
                    354.40145517011297,
                    532.5125622179139
                ],
                [
                    369.157687046566,
                    540.8989517878895
                ]
            ],
            "tags": [
                "mirror ball"
            ],
            "type": "region"
        }
    ],
    "size": [
        2592,
        1728
    ]
}