{
    "objects": [
        {
            "data": [
                [
                    388.0,
                    550.0
                ],
                [
                    404.2516562355959,
                    545.8314081066528
                ],
                [
                    417.67097774719696,
                    535.7608917871414
                ],
                [
                    426.21499448111445,
                    521.321595861654
                ],
                [
                    428.5829573413139,
                    504.711772242302
                ],
                [
                    424.4143654479667,
                    488.46011600670613
                ],
                [
                    414.3438491284551,
                    475.04079449510505
                ],
                [
                    399.9045532029677,
                    466.4967777611878
                ],
                [
                    383.29472958361566,
                    464.12881490098835
                ],
                [
                    367.0430733480198,
                    468.29740679433553
                ],
                [
                    353.6237518364187,
                    478.3679231138469
                ],
                [
                    345.0797351025012,
                    492.8072190393343
                ],
                [
                    342.7117722423018,
                    509.41704265868634
                ],
                [
                    346.88036413564896,
                    525.6686988942822
                ],
                [
                    356.9508804551606,
                    539.0880204058833
                ],
                [
                    371.390176380648,
                    547.6320371398006
                ]
            ],
            "tags": [
                "mirror ball"
            ],
            "type": "region"
        }
    ],
    "size": [
        2592,
        1728
    ]
}