{
    "objects": [
        {
            "data": [
                [
                    355.0,
                    505.0
                ],
                [
                    371.42993960503236,
                    500.74147985961986
                ],
                [
                    384.97955942240196,
                    490.5196545815311
                ],
                [
                    393.58605266252334,
                    475.89070440324485
                ],
                [
                    395.93915874764434,
                    459.0817543776425
                ],
                [
                    391.6806386072644,
                    442.6518147726101
                ],
                [
                    381.458813329175,
                    429.1021949552405
                ],
                [
                    366.8298631508892,
                    420.4957017151189
                ],
                [
                    350.0209131252868,
                    418.14259562999814
                ],
                [
                    333.59097352025447,
                    422.4011157703783
                ],
                [
                    320.04135370288486,
                    432.62294104846706
                ],
                [
                    311.4348604627635,
                    447.2518912267533
                ],
                [
                    309.0817543776425,
                    464.06084125235566
                ],
                [
                    313.3402745180224,
                    480.490780857388
                ],
                [
                    323.56209979611185,
                    494.0404006747576
                ],
                [
                    338.19104997439763,
                    502.64689391487923
                ]
            ],
            "tags": [
                "mirror ball"
            ],
            "type": "region"
        }
    ],
    "size": [
        2592,
        1728
    ]
}