{
    "objects": [
        {
            "data": [
                [
                    355.0,
                    540.0
                ],
                [
                    371.35456411062023,
                    535.4606011452342
                ],
                [
                    384.72705842095,
                    525.008122724724
                ],
                [
                    393.0816418942045,
                    510.23385982603895
                ],
                [
                    395.14640493106845,
                    493.3870600464775
                ],
                [
                    390.6070060763027,
                    477.03249593585724
                ],
                [
                    380.15452765579266,
                    463.66000162552723
                ],
                [
                    365.3802647571074,
                    455.305418152273
                ],
                [
                    348.5334649775459,
                    453.240655115409
                ],
                [
                    332.1789008669257,
                    457.7800539701748
                ],
                [
                    318.8064065565959,
                    468.23253239068504
                ],
                [
                    310.4518230833414,
                    483.0067952893701
                ],
                [
                    308.3870600464775,
                    499.85359506893155
                ],
                [
                    312.9264589012432,
                    516.2081591795518
                ],
                [
                    323.37893732175326,
                    529.5806534898818
                ],
                [
                    338.1532002204385,
                    537.935236963136
                ]
            ],
            "tags": [
                "mirror ball"
            ],
            "type": "region"
        }
    ],
    "size": [
        2592,
        1728
    ]
}