{
    "objects": [
        {
            "data": [
                [
                    372.0,
                    543.0
                ],
                [
                    388.31907756932014,
                    537.6683813524583
                ],
                [
                    401.35561720097576,
                    526.4975673915794
                ],
                [
                    409.12492391257365,
                    511.1882132792264
                ],
                [
                    410.4441911862141,
                    494.07102939936453
                ],
                [
                    405.1125725386719,
                    477.7519518300444
                ],
                [
                    393.9417585777928,
                    464.7154121983888
                ],
                [
                    378.63240446544023,
                    456.94610548679066
                ],
                [
                    361.5152205855784,
                    455.6268382131507
                ],
                [
                    345.19614301625825,
                    460.9584568606924
                ],
                [
                    332.15960338460263,
                    472.12927082157125
                ],
                [
                    324.39029667300474,
                    487.4386249339243
                ],
                [
                    323.0710293993643,
                    504.55580881378614
                ],
                [
                    328.4026480469065,
                    520.8748863831063
                ],
                [
                    339.57346200778557,
                    533.9114260147619
                ],
                [
                    354.88281612013816,
                    541.68073272636
                ]
            ],
            "tags": [
                "mirror ball"
            ],
            "type": "region"
        }
    ],
    "size": [
        2592,
        1728
    ]
}