{
    "objects": [
        {
            "data": [
                [
                    357.0,
                    520.0
                ],
                [
                    373.1844014291214,
                    515.5774849741001
                ],
                [
                    386.4444154256357,
                    505.2981115697769
                ],
                [
                    394.7613250608997,
                    490.7268212050867
                ],
                [
                    396.8689562359177,
                    474.0819607489773
                ],
                [
                    392.4464412100183,
                    457.89755931985565
                ],
                [
                    382.16706780569484,
                    444.63754532334156
                ],
                [
                    367.5957774410049,
                    436.32063568807735
                ],
                [
                    350.95091698489523,
                    434.21300451305933
                ],
                [
                    334.7665155557738,
                    438.6355195389592
                ],
                [
                    321.5065015592595,
                    448.91489294328244
                ],
                [
                    313.1895919239955,
                    463.4861833079726
                ],
                [
                    311.0819607489775,
                    480.13104376408205
                ],
                [
                    315.50447577487694,
                    496.3154451932037
                ],
                [
                    325.7838491792004,
                    509.5754591897178
                ],
                [
                    340.35513954389035,
                    517.892368824982
                ]
            ],
            "tags": [
                "mirror ball"
            ],
            "type": "region"
        }
    ],
    "size": [
        2592,
        1728
    ]
}