{
    "objects": [
        {
            "data": [
                [
                    392.0,
                    427.0
                ],
                [
                    377.8284271247462,
                    427.0
                ],
                [
                    358.17157287525373,
                    423.0502525316941
                ],
                [
                    345.0,
                    434.0
                ],
                [
                    333.58578643762695,
                    446.8076118445749
                ],
                [
                    332.72139213105925,
                    461.7091988222396
                ],
                [
                    337.0,
                    474.0
                ],
                [
                    340.0,
                    484.0
                ],
                [
                    368.0,
                    495.0
                ],
                [
                    381.0,
                    495.0
                ],
                [
                    395.0,
                    489.0
                ],
                [
                    407.0,
                    479.0
                ],
                [
                    411.0,
                    463.0
                ],
                [
                    406.0,
                    444.0
                ]
            ],
            "tags": [
                "mirror ball"
            ],
            "type": "region"
        }
    ],
    "size": [
        2592,
        1728
    ]
}