{
    "objects": [
        {
            "data": [
                [
                    361.0,
                    525.0
                ],
                [
                    377.37850115887795,
                    520.5477411351458
                ],
                [
                    390.8064574485975,
                    510.1666092559899
                ],
                [
                    399.2395842487749,
                    495.4370375859394
                ],
                [
                    401.3940144505691,
                    478.60146988785937
                ],
                [
                    396.9417555857144,
                    462.2229687289814
                ],
                [
                    386.560623706559,
                    448.79501243926234
                ],
                [
                    371.8310520365085,
                    440.36188563908445
                ],
                [
                    355.99548433842847,
                    445.20745543729026
                ],
                [
                    336.6169831795505,
                    443.6597143021445
                ],
                [
                    325.189026889831,
                    453.04084618130037
                ],
                [
                    316.75590008965355,
                    467.7704178513509
                ],
                [
                    314.60146988785937,
                    484.6059855494309
                ],
                [
                    319.05372875271405,
                    500.98448670830885
                ],
                [
                    329.43486063186947,
                    514.4124429980279
                ],
                [
                    344.16443230192,
                    522.8455697982058
                ]
            ],
            "tags": [
                "mirror ball"
            ],
            "type": "region"
        }
    ],
    "size": [
        2592,
        1728
    ]
}