{
    "objects": [
        {
            "data": [
                [
                    359.0,
                    529.0
                ],
                [
                    375.3459636664138,
                    524.4297285608702
                ],
                [
                    388.6986977758197,
                    513.9520188390591
                ],
                [
                    397.0253696028976,
                    499.1620071590371
                ],
                [
                    399.058318843443,
                    482.3113387272981
                ],
                [
                    394.48804740431297,
                    465.96537506088475
                ],
                [
                    384.0103376825018,
                    452.6126409514784
                ],
                [
                    369.22032600247985,
                    444.2859691244005
                ],
                [
                    353.36965757074086,
                    451.25301988385536
                ],
                [
                    336.02369390432705,
                    446.82329132298514
                ],
                [
                    322.67095979492115,
                    457.3010010447963
                ],
                [
                    314.34428796784323,
                    472.09101272481826
                ],
                [
                    312.3113387272979,
                    488.94168115655725
                ],
                [
                    316.8816101664279,
                    505.2876448229706
                ],
                [
                    327.35931988823904,
                    518.640378932377
                ],
                [
                    342.14933156826146,
                    526.9670507594549
                ]
            ],
            "tags": [
                "mirror ball"
            ],
            "type": "region"
        }
    ],
    "size": [
        2592,
        1728
    ]
}