{
    "objects": [
        {
            "data": [
                [
                    363.0,
                    468.0
                ],
                [
                    342.0,
                    471.0
                ],
                [
                    329.0,
                    476.0
                ],
                [
                    319.0,
                    488.0
                ],
                [
                    317.0,
                    506.0
                ],
                [
                    320.0,
                    522.0
                ],
                [
                    330.5857864376269,
                    540.8284271247462
                ],
                [
                    344.7422074112306,
                    552.2188668141175
                ],
                [
                    359.2426406871192,
                    553.6066017177983
                ],
                [
                    372.319371877506,
                    549.3904396893714
                ],
                [
                    384.6568542494924,
                    544.0710678118654
                ],
                [
                    396.0,
                    521.0
                ],
                [
                    395.0,
                    500.0
                ],
                [
                    389.0,
                    482.0
                ]
            ],
            "tags": [
                "mirror ball"
            ],
            "type": "region"
        }
    ],
    "size": [
        2592,
        1728
    ]
}