{
    "objects": [
        {
            "data": [
                [
                    365.0,
                    535.0
                ],
                [
                    381.2410713424106,
                    530.0699380468639
                ],
                [
                    394.35921171172095,
                    519.2999657877488
                ],
                [
                    402.35730315294177,
                    504.3297138690632
                ],
                [
                    404.0177087470265,
                    487.4382674397557
                ],
                [
                    398.08764679389014,
                    471.1971960973451
                ],
                [
                    382.31767453477505,
                    461.079055728035
                ],
                [
                    368.3474226160897,
                    458.08096428681415
                ],
                [
                    353.4559761867822,
                    458.4205586927292
                ],
                [
                    340.21490484437163,
                    460.3506206458653
                ],
                [
                    327.09676447506126,
                    465.1205929049804
                ],
                [
                    319.09867303384044,
                    479.090844823666
                ],
                [
                    317.4382674397557,
                    495.9822912529735
                ],
                [
                    322.36832939289206,
                    512.2233625953841
                ],
                [
                    333.13830165200716,
                    525.3415029646942
                ],
                [
                    348.1085535706925,
                    533.339594405915
                ]
            ],
            "tags": [
                "mirror ball"
            ],
            "type": "region"
        }
    ],
    "size": [
        2592,
        1728
    ]
}