{
    "objects": [
        {
            "data": [
                [
                    365.0,
                    538.0
                ],
                [
                    381.1697391037419,
                    533.5241731389417
                ],
                [
                    394.3958053218753,
                    523.2011570502773
                ],
                [
                    402.66464996727746,
                    508.60253735513265
                ],
                [
                    404.71741639994934,
                    491.9508215652763
                ],
                [
                    400.2415895388908,
                    475.7810824615342
                ],
                [
                    389.91857345022663,
                    462.55501624340104
                ],
                [
                    375.3199537550822,
                    454.2861715979991
                ],
                [
                    358.66823796522567,
                    452.233405165327
                ],
                [
                    342.49849886148377,
                    456.7092320263853
                ],
                [
                    329.2724326433504,
                    467.0322481150497
                ],
                [
                    321.0035879979482,
                    481.6308678101941
                ],
                [
                    318.9508215652763,
                    498.28258360005066
                ],
                [
                    323.42664842633485,
                    514.4523227037928
                ],
                [
                    333.74966451499904,
                    527.678388921926
                ],
                [
                    348.34828421014345,
                    535.9472335673279
                ]
            ],
            "tags": [
                "mirror ball"
            ],
            "type": "region"
        }
    ],
    "size": [
        2592,
        1728
    ]
}