{
    "objects": [
        {
            "data": [
                [
                    375.0,
                    547.0
                ],
                [
                    391.24731652883565,
                    541.0905586037863
                ],
                [
                    403.37911784356083,
                    532.3372473257839
                ],
                [
                    408.3962062340843,
                    518.3771603290593
                ],
                [
                    409.078052668036,
                    503.48783524533746
                ],
                [
                    405.16861127182256,
                    486.2405187165018
                ],
                [
                    397.4152999938201,
                    472.1087174017764
                ],
                [
                    383.45521299709526,
                    467.09162901125296
                ],
                [
                    367.56588791337344,
                    466.4097825773015
                ],
                [
                    353.3185713845378,
                    469.31922397351514
                ],
                [
                    340.1867700698126,
                    480.0725352515176
                ],
                [
                    332.16968167928917,
                    492.032622248242
                ],
                [
                    335.48783524533746,
                    504.921947331964
                ],
                [
                    343.3972766415509,
                    515.1692638607997
                ],
                [
                    350.15058791955335,
                    534.3010651755251
                ],
                [
                    359.1106749162782,
                    544.3181535660485
                ]
            ],
            "tags": [
                "mirror ball"
            ],
            "type": "region"
        }
    ],
    "size": [
        2592,
        1728
    ]
}