{
    "objects": [
        {
            "data": [
                [
                    292.0,
                    488.0
                ],
                [
                    307.7453775926351,
                    484.2211066791681
                ],
                [
                    320.8460898155745,
                    474.7043693434741
                ],
                [
                    329.30767199112825,
                    460.89862498283856
                ],
                [
                    331.841924937502,
                    444.9056730267839
                ],
                [
                    328.0630316166703,
                    429.16029543414925
                ],
                [
                    318.5462942809763,
                    416.05958321120966
                ],
                [
                    304.7405499203405,
                    407.59800103565544
                ],
                [
                    288.7475979642859,
                    405.06374808928194
                ],
                [
                    273.00222037165076,
                    408.84264141011386
                ],
                [
                    259.9015081487114,
                    418.3593787458078
                ],
                [
                    251.43992597315764,
                    432.1651231064434
                ],
                [
                    248.90567302678392,
                    448.158075062498
                ],
                [
                    252.6845663476156,
                    463.9034526551327
                ],
                [
                    262.20130368331,
                    477.0041648780723
                ],
                [
                    276.0070480439458,
                    485.4657470536265
                ]
            ],
            "tags": [
                "mirror ball"
            ],
            "type": "region"
        }
    ],
    "size": [
        2592,
        1728
    ]
}