{
    "objects": [
        {
            "data": [
                [
                    275.0,
                    511.0
                ],
                [
                    291.175173693598,
                    507.346379222618
                ],
                [
                    304.720905464279,
                    497.78090277866954
                ],
                [
                    313.57498044232125,
                    483.7598277454854
                ],
                [
                    316.389445974708,
                    467.4177356955063
                ],
                [
                    312.73582519732554,
                    451.2425620019085
                ],
                [
                    303.17034875337686,
                    437.6968302312273
                ],
                [
                    289.1492737201929,
                    428.8427552531848
                ],
                [
                    272.80718167021405,
                    426.0282897207985
                ],
                [
                    256.632007976616,
                    429.6819104981805
                ],
                [
                    243.08627620593506,
                    439.24738694212897
                ],
                [
                    234.2322012278928,
                    453.26846197531313
                ],
                [
                    231.41773569550605,
                    469.61055402529223
                ],
                [
                    235.0713564728885,
                    485.78572771889003
                ],
                [
                    244.6368329168372,
                    499.3314594895712
                ],
                [
                    258.6579079500211,
                    508.1855344676137
                ]
            ],
            "tags": [
                "mirror ball"
            ],
            "type": "region"
        }
    ],
    "size": [
        2592,
        1728
    ]
}