{
    "objects": [
        {
            "data": [
                [
                    333.9497474683059,
                    446.9497474683058
                ],
                [
                    322.07106781186553,
                    442.22182540694797
                ],
                [
                    303.0,
                    457.0
                ],
                [
                    297.0,
                    469.0
                ],
                [
                    295.0,
                    479.0
                ],
                [
                    296.0,
                    493.0
                ],
                [
                    301.0,
                    507.0
                ],
                [
                    317.0,
                    520.0
                ],
                [
                    338.0,
                    525.0
                ],
                [
                    356.0,
                    523.0
                ],
                [
                    365.0,
                    521.0
                ],
                [
                    377.0,
                    517.0
                ],
                [
                    386.0,
                    507.0
                ],
                [
                    390.0,
                    500.0
                ],
                [
                    390.0,
                    487.0
                ],
                [
                    387.0,
                    470.0
                ],
                [
                    380.0,
                    456.0
                ],
                [
                    354.0,
                    441.0
                ]
            ],
            "tags": [
                "mirror ball"
            ],
            "type": "region"
        }
    ],
    "size": [
        2592,
        1728
    ]
}