{
    "objects": [
        {
            "data": [
                [
                    343.0,
                    563.0
                ],
                [
                    359.21916039375674,
                    559.5468818548204
                ],
                [
                    372.88225961190665,
                    550.1498127075829
                ],
                [
                    381.9092146547896,
                    536.2394111513106
                ],
                [
                    384.92575344667785,
                    519.9334097248413
                ],
                [
                    381.47263530149803,
                    503.7142493310846
                ],
                [
                    372.0755661542603,
                    490.05115011293447
                ],
                [
                    358.16516459798777,
                    481.02419507005175
                ],
                [
                    341.85916317151896,
                    478.0076562781637
                ],
                [
                    325.6400027777622,
                    481.4607744233433
                ],
                [
                    311.9769035596123,
                    490.8578435705808
                ],
                [
                    302.94994851672936,
                    504.7682451268531
                ],
                [
                    299.9334097248411,
                    521.0742465533224
                ],
                [
                    303.3865278700209,
                    537.2934069470791
                ],
                [
                    312.78359701725867,
                    550.9565061652293
                ],
                [
                    326.6939985735312,
                    559.983461208112
                ]
            ],
            "tags": [
                "mirror ball"
            ],
            "type": "region"
        }
    ],
    "size": [
        2592,
        1728
    ]
}