{
    "objects": [
        {
            "data": [
                [
                    191.0,
                    556.0
                ],
                [
                    205.46533467368135,
                    548.7232532651421
                ],
                [
                    216.04487089267423,
                    536.4647719703044
                ],
                [
                    221.127970171372,
                    521.0907987692162
                ],
                [
                    219.94077672300227,
                    504.94188171632936
                ],
                [
                    212.66402998814465,
                    490.47654704264824
                ],
                [
                    200.40554869330663,
                    479.89701082365514
                ],
                [
                    185.0315754922185,
                    474.81391154495736
                ],
                [
                    168.88265843933186,
                    476.00110499332686
                ],
                [
                    154.4173237656505,
                    483.2778517281847
                ],
                [
                    143.83778754665764,
                    495.5363330230225
                ],
                [
                    138.75468826795986,
                    510.9103062241106
                ],
                [
                    139.94188171632936,
                    527.0592232769975
                ],
                [
                    147.21862845118721,
                    541.5245579506786
                ],
                [
                    159.47710974602523,
                    552.104094169672
                ],
                [
                    174.85108294711335,
                    557.1871934483695
                ]
            ],
            "tags": [
                "mirror ball"
            ],
            "type": "region"
        }
    ],
    "size": [
        2592,
        1728
    ]
}