{
    "objects": [
        {
            "data": [
                [
                    296.5355339059327,
                    403.53553390593277
                ],
                [
                    278.0,
                    405.0
                ],
                [
                    266.0,
                    411.0
                ],
                [
                    259.0,
                    417.0
                ],
                [
                    250.0,
                    435.0
                ],
                [
                    253.0,
                    462.0
                ],
                [
                    257.0,
                    471.0
                ],
                [
                    270.0,
                    481.0
                ],
                [
                    279.0,
                    486.0
                ],
                [
                    288.0,
                    488.0
                ],
                [
                    297.0,
                    489.0
                ],
                [
                    309.0,
                    487.0
                ],
                [
                    320.0,
                    483.0
                ],
                [
                    332.0,
                    474.0
                ],
                [
                    341.0,
                    456.0
                ],
                [
                    340.0,
                    441.0
                ],
                [
                    336.0,
                    423.0
                ],
                [
                    320.0,
                    403.0
                ]
            ],
            "tags": [
                "mirror ball"
            ],
            "type": "region"
        }
    ],
    "size": [
        2592,
        1728
    ]
}