{
    "objects": [
        {
            "data": [
                [
                    280.0,
                    501.0
                ],
                [
                    295.8145532448798,
                    497.5219465315024
                ],
                [
                    309.09430186436066,
                    488.2566766019065
                ],
                [
                    317.81752451234706,
                    474.6147435681121
                ],
                [
                    320.65618961689324,
                    458.6730080700836
                ],
                [
                    317.1781361483959,
                    442.8584548252036
                ],
                [
                    307.9128662188,
                    429.57870620572317
                ],
                [
                    295.27093318500556,
                    422.85548355773676
                ],
                [
                    277.32919768697684,
                    427.01681845319035
                ],
                [
                    260.51464444209705,
                    421.49487192168795
                ],
                [
                    249.23489582261618,
                    430.76014185128383
                ],
                [
                    240.51167317462978,
                    444.40207488507826
                ],
                [
                    237.6730080700836,
                    460.34381038310676
                ],
                [
                    241.15106153858096,
                    476.1583636279868
                ],
                [
                    250.41633146817685,
                    489.4381122474672
                ],
                [
                    264.0582645019713,
                    498.1613348954536
                ]
            ],
            "tags": [
                "mirror ball"
            ],
            "type": "region"
        }
    ],
    "size": [
        2592,
        1728
    ]
}