{
    "objects": [
        {
            "data": [
                [
                    296.0,
                    439.0
                ],
                [
                    283.0,
                    437.0
                ],
                [
                    270.0,
                    440.0
                ],
                [
                    258.0,
                    443.0
                ],
                [
                    248.0,
                    451.0
                ],
                [
                    238.0,
                    468.0
                ],
                [
                    237.0,
                    481.0
                ],
                [
                    240.0,
                    497.0
                ],
                [
                    247.0,
                    509.0
                ],
                [
                    257.0,
                    519.0
                ],
                [
                    270.0,
                    524.0
                ],
                [
                    284.5857864376269,
                    525.4142135623731
                ],
                [
                    304.70710678118655,
                    523.4142135623731
                ],
                [
                    318.12132034355966,
                    518.1213203435597
                ],
                [
                    328.2426406871193,
                    505.82842712474616
                ],
                [
                    330.2426406871193,
                    488.46446609406723
                ],
                [
                    329.5355339059327,
                    476.29289321881345
                ],
                [
                    323.0,
                    462.0
                ],
                [
                    319.0,
                    455.0
                ]
            ],
            "tags": [
                "mirror ball"
            ],
            "type": "region"
        }
    ],
    "size": [
        2592,
        1728
    ]
}