{
    "objects": [
        {
            "data": [
                [
                    400.0,
                    515.0
                ],
                [
                    416.33720788147184,
                    511.1804283733861
                ],
                [
                    429.96913308130934,
                    501.3996255372531
                ],
                [
                    438.8204385615454,
                    487.14663006020373
                ],
                [
                    441.54359330009993,
                    470.5913312998928
                ],
                [
                    437.7240216734863,
                    454.25412341842093
                ],
                [
                    427.943218837353,
                    440.6221982185839
                ],
                [
                    413.6902233603032,
                    431.77089273834713
                ],
                [
                    397.1349245999927,
                    434.04773799979284
                ],
                [
                    380.79771671852086,
                    432.8673096264067
                ],
                [
                    367.16579151868336,
                    442.64811246253976
                ],
                [
                    358.3144860384473,
                    456.9011079395891
                ],
                [
                    355.5913312998928,
                    473.45640669990007
                ],
                [
                    359.4109029265064,
                    489.7936145813719
                ],
                [
                    369.1917057626397,
                    503.42553978120895
                ],
                [
                    383.4447012396895,
                    512.2768452614457
                ]
            ],
            "tags": [
                "mirror ball"
            ],
            "type": "region"
        }
    ],
    "size": [
        2592,
        1728
    ]
}