{
    "objects": [
        {
            "data": [
                [
                    308.0,
                    544.0
                ],
                [
                    323.52272774193625,
                    538.7466265362243
                ],
                [
                    335.85347920284266,
                    527.9528515844511
                ],
                [
                    343.1150092513376,
                    513.261929535274
                ],
                [
                    344.2018157634702,
                    496.9104200971408
                ],
                [
                    338.9484422996943,
                    481.38769235520454
                ],
                [
                    328.1546673479211,
                    469.05694089429767
                ],
                [
                    313.46374529874447,
                    461.79541084580364
                ],
                [
                    297.1122358606108,
                    460.7086043336708
                ],
                [
                    281.58950811867453,
                    465.9619777974465
                ],
                [
                    269.2587566577681,
                    476.7557527492197
                ],
                [
                    261.9972266092732,
                    491.44667479839677
                ],
                [
                    260.91042009714056,
                    507.79818423653
                ],
                [
                    266.1637935609165,
                    523.3209119784663
                ],
                [
                    276.9575685126897,
                    535.6516634393731
                ],
                [
                    291.6484905618663,
                    542.9131934878671
                ]
            ],
            "tags": [
                "mirror ball"
            ],
            "type": "region"
        }
    ],
    "size": [
        2592,
        1728
    ]
}