{
    "objects": [
        {
            "data": [
                [
                    269.0,
                    414.0
                ],
                [
                    256.0,
                    416.0
                ],
                [
                    242.0,
                    421.0
                ],
                [
                    233.0,
                    430.0
                ],
                [
                    228.0,
                    438.0
                ],
                [
                    225.0,
                    450.0
                ],
                [
                    228.0,
                    468.0
                ],
                [
                    234.0,
                    483.0
                ],
                [
                    245.0,
                    492.0
                ],
                [
                    260.0,
                    497.0
                ],
                [
                    274.0,
                    498.0
                ],
                [
                    288.0,
                    493.0
                ],
                [
                    300.0,
                    486.0
                ],
                [
                    311.12132034355966,
                    472.1213203435596
                ],
                [
                    315.9497474683059,
                    447.46446609406723
                ],
                [
                    307.5857864376269,
                    426.6862915010152
                ],
                [
                    290.0,
                    418.0
                ]
            ],
            "tags": [
                "mirror ball"
            ],
            "type": "region"
        }
    ],
    "size": [
        2592,
        1728
    ]
}