{
    "objects": [
        {
            "data": [
                [
                    325.0,
                    519.0
                ],
                [
                    341.0280372371758,
                    515.5860533654018
                ],
                [
                    354.52955197089204,
                    506.2983136406126
                ],
                [
                    363.4490609744762,
                    492.5507550051618
                ],
                [
                    366.428649857683,
                    476.43631863936685
                ],
                [
                    363.0147032230843,
                    460.40828140219105
                ],
                [
                    353.7269634982954,
                    446.9067666684748
                ],
                [
                    339.97940486284415,
                    437.9872576648909
                ],
                [
                    323.86496849704963,
                    435.00766878168406
                ],
                [
                    307.83693125987384,
                    438.4216154162823
                ],
                [
                    294.3354165261576,
                    447.70935514107146
                ],
                [
                    285.41590752257343,
                    461.45691377652224
                ],
                [
                    282.4363186393666,
                    477.5713501423172
                ],
                [
                    285.8502652739653,
                    493.599387379493
                ],
                [
                    295.13800499875424,
                    507.10090211320926
                ],
                [
                    308.8855636342055,
                    516.0204111167932
                ]
            ],
            "tags": [
                "mirror ball"
            ],
            "type": "region"
        }
    ],
    "size": [
        2592,
        1728
    ]
}