{
    "objects": [
        {
            "data": [
                [
                    261.0,
                    469.0
                ],
                [
                    277.03039884677855,
                    465.59715969910553
                ],
                [
                    290.53834563317287,
                    456.3187771398382
                ],
                [
                    299.4673779107975,
                    442.5774019580988
                ],
                [
                    302.4581314572629,
                    426.46503395943137
                ],
                [
                    299.05529115636864,
                    410.43463511265304
                ],
                [
                    289.7769085971013,
                    396.9266883262587
                ],
                [
                    276.0355334153619,
                    387.9976560486341
                ],
                [
                    259.92316541669425,
                    385.0069025021685
                ],
                [
                    243.8927665699157,
                    388.40974280306295
                ],
                [
                    230.38481978352138,
                    397.6881253623303
                ],
                [
                    221.45578750589675,
                    411.4295005440697
                ],
                [
                    218.46503395943137,
                    427.5418685427371
                ],
                [
                    221.8678742603256,
                    443.57226738951545
                ],
                [
                    231.14625681959296,
                    457.08021417590976
                ],
                [
                    244.8876320013328,
                    466.0092464535344
                ]
            ],
            "tags": [
                "mirror ball"
            ],
            "type": "region"
        }
    ],
    "size": [
        2592,
        1728
    ]
}