{
    "objects": [
        {
            "data": [
                [
                    188.0,
                    435.0
                ],
                [
                    171.0,
                    434.0
                ],
                [
                    159.0,
                    436.0
                ],
                [
                    146.0,
                    443.0
                ],
                [
                    136.29289321881345,
                    453.5147186257614
                ],
                [
                    133.31727983645294,
                    470.19448019647814
                ],
                [
                    136.0,
                    488.0
                ],
                [
                    141.0,
                    501.0
                ],
                [
                    156.0,
                    509.0
                ],
                [
                    171.0,
                    515.0
                ],
                [
                    184.0,
                    513.0
                ],
                [
                    199.0,
                    507.0
                ],
                [
                    209.0,
                    502.0
                ],
                [
                    213.0,
                    494.0
                ],
                [
                    219.0,
                    480.0
                ],
                [
                    219.0,
                    465.0
                ],
                [
                    211.0,
                    446.0
                ]
            ],
            "tags": [
                "mirror ball"
            ],
            "type": "region"
        }
    ],
    "size": [
        2592,
        1728
    ]
}