{
    "objects": [
        {
            "data": [
                [
                    315.0,
                    504.0
                ],
                [
                    331.0005225708446,
                    500.4593380901197
                ],
                [
                    344.42812523101475,
                    491.0650581229929
                ],
                [
                    353.2385771970221,
                    477.2473540642552
                ],
                [
                    356.0905670239872,
                    461.1098460990497
                ],
                [
                    352.5499051141069,
                    445.1093235282053
                ],
                [
                    343.1556251469801,
                    431.6817208680345
                ],
                [
                    329.3379210882422,
                    422.8712689020276
                ],
                [
                    313.2004131230369,
                    420.0192790750625
                ],
                [
                    297.1998905521923,
                    423.55994098494284
                ],
                [
                    283.7722878920222,
                    432.9542209520696
                ],
                [
                    274.9618359260148,
                    446.7719250108073
                ],
                [
                    272.1098460990497,
                    462.9094329760128
                ],
                [
                    275.65050800893005,
                    478.9099555468572
                ],
                [
                    285.0447879760568,
                    492.337558207028
                ],
                [
                    298.86249203479474,
                    501.1480101730349
                ]
            ],
            "tags": [
                "mirror ball"
            ],
            "type": "region"
        }
    ],
    "size": [
        2592,
        1728
    ]
}