{
    "objects": [
        {
            "data": [
                [
                    396.0,
                    523.0
                ],
                [
                    412.85946428786974,
                    519.7601058593928
                ],
                [
                    427.1957244623104,
                    510.31499631386396
                ],
                [
                    436.82621487028564,
                    496.1026036715889
                ],
                [
                    440.2847806477939,
                    479.28663587669394
                ],
                [
                    437.04488650718713,
                    462.42717158882397
                ],
                [
                    427.59977696165834,
                    448.0909114143833
                ],
                [
                    413.3873843193833,
                    438.46042100640807
                ],
                [
                    396.5714165244881,
                    435.0018552288998
                ],
                [
                    379.71195223661834,
                    438.24174936950703
                ],
                [
                    365.3756920621777,
                    447.6868589150358
                ],
                [
                    355.74520165420245,
                    461.8992515573109
                ],
                [
                    352.28663587669416,
                    478.71521935220585
                ],
                [
                    355.52653001730096,
                    495.5746836400758
                ],
                [
                    364.97163956282975,
                    509.9109438145165
                ],
                [
                    379.1840322051048,
                    519.5414342224917
                ]
            ],
            "tags": [
                "mirror ball"
            ],
            "type": "region"
        }
    ],
    "size": [
        2592,
        1728
    ]
}