{
    "objects": [
        {
            "data": [
                [
                    401.0,
                    370.0
                ],
                [
                    381.0,
                    382.0
                ],
                [
                    375.0,
                    391.0
                ],
                [
                    365.0,
                    413.0
                ],
                [
                    364.0,
                    435.0
                ],
                [
                    370.0,
                    451.0
                ],
                [
                    391.0,
                    467.0
                ],
                [
                    415.0,
                    449.0
                ],
                [
                    444.0,
                    458.0
                ],
                [
                    453.94974746830593,
                    461.12132034355966
                ],
                [
                    463.77817459305203,
                    452.6568542494924
                ],
                [
                    471.0208152801713,
                    435.0416305603426
                ],
                [
                    471.3143212436226,
                    411.5046173579947
                ],
                [
                    462.829039869384,
                    390.29141392239825
                ],
                [
                    446.0,
                    375.5147186257615
                ],
                [
                    422.65685424949237,
                    368.8786796564404
                ]
            ],
            "tags": [
                "mirror ball"
            ],
            "type": "region"
        }
    ],
    "size": [
        2592,
        1728
    ]
}