{
    "objects": [
        {
            "data": [
                [
                    417.0,
                    367.0
                ],
                [
                    396.0,
                    367.0
                ],
                [
                    381.0,
                    369.0
                ],
                [
                    363.0,
                    375.0
                ],
                [
                    352.0,
                    393.0
                ],
                [
                    350.0,
                    405.0
                ],
                [
                    356.0,
                    421.0
                ],
                [
                    363.0,
                    432.0
                ],
                [
                    378.0,
                    443.0
                ],
                [
                    399.0,
                    446.0
                ],
                [
                    418.0,
                    445.0
                ],
                [
                    434.0,
                    441.0
                ],
                [
                    446.4142135623731,
                    430.4142135623731
                ],
                [
                    456.12132034355966,
                    418.70710678118655
                ],
                [
                    457.24264068711926,
                    401.9497474683058
                ],
                [
                    454.2426406871192,
                    383.87867965644034
                ],
                [
                    443.0,
                    376.0
                ]
            ],
            "tags": [
                "mirror ball"
            ],
            "type": "region"
        }
    ],
    "size": [
        2592,
        1728
    ]
}