{
    "objects": [
        {
            "data": [
                [
                    366.0,
                    310.0
                ],
                [
                    350.0,
                    311.0
                ],
                [
                    330.0,
                    318.0
                ],
                [
                    315.0,
                    328.0
                ],
                [
                    307.0,
                    344.0
                ],
                [
                    304.0,
                    357.0
                ],
                [
                    307.0,
                    372.0
                ],
                [
                    312.0,
                    387.0
                ],
                [
                    321.0,
                    405.0
                ],
                [
                    359.0,
                    385.0
                ],
                [
                    382.0,
                    397.0
                ],
                [
                    391.0,
                    389.0
                ],
                [
                    398.5355339059327,
                    371.53553390593277
                ],
                [
                    400.5355339059327,
                    355.0
                ],
                [
                    400.0,
                    340.0
                ],
                [
                    396.0,
                    327.0
                ],
                [
                    383.0,
                    317.0
                ]
            ],
            "tags": [
                "mirror ball"
            ],
            "type": "region"
        }
    ],
    "size": [
        2592,
        1728
    ]
}