{
    "objects": [
        {
            "data": [
                [
                    377.0,
                    321.0
                ],
                [
                    365.0,
                    321.0
                ],
                [
                    349.0,
                    327.0
                ],
                [
                    334.0,
                    339.0
                ],
                [
                    321.0,
                    358.0
                ],
                [
                    322.0,
                    380.0
                ],
                [
                    324.0,
                    396.0
                ],
                [
                    334.0,
                    415.0
                ],
                [
                    339.0,
                    421.0
                ],
                [
                    375.0,
                    403.0
                ],
                [
                    410.0,
                    420.0
                ],
                [
                    418.0,
                    410.0
                ],
                [
                    428.6568542494924,
                    395.24264068711926
                ],
                [
                    433.77817459305203,
                    381.0710678118655
                ],
                [
                    432.14213562373095,
                    357.70710678118655
                ],
                [
                    419.7781745930521,
                    338.75735931288074
                ],
                [
                    405.0,
                    332.0
                ]
            ],
            "tags": [
                "mirror ball"
            ],
            "type": "region"
        }
    ],
    "size": [
        2592,
        1728
    ]
}