{
    "objects": [
        {
            "data": [
                [
                    434.0,
                    385.0
                ],
                [
                    420.0,
                    386.0
                ],
                [
                    404.0,
                    386.0
                ],
                [
                    385.0,
                    395.0
                ],
                [
                    370.29289321881345,
                    406.8076118445749
                ],
                [
                    366.1715728752538,
                    424.8076118445749
                ],
                [
                    368.9289321881346,
                    442.6152236891498
                ],
                [
                    382.10050506338825,
                    468.0502525316941
                ],
                [
                    421.0,
                    456.0
                ],
                [
                    445.7573593128806,
                    470.6360389693211
                ],
                [
                    464.0,
                    467.0
                ],
                [
                    472.0,
                    445.0
                ],
                [
                    470.0,
                    421.0
                ],
                [
                    461.0,
                    402.0
                ]
            ],
            "tags": [
                "mirror ball"
            ],
            "type": "region"
        }
    ],
    "size": [
        2592,
        1728
    ]
}