{
    "objects": [
        {
            "data": [
                [
                    425.0,
                    336.0
                ],
                [
                    407.0,
                    338.0
                ],
                [
                    385.0,
                    344.0
                ],
                [
                    365.1715728752538,
                    359.1715728752538
                ],
                [
                    358.1715728752538,
                    381.1715728752538
                ],
                [
                    366.0,
                    401.0
                ],
                [
                    378.0,
                    423.0
                ],
                [
                    405.0,
                    412.0
                ],
                [
                    420.0,
                    419.0
                ],
                [
                    437.0,
                    426.0
                ],
                [
                    452.0,
                    401.0
                ],
                [
                    461.0,
                    381.0
                ],
                [
                    459.0,
                    365.0
                ],
                [
                    452.0,
                    346.0
                ],
                [
                    440.0,
                    338.0
                ]
            ],
            "tags": [
                "mirror ball"
            ],
            "type": "region"
        }
    ],
    "size": [
        2592,
        1728
    ]
}