{
    "objects": [
        {
            "data": [
                [
                    402.46446609406723,
                    360.4142135623731
                ],
                [
                    383.0,
                    361.0
                ],
                [
                    365.0,
                    371.0
                ],
                [
                    355.0,
                    385.0
                ],
                [
                    351.0,
                    411.0
                ],
                [
                    362.1213203435596,
                    432.1715728752538
                ],
                [
                    378.12132034355966,
                    438.6862915010152
                ],
                [
                    406.0,
                    435.0
                ],
                [
                    422.4644660940673,
                    438.1715728752538
                ],
                [
                    435.7573593128807,
                    435.68629150101526
                ],
                [
                    451.0,
                    420.0
                ],
                [
                    460.8994949366117,
                    392.92893218813447
                ],
                [
                    453.77817459305203,
                    373.56497115745555
                ],
                [
                    439.53553390593265,
                    367.1715728752538
                ],
                [
                    428.99999999999994,
                    362.46446609406723
                ]
            ],
            "tags": [
                "mirror ball"
            ],
            "type": "region"
        }
    ],
    "size": [
        2592,
        1728
    ]
}