{
    "objects": [
        {
            "data": [
                [
                    408.0,
                    350.0
                ],
                [
                    376.0,
                    354.0
                ],
                [
                    363.0,
                    366.0
                ],
                [
                    357.0,
                    379.0
                ],
                [
                    354.0,
                    397.0
                ],
                [
                    357.0,
                    411.0
                ],
                [
                    364.0,
                    428.0
                ],
                [
                    376.0,
                    446.0
                ],
                [
                    396.0,
                    432.0
                ],
                [
                    428.0,
                    446.0
                ],
                [
                    439.0,
                    438.0
                ],
                [
                    452.53553390593277,
                    424.0
                ],
                [
                    460.24264068711926,
                    406.0
                ],
                [
                    460.65685424949237,
                    382.9497474683059
                ],
                [
                    451.4142135623731,
                    365.1715728752538
                ],
                [
                    433.0,
                    356.0
                ]
            ],
            "tags": [
                "mirror ball"
            ],
            "type": "region"
        }
    ],
    "size": [
        2592,
        1728
    ]
}