{
    "objects": [
        {
            "data": [
                [
                    382.0,
                    327.0
                ],
                [
                    359.0,
                    338.0
                ],
                [
                    345.87867965644034,
                    354.70710678118655
                ],
                [
                    341.91378028648444,
                    368.3711037056153
                ],
                [
                    343.1715728752539,
                    382.41421356237305
                ],
                [
                    356.0,
                    403.0
                ],
                [
                    369.9497474683059,
                    406.7573593128807
                ],
                [
                    393.0,
                    401.0
                ],
                [
                    414.7071067811865,
                    407.75735931288074
                ],
                [
                    426.0,
                    402.0
                ],
                [
                    436.6568542494923,
                    387.82842712474616
                ],
                [
                    442.19238815542514,
                    369.4142135623731
                ],
                [
                    438.1923881554251,
                    350.29289321881345
                ],
                [
                    421.12132034355966,
                    336.70710678118655
                ],
                [
                    408.0,
                    328.0
                ]
            ],
            "tags": [
                "mirror ball"
            ],
            "type": "region"
        }
    ],
    "size": [
        2592,
        1728
    ]
}