{
    "objects": [
        {
            "data": [
                [
                    436.0,
                    331.0
                ],
                [
                    419.0,
                    330.0
                ],
                [
                    401.0,
                    334.0
                ],
                [
                    381.87867965644034,
                    351.1715728752538
                ],
                [
                    375.0,
                    374.0
                ],
                [
                    377.0,
                    396.0
                ],
                [
                    384.0,
                    419.0
                ],
                [
                    391.0,
                    429.0
                ],
                [
                    420.0,
                    410.0
                ],
                [
                    446.0,
                    430.0
                ],
                [
                    461.0,
                    421.0
                ],
                [
                    469.0,
                    414.0
                ],
                [
                    474.0,
                    396.0
                ],
                [
                    477.0,
                    387.0
                ],
                [
                    477.0,
                    373.0
                ],
                [
                    472.0,
                    358.0
                ],
                [
                    467.0,
                    343.0
                ]
            ],
            "tags": [
                "mirror ball"
            ],
            "type": "region"
        }
    ],
    "size": [
        2592,
        1728
    ]
}