{
    "objects": [
        {
            "data": [
                [
                    394.0,
                    328.0
                ],
                [
                    371.0,
                    328.5857864376269
                ],
                [
                    347.29289321881345,
                    330.85786437626905
                ],
                [
                    334.29289321881345,
                    345.2010101267767
                ],
                [
                    329.1858582251265,
                    357.0573952066306
                ],
                [
                    328.47875144394004,
                    376.8563850798539
                ],
                [
                    335.0,
                    397.0
                ],
                [
                    340.3431457505076,
                    414.46446609406723
                ],
                [
                    356.70710678118655,
                    419.7573593128807
                ],
                [
                    387.0,
                    397.0
                ],
                [
                    411.7573593128807,
                    414.2218254069479
                ],
                [
                    426.0,
                    412.0
                ],
                [
                    433.0,
                    405.0
                ],
                [
                    438.0,
                    393.0
                ],
                [
                    439.0,
                    375.0
                ],
                [
                    435.0,
                    359.0
                ],
                [
                    429.0,
                    348.0
                ]
            ],
            "tags": [
                "mirror ball"
            ],
            "type": "region"
        }
    ],
    "size": [
        2592,
        1728
    ]
}