{
    "objects": [
        {
            "data": [
                [
                    421.0,
                    331.0
                ],
                [
                    404.0,
                    328.0
                ],
                [
                    387.0,
                    330.0
                ],
                [
                    365.0,
                    337.0
                ],
                [
                    356.0,
                    354.0
                ],
                [
                    355.0,
                    376.0
                ],
                [
                    359.0,
                    395.0
                ],
                [
                    369.0,
                    410.0
                ],
                [
                    396.0,
                    402.0
                ],
                [
                    422.0,
                    413.0
                ],
                [
                    430.0,
                    415.0
                ],
                [
                    442.0,
                    410.0
                ],
                [
                    449.82842712474616,
                    401.12132034355966
                ],
                [
                    453.24264068711926,
                    383.5355339059327
                ],
                [
                    452.5355339059327,
                    367.4142135623731
                ],
                [
                    440.0,
                    343.0
                ]
            ],
            "tags": [
                "mirror ball"
            ],
            "type": "region"
        }
    ],
    "size": [
        2592,
        1728
    ]
}