{
    "objects": [
        {
            "data": [
                [
                    415.0,
                    351.0
                ],
                [
                    399.0,
                    349.0
                ],
                [
                    388.0,
                    352.0
                ],
                [
                    374.0,
                    361.0
                ],
                [
                    364.0,
                    372.0
                ],
                [
                    361.0,
                    393.0
                ],
                [
                    372.0,
                    422.0
                ],
                [
                    388.0,
                    434.0
                ],
                [
                    402.0,
                    437.0
                ],
                [
                    415.0,
                    435.0
                ],
                [
                    425.0,
                    430.0
                ],
                [
                    439.0,
                    422.0
                ],
                [
                    447.24264068711926,
                    412.53553390593277
                ],
                [
                    449.2426406871194,
                    396.12132034355966
                ],
                [
                    445.0,
                    380.0
                ],
                [
                    440.0,
                    368.0
                ],
                [
                    433.0,
                    359.0
                ]
            ],
            "tags": [
                "mirror ball"
            ],
            "type": "region"
        }
    ],
    "size": [
        2592,
        1728
    ]
}