{
    "objects": [
        {
            "data": [
                [
                    420.0,
                    375.0
                ],
                [
                    402.0,
                    365.0
                ],
                [
                    388.0,
                    360.0
                ],
                [
                    373.0,
                    361.0
                ],
                [
                    361.0,
                    368.0
                ],
                [
                    345.0,
                    380.0
                ],
                [
                    334.1715728752538,
                    393.17157287525384
                ],
                [
                    331.0502525316941,
                    410.70710678118655
                ],
                [
                    335.0,
                    422.0
                ],
                [
                    340.0,
                    436.0
                ],
                [
                    353.0,
                    452.0
                ],
                [
                    381.0,
                    433.0
                ],
                [
                    411.0,
                    450.0
                ],
                [
                    422.0,
                    436.0
                ],
                [
                    428.0,
                    426.0
                ],
                [
                    431.0,
                    409.0
                ],
                [
                    430.0,
                    392.0
                ]
            ],
            "tags": [
                "mirror ball"
            ],
            "type": "region"
        }
    ],
    "size": [
        2592,
        1728
    ]
}