{
    "objects": [
        {
            "data": [
                [
                    376.1715728752538,
                    368.5857864376269
                ],
                [
                    364.87867965644045,
                    374.2928932188135
                ],
                [
                    354.1715728752538,
                    385.17157287525384
                ],
                [
                    347.0502525316941,
                    399.1715728752538
                ],
                [
                    345.46446609406735,
                    419.0
                ],
                [
                    349.0,
                    435.0
                ],
                [
                    355.0,
                    446.0
                ],
                [
                    371.12132034355955,
                    455.46446609406723
                ],
                [
                    402.0,
                    443.0
                ],
                [
                    430.4644660940673,
                    452.7573593128807
                ],
                [
                    443.0,
                    449.0
                ],
                [
                    456.24264068711926,
                    435.87867965644034
                ],
                [
                    461.363961030679,
                    414.87867965644034
                ],
                [
                    455.4142135623731,
                    393.75735931288074
                ],
                [
                    443.0,
                    378.0
                ],
                [
                    422.0,
                    365.0
                ],
                [
                    390.0,
                    364.0
                ]
            ],
            "tags": [
                "mirror ball"
            ],
            "type": "region"
        }
    ],
    "size": [
        2592,
        1728
    ]
}