{
    "objects": [
        {
            "data": [
                [
                    479.0,
                    362.0
                ],
                [
                    458.0,
                    361.0
                ],
                [
                    432.0,
                    371.0
                ],
                [
                    420.0,
                    386.0
                ],
                [
                    415.0,
                    403.0
                ],
                [
                    417.0,
                    421.0
                ],
                [
                    425.0,
                    441.0
                ],
                [
                    431.0,
                    447.0
                ],
                [
                    464.0,
                    430.0
                ],
                [
                    501.0,
                    452.0
                ],
                [
                    509.0,
                    445.0
                ],
                [
                    517.0,
                    432.0
                ],
                [
                    520.0,
                    421.0
                ],
                [
                    520.0,
                    407.0
                ],
                [
                    518.0,
                    396.0
                ],
                [
                    513.8786796564405,
                    378.29289321881345
                ],
                [
                    507.0,
                    370.0
                ]
            ],
            "tags": [
                "mirror ball"
            ],
            "type": "region"
        }
    ],
    "size": [
        2592,
        1728
    ]
}