{
    "objects": [
        {
            "data": [
                [
                    409.0,
                    326.0
                ],
                [
                    393.0,
                    327.0
                ],
                [
                    364.0,
                    340.0
                ],
                [
                    353.0,
                    353.0
                ],
                [
                    343.92893218813447,
                    366.0
                ],
                [
                    345.0502525316942,
                    378.7071067811865
                ],
                [
                    349.1715728752538,
                    397.0
                ],
                [
                    361.7573593128807,
                    415.4644660940673
                ],
                [
                    375.0,
                    424.0
                ],
                [
                    410.0,
                    409.0
                ],
                [
                    444.0,
                    426.0
                ],
                [
                    458.0,
                    411.0
                ],
                [
                    461.0,
                    397.0
                ],
                [
                    460.0,
                    376.0
                ],
                [
                    456.0,
                    357.0
                ],
                [
                    446.0,
                    344.0
                ],
                [
                    438.0,
                    334.0
                ]
            ],
            "tags": [
                "mirror ball"
            ],
            "type": "region"
        }
    ],
    "size": [
        2592,
        1728
    ]
}