{
    "objects": [
        {
            "data": [
                [
                    387.87572106361006,
                    428.47518010647184
                ],
                [
                    400.6036431249679,
                    422.111219075793
                ],
                [
                    409.79603128039304,
                    414.3330444827409
                ],
                [
                    418.28131265463156,
                    398.77669529663683
                ],
                [
                    422.5239533417509,
                    387.4629867976521
                ],
                [
                    422.5239533417509,
                    371.90663761154804
                ],
                [
                    414.74577874869885,
                    359.1787155501902
                ],
                [
                    406.2604973744603,
                    349.9863273947651
                ],
                [
                    387.87572106361006,
                    343.62236636408613
                ],
                [
                    370.9051583151329,
                    345.7436867076458
                ],
                [
                    351.1061684419096,
                    352.81475451951127
                ],
                [
                    340.4995667241114,
                    359.1787155501902
                ],
                [
                    329.89296500631315,
                    378.270598642227
                ],
                [
                    325.6503243191939,
                    397.3624817342638
                ],
                [
                    327.7716446627535,
                    410.0904037956216
                ],
                [
                    341.2066735052979,
                    424.2325394193526
                ],
                [
                    351.1061684419096,
                    431.30360723121805
                ],
                [
                    370.19805153394634,
                    431.30360723121805
                ]
            ],
            "tags": [
                "mirror ball"
            ],
            "type": "region"
        }
    ],
    "size": [
        2592,
        1728
    ]
}